experiment,workload,seed,method,budget,search_cost_units,search_cost_modeled_s,search_evaluations,unique_candidates,fidelity_counts,search_wall_s,peak_rss_mb,cfg_p,cfg_opt_iters,cfg_warm_start,cfg_shots,cfg_mitigation,cfg_compile_level,cfg_placement,quality_loss,delay_s,deadline_miss,infeasible,energy_j,money,cost_scalar,realized_fail,utility,utility_p10,utility_cvar10,utility_min,service_violation,cfg_n_qubits,cfg_layers,cfg_reupload,cfg_train_iters,cfg_lr
clearaccept_confirmatory,qaoa,100,exhaustive_f0,30.0,109.1999999999978,4.92281210573386,4872,1620,"{""0"": 4860, ""2"": 12}",1.0504110000329092,168.625,2.0,20.0,0.0,128,1,1,classical,0.023639989815488822,0.00512130738934502,0.0,0.5,0.04097045911476016,0.0,0.0053671301440335805,0.0,-2.524241098643093,-5.073665382884616,-5.0782278602731274,-5.091725009463668,0.5,,,,,
clearaccept_confirmatory,qaoa,100,device_aware_fallback,30.0,50.0,154.59671891514722,50,22,"{""2"": 50}",4.972677499987185,169.25,2.0,40.0,1.0,2048,1,2,remote_sim,0.0014354208131869234,0.258589198593224,0.025,0.05,1.262288,5.049152000000001e-08,0.26616545116922397,0.0,-0.3270188460271318,-0.04057310355780664,-3.042003367752559,-5.0649620877779915,0.075,,,,,
clearaccept_confirmatory,qaoa,100,capo_joint_only_espend,30.0,42.0,461.0072034666076,42,14,"{""2"": 42}",0.12761783401947469,169.25,2.0,40.0,1.0,2048,0,1,remote_sim,0.0014354208131869234,0.108589198593224,0.0,0.05,1.262288,5.049152000000001e-08,0.11616545116922398,0.0,-0.26657061759936873,-0.022045749428750313,-2.5342816399057067,-5.050646336205614,0.05,,,,,
clearaccept_confirmatory,qaoa,101,exhaustive_f0,30.0,109.1999999999978,4.920580295268404,4872,1620,"{""0"": 4860, ""2"": 12}",1.0149334579473361,169.25,3.0,20.0,1.0,512,1,2,classical,0.041964086260090995,0.004909906900138594,0.0,0.0,0.039279255201108754,0.0,0.005145582431345247,0.0,-0.042517121287440875,-0.18318829687729138,-0.2769418350834526,-0.42103451207122256,0.0,,,,,
clearaccept_confirmatory,qaoa,101,device_aware_fallback,30.0,50.0,159.94515527562007,50,22,"{""2"": 50}",0.28090308397077024,169.265625,1.0,40.0,0.0,512,0,2,classical,0.041964086260090995,0.004887228991719894,0.0,0.0,0.03909783193375915,0.0,0.005121815983322449,0.0,-0.04251436647015886,-0.18319311702621177,-0.27694916269279646,-0.4210488914239164,0.0,,,,,
clearaccept_confirmatory,qaoa,101,capo_joint_only_espend,30.0,42.0,508.7559800374687,42,14,"{""2"": 42}",0.45474245806690305,169.28125,3.0,80.0,1.0,128,0,1,classical,0.041964086260090995,0.004886130496743135,0.0,0.0,0.03908904397394508,0.0,0.005120664760586806,0.0,-0.04251445310879172,-0.18318952587627496,-0.27694443576572836,-0.4209998589565792,0.0,,,,,
clearaccept_confirmatory,qaoa,102,exhaustive_f0,30.0,109.1999999999978,4.922343323468188,4872,1620,"{""0"": 4860, ""2"": 12}",1.030971458996646,169.296875,2.0,80.0,0.0,128,1,2,classical,0.023323747159642645,0.004902338667307049,0.0,0.075,0.03921870933845639,0.0,0.005137650923337787,0.0,-0.3988799181399787,-0.1224908748741001,-3.844080925448888,-5.213434551022295,0.075,,,,,
clearaccept_confirmatory,qaoa,102,device_aware_fallback,30.0,50.0,579.4855236699431,50,23,"{""2"": 50}",0.48196687491144985,169.296875,2.0,40.0,0.0,128,0,1,classical,0.023323747159642645,0.0049646461848169565,0.0,0.075,0.03971716947853565,0.0,0.00520294920168817,0.0,-0.3988874865531858,-0.12248907918296836,-3.844070127884699,-5.213461827804961,0.075,,,,,
clearaccept_confirmatory,qaoa,102,capo_joint_only_espend,30.0,42.0,656.6678729709712,42,14,"{""2"": 42}",0.2100793330464512,169.296875,1.0,80.0,1.0,128,1,2,classical,0.023323747159642645,0.004975254661985673,0.0,0.075,0.039802037295885384,0.0,0.005214066885760985,0.0,-0.3988874668086174,-0.1224986454128749,-3.8440767794285238,-5.2134628269091845,0.075,,,,,
clearaccept_confirmatory,qaoa,103,exhaustive_f0,30.0,109.1999999999978,4.920318950260948,4872,1620,"{""0"": 4860, ""2"": 12}",1.018304375000298,169.296875,2.0,40.0,0.0,512,0,0,classical,0.04434033708672068,0.004856260769884102,0.0,0.0,0.038850086159072816,0.0,0.00508936128683854,0.0,-0.04488956365070287,-0.08573704285653391,-0.28757037416631115,-0.40532162760534507,0.0,,,,,
clearaccept_confirmatory,qaoa,103,device_aware_fallback,30.0,50.0,720.9068024833628,50,23,"{""2"": 50}",0.8820069580106065,169.296875,2.0,80.0,0.0,128,0,1,classical,0.04434033708672068,0.004861822773818858,0.0,0.0,0.038894582190550864,0.0,0.005095190266962163,0.0,-0.04489084190114989,-0.08573183073588037,-0.287567408549676,-0.4053112438510027,0.0,,,,,
clearaccept_confirmatory,qaoa,103,capo_joint_only_espend,30.0,42.0,274.39130933047664,42,14,"{""2"": 42}",0.2746889579575509,169.3125,1.0,80.0,0.0,2048,0,2,classical,0.04434033708672068,0.004864192262175493,0.0,0.0,0.038913538097403944,0.0,0.005097673490759917,0.0,-0.04489120978164574,-0.08572240922766457,-0.28756829477444096,-0.4052973226632238,0.0,,,,,
clearaccept_confirmatory,qaoa,104,exhaustive_f0,30.0,109.1999999999978,4.921145549169699,4872,1620,"{""0"": 4860, ""2"": 12}",0.9992732090177014,169.328125,3.0,20.0,1.0,2048,1,0,classical,0.15790907738553153,0.0048411411116831005,0.0,0.0,0.038729128893464804,0.0,0.005073515885043889,0.0,-0.1584538667201554,-0.5040441470137392,-0.5532388773014335,-0.6349326627896783,0.0,,,,,
clearaccept_confirmatory,qaoa,104,device_aware_fallback,30.0,50.0,464.16546164963955,50,17,"{""2"": 50}",0.4506837499793619,169.359375,2.0,80.0,0.0,128,0,1,classical,0.15790907738553153,0.004854885642998852,0.0,0.0,0.038839085143990815,0.0,0.005087920153862797,0.0,-0.15845517443430074,-0.5040574641448312,-0.5532389249062288,-0.6349481267036591,0.0,,,,,
clearaccept_confirmatory,qaoa,104,capo_joint_only_espend,30.0,42.0,184.23134924715006,42,14,"{""2"": 42}",0.3708892499562353,169.375,2.0,80.0,1.0,2048,1,0,remote_sim,0.0,0.04730435580203944,0.0,0.0,1.262288,5.049152000000001e-08,0.05488060837803945,0.0,-0.010531174007108537,-0.012961963801432884,-0.014077043986551538,-0.014761996090257423,0.0,,,,,
clearaccept_confirmatory,qaoa,105,exhaustive_f0,30.0,109.1999999999978,4.920908884201156,4872,1620,"{""0"": 4860, ""2"": 12}",1.0140541249420494,169.390625,3.0,80.0,1.0,512,0,2,classical,0.022613209622772322,0.004842083450057544,0.0,0.0,0.03873666760046035,0.0,0.0050745034556603065,0.0,-0.02320031791029156,-0.07538446431090359,-0.08908975937231937,-0.12925747519287137,0.0,,,,,
clearaccept_confirmatory,qaoa,105,device_aware_fallback,30.0,50.0,205.24336998199274,50,21,"{""2"": 50}",0.3377335839904845,169.390625,1.0,40.0,0.0,2048,1,1,classical,0.022613209622772322,0.004903317691059783,0.0,0.0,0.039226541528478265,0.0,0.005138676940230653,0.0,-0.023208931579345983,-0.07538676846488795,-0.08911180143004366,-0.12930745268118182,0.0,,,,,
clearaccept_confirmatory,qaoa,105,capo_joint_only_espend,30.0,42.0,830.8091405950721,42,14,"{""2"": 42}",0.3775912090204656,169.390625,3.0,80.0,1.0,512,1,0,classical,0.022613209622772322,0.004915624886052683,0.0,0.0,0.039324999088421464,0.0,0.005151574880583212,0.0,-0.023210718300787633,-0.0753912887553057,-0.0891000735136854,-0.12929697303743723,0.0,,,,,
clearaccept_confirmatory,qaoa,106,exhaustive_f0,30.0,109.1999999999978,4.920493405768606,4872,1620,"{""0"": 4860, ""2"": 12}",1.0016324159223586,169.40625,3.0,20.0,1.0,2048,0,2,classical,0.07768008840982257,0.004853823309531435,0.0,0.0,0.03883058647625148,0.0,0.005086806828388944,0.0,-0.07822954291537491,-0.17301091543863123,-0.23649226245764726,-0.2889418931317276,0.0,,,,,
clearaccept_confirmatory,qaoa,106,device_aware_fallback,30.0,50.0,181.92796229856174,50,22,"{""2"": 50}",0.1423618340631947,169.40625,1.0,20.0,1.0,512,0,0,local_sim,0.059197148378782684,0.108304,0.0,0.0,0.866432,0.0,0.11350259199999999,0.0,-0.07143076551173352,-0.17942064976260658,-0.20620058509038502,-0.22755758409632537,0.0,,,,,
clearaccept_confirmatory,qaoa,106,capo_joint_only_espend,30.0,42.0,209.6866103232304,42,14,"{""2"": 42}",0.37178491696249694,169.421875,1.0,40.0,1.0,2048,0,0,local_sim,0.0027508381952149876,0.108304,0.0,0.0,0.866432,0.0,0.11350259199999999,0.0,-0.014984455328165844,-0.01705531423235985,-0.0453363776239974,-0.1275107672199556,0.0,,,,,
clearaccept_confirmatory,qaoa,107,exhaustive_f0,30.0,109.1999999999978,4.922481544618452,4872,1620,"{""0"": 4860, ""2"": 12}",1.0193845829926431,169.421875,1.0,80.0,1.0,128,0,0,classical,0.01110618036497837,0.005092343155411072,0.0,0.0,0.04073874524328858,0.0,0.005336775626870803,0.0,-0.01162780566123162,-0.042375530740998674,-0.04483627274410698,-0.044978688145345905,0.0,,,,,
clearaccept_confirmatory,qaoa,107,device_aware_fallback,30.0,50.0,138.2010446831571,50,22,"{""2"": 50}",0.14027358300518245,169.421875,2.0,20.0,1.0,512,0,0,remote_sim,0.002547594995312195,0.06674162555833618,0.0,0.0,1.262288,5.049152000000001e-08,0.07431787813433618,0.025,-0.015099684972662869,-0.01591028811320263,-0.05289203772581566,-0.15999078667320135,0.025,,,,,
clearaccept_confirmatory,qaoa,107,capo_joint_only_espend,30.0,42.0,473.5802215432783,42,14,"{""2"": 42}",0.4776725829578936,169.421875,1.0,20.0,1.0,512,1,2,classical,0.01110618036497837,0.004905567649984732,0.0,0.0,0.03924454119987786,0.0,0.005141034897183999,0.0,-0.011612084208911865,-0.042373686044852234,-0.04481386360449301,-0.04497034226733237,0.0,,,,,
clearaccept_confirmatory,qaoa,108,exhaustive_f0,30.0,109.1999999999978,4.923404011856722,4872,1620,"{""0"": 4860, ""2"": 12}",1.025049125077203,169.421875,1.0,40.0,0.0,512,1,2,classical,0.0801025644859711,0.004983224367606454,0.0,0.05,0.03986579494085163,0.0,0.005222419137251563,0.0,-0.3306340583368028,-0.22988082096868245,-2.852128323270269,-5.54108549064148,0.05,,,,,
clearaccept_confirmatory,qaoa,108,device_aware_fallback,30.0,50.0,153.2048815650391,50,21,"{""2"": 50}",0.12452475004829466,169.421875,1.0,80.0,1.0,512,0,1,classical,0.0801025644859711,0.005065839446615428,0.0,0.05,0.04052671557292342,0.0,0.005308999740052968,0.0,-0.33064422022823275,-0.22988625748948804,-2.852128039047998,-5.541106382127813,0.05,,,,,
clearaccept_confirmatory,qaoa,108,capo_joint_only_espend,30.0,42.0,170.82724054035086,42,14,"{""2"": 42}",0.2028579160105437,169.4375,3.0,20.0,0.0,128,0,0,classical,0.0801025644859711,0.004986947533325292,0.0,0.05,0.03989558026660234,0.0,0.005226321014924906,0.0,-0.3306343231480114,-0.22988489445528165,-2.852126831609892,-5.541091502148713,0.05,,,,,
clearaccept_confirmatory,qaoa,109,exhaustive_f0,30.0,109.1999999999978,4.921075685224452,4872,1620,"{""0"": 4860, ""2"": 12}",0.9987661249469966,169.453125,2.0,80.0,1.0,512,0,0,classical,0.0670304754899911,0.0053290942014427856,0.0,0.0,0.042632753611542284,0.0,0.005584890723112039,0.0,-0.0675752479648198,-0.1981505287703351,-0.2777156063032187,-0.43246818163040646,0.0,,,,,
clearaccept_confirmatory,qaoa,109,device_aware_fallback,30.0,50.0,525.7856190332384,50,20,"{""2"": 50}",0.2878898340277374,169.453125,2.0,20.0,0.0,512,0,0,classical,0.0670304754899911,0.004913744633086026,0.0,0.0,0.039309957064688206,0.0,0.005149604375474156,0.0,-0.06753575066405539,-0.19770285563262005,-0.277565757675542,-0.43249354436133924,0.0,,,,,
clearaccept_confirmatory,qaoa,109,capo_joint_only_espend,30.0,42.0,390.6274403348498,42,14,"{""2"": 42}",0.2671256249304861,169.453125,1.0,40.0,1.0,512,1,0,classical,0.0670304754899911,0.004974442897946574,0.0,0.0,0.03979554318357259,0.0,0.005213216157048009,0.0,-0.06753984733429375,-0.19770459376605973,-0.2775656556455267,-0.43248046670458434,0.0,,,,,
clearaccept_confirmatory,qaoa,110,exhaustive_f0,30.0,109.1999999999978,4.922223689514171,4872,1620,"{""0"": 4860, ""2"": 12}",1.024247583001852,169.453125,2.0,40.0,0.0,128,0,1,classical,0.026922662139781776,0.005087390512926504,0.0,0.15,0.04069912410341203,0.0,0.005331585257546977,0.0,-0.7775350223420661,-5.00714675486313,-5.206084070565192,-5.535172986698899,0.15,,,,,
clearaccept_confirmatory,qaoa,110,device_aware_fallback,30.0,50.0,603.2766483418268,50,21,"{""2"": 50}",0.8592102919938043,169.453125,3.0,80.0,0.0,128,1,0,classical,0.026922662139781776,0.00507359390030615,0.0,0.15,0.0405887512024492,0.0,0.005317126407520845,0.0,-0.7775323344366394,-5.007125107602709,-5.2060700777288575,-5.535166688310049,0.15,,,,,
clearaccept_confirmatory,qaoa,110,capo_joint_only_espend,30.0,42.0,410.9112123688402,42,14,"{""2"": 42}",0.24570895894430578,169.453125,2.0,40.0,1.0,128,0,1,remote_sim,0.05992294011008722,0.09399296820293394,0.0,0.425,1.262288,5.049152000000001e-08,0.10156922077893393,0.0,-2.19922247238432,-5.235492412888298,-5.3795890458584275,-5.590206105809594,0.425,,,,,
clearaccept_confirmatory,qaoa,111,exhaustive_f0,30.0,109.1999999999978,4.922825419949326,4872,1620,"{""0"": 4860, ""2"": 12}",1.042636499973014,169.46875,3.0,40.0,1.0,512,1,1,classical,0.16646744597717403,0.005002609264920466,0.0,0.35,0.040020874119363725,0.0,0.005242734509636649,0.0,-1.9170152225023078,-5.37016646838636,-5.5881264450065,-5.594111448127161,0.35,,,,,
clearaccept_confirmatory,qaoa,111,device_aware_fallback,30.0,50.0,163.90060053627312,50,20,"{""2"": 50}",0.19429437501821667,169.484375,1.0,20.0,0.0,2048,0,2,local_sim,0.0,2.16608,0.7,0.0,17.32864,0.0,2.27005184,0.0,-1.6375202945479685,-2.3384365171951917,-2.3472448022461543,-2.355746245633761,0.7,,,,,
clearaccept_confirmatory,qaoa,111,capo_joint_only_espend,30.0,42.0,130.9213057714228,42,14,"{""2"": 42}",0.13128862506709993,169.484375,2.0,80.0,1.0,512,0,2,remote_sim,0.013503404875411138,0.23192355727348177,0.075,0.0,1.262288,5.049152000000001e-08,0.23949980984948174,0.0,-0.18537900738157997,-0.1939632469368273,-1.57138010103665,-2.033830086140073,0.075,,,,,
clearaccept_confirmatory,qaoa_channel,100,exhaustive_f0,30.0,109.1999999999978,4.924921431029172,4872,1620,"{""0"": 4860, ""2"": 12}",1.0938802500022575,174.015625,3.0,40.0,1.0,512,1,2,classical,0.0,0.005307703468133695,0.0,0.0,0.04246162774506956,0.0,0.005562473234604113,0.0,-0.0006243734258577305,-0.0008353788989292869,-0.0008732617255375575,-0.0009122716641107485,0.0,,,,,
clearaccept_confirmatory,qaoa_channel,100,device_aware_fallback,30.0,50.0,146.16342026433597,50,22,"{""2"": 50}",4.987998584052548,174.03125,2.0,40.0,1.0,2048,1,2,classical,0.0,0.005397140819695778,0.0,0.0,0.043177126557566226,0.0,0.005656203579041176,0.0,-0.000635384689061431,-0.0008434655604869888,-0.0008855752848983791,-0.0009076628477413683,0.0,,,,,
clearaccept_confirmatory,qaoa_channel,100,capo_joint_only_espend,30.0,42.0,502.36794244542926,42,14,"{""2"": 42}",0.21017800003755838,174.03125,2.0,40.0,1.0,2048,0,1,remote_sim,0.0,0.108589198593224,0.0,0.0,1.262288,5.049152000000001e-08,0.11616545116922398,0.0,-0.015135196786181854,-0.0217408884654868,-0.023152993815681616,-0.02527528497054768,0.0,,,,,
clearaccept_confirmatory,qaoa_channel,101,exhaustive_f0,30.0,109.1999999999978,4.925977924335705,4872,1620,"{""0"": 4860, ""2"": 12}",1.0887108329916373,174.03125,3.0,40.0,1.0,2048,0,0,classical,0.009996187238821362,0.005298119940562174,0.0,0.0,0.04238495952449739,0.0,0.005552429697709158,0.0,-0.010591689737014121,-0.018842508035285553,-0.09071601043821634,-0.11838307987471218,0.0,,,,,
clearaccept_confirmatory,qaoa_channel,101,device_aware_fallback,30.0,50.0,245.88503159865795,50,22,"{""2"": 50}",0.615352708962746,174.03125,3.0,80.0,0.0,512,0,0,classical,0.009996187238821362,0.005343004944734275,0.0,0.0,0.0427440395578742,0.0,0.005599469182081521,0.0,-0.010597535200767874,-0.0188757090016545,-0.09073032036215867,-0.11839932052149212,0.0,,,,,
clearaccept_confirmatory,qaoa_channel,101,capo_joint_only_espend,30.0,42.0,509.40277555213305,42,14,"{""2"": 42}",0.48504979198332876,174.03125,3.0,80.0,1.0,128,0,1,classical,0.009996187238821362,0.005368343772715889,0.0,0.0,0.04294675018172711,0.0,0.005626024273806251,0.0,-0.010599925077692246,-0.018857139607574958,-0.09071834424967097,-0.11840327122271473,0.0,,,,,
clearaccept_confirmatory,qaoa_channel,102,exhaustive_f0,30.0,109.1999999999978,4.926373133757108,4872,1620,"{""0"": 4860, ""2"": 12}",1.100839624996297,174.03125,3.0,80.0,1.0,128,1,1,classical,0.0010582942810910322,0.005260645717498846,0.0,0.0,0.04208516573999077,0.0,0.005513156711938791,0.0,-0.001655481751908992,-0.0008317883616709629,-0.01136478444180801,-0.04284326710774702,0.0,,,,,
clearaccept_confirmatory,qaoa_channel,102,device_aware_fallback,30.0,50.0,579.4865915345632,50,23,"{""2"": 50}",0.5036197919398546,174.03125,2.0,40.0,0.0,128,0,1,classical,0.0010582942810910322,0.00540888546674978,0.0,0.0,0.04327108373399824,0.0,0.00566851196915377,0.0,-0.0016714836609948882,-0.0008617412558955083,-0.011391855894953897,-0.04286894399990895,0.0,,,,,
clearaccept_confirmatory,qaoa_channel,102,capo_joint_only_espend,30.0,42.0,148.59361430939197,42,14,"{""2"": 42}",0.1950822080252692,174.03125,2.0,20.0,1.0,128,1,0,classical,0.0010582942810910322,0.005722062502172776,0.0,0.0,0.045776500017382205,0.0,0.005996721502277069,0.0,-0.0016958960615193115,-0.0008794824981230157,-0.011451949809850677,-0.0428617253037476,0.0,,,,,
clearaccept_confirmatory,qaoa_channel,103,exhaustive_f0,30.0,109.1999999999978,4.925915279933209,4872,1620,"{""0"": 4860, ""2"": 12}",1.0867725840071216,174.046875,3.0,80.0,0.0,128,1,2,classical,0.004782656874227704,0.005263791885226965,0.0,0.0,0.04211033508181572,0.0,0.00551645389571786,0.0,-0.005379025328878734,-0.0008358998329657866,-0.048526134525425944,-0.06457977627143272,0.0,,,,,
clearaccept_confirmatory,qaoa_channel,103,device_aware_fallback,30.0,50.0,720.9091666033107,50,23,"{""2"": 50}",0.9387323749251664,174.0625,2.0,80.0,0.0,128,0,1,classical,0.004782656874227704,0.0053397968877106905,0.0,0.0,0.042718375101685524,0.0,0.005596107138320804,0.0,-0.005387535565551995,-0.000846716934993859,-0.04854134490433535,-0.06455321114236413,0.0,,,,,
clearaccept_confirmatory,qaoa_channel,103,capo_joint_only_espend,30.0,42.0,443.00115713955387,42,14,"{""2"": 42}",0.3473668750375509,174.078125,3.0,80.0,1.0,2048,0,0,classical,0.004782656874227704,0.005339687617379241,0.0,0.0,0.042717500939033926,0.0,0.005595992623013444,0.0,-0.005386797825897299,-0.0008523275414762913,-0.048536529904486266,-0.0645674912647716,0.0,,,,,
clearaccept_confirmatory,qaoa_channel,104,exhaustive_f0,30.0,109.1999999999978,4.926887943581637,4872,1620,"{""0"": 4860, ""2"": 12}",1.0794401669409126,174.078125,2.0,20.0,1.0,128,1,1,classical,0.017368745537487233,0.00532691647822503,0.0,0.0,0.04261533182580024,0.0,0.0055826084691798315,0.0,-0.017968232305594266,-0.0008773686046780855,-0.1743865668620067,-0.3480201798351521,0.0,,,,,
clearaccept_confirmatory,qaoa_channel,104,device_aware_fallback,30.0,50.0,556.1257542393237,50,17,"{""2"": 50}",0.6571546249324456,174.09375,2.0,80.0,0.0,512,1,1,classical,0.017368745537487233,0.005283563019474968,0.0,0.0,0.042268504155799747,0.0,0.005537174044409767,0.0,-0.017962840117639323,-0.0008633703748974323,-0.17437266303715815,-0.3479939797434498,0.0,,,,,
clearaccept_confirmatory,qaoa_channel,104,capo_joint_only_espend,30.0,42.0,184.23260509743906,42,14,"{""2"": 42}",0.38165999995544553,174.09375,2.0,80.0,1.0,128,1,0,classical,0.017368745537487233,0.005314562862622552,0.0,0.0,0.04251650290098041,0.0,0.005569661880028434,0.0,-0.01796768754706026,-0.0008777227426087856,-0.1743830659683884,-0.3479846980916913,0.0,,,,,
clearaccept_confirmatory,qaoa_channel,105,exhaustive_f0,30.0,109.1999999999978,4.927175501598933,4872,1620,"{""0"": 4860, ""2"": 12}",1.1026850830530748,174.09375,3.0,40.0,1.0,512,0,2,classical,0.0,0.005284958097035997,0.0,0.0,0.04227966477628797,0.0,0.005538636085693724,0.0,-0.0006408934211551058,-0.0008258789840724452,-0.0008717535618362089,-0.0009039446311635674,0.0,,,,,
clearaccept_confirmatory,qaoa_channel,105,device_aware_fallback,30.0,50.0,205.2456282018933,50,21,"{""2"": 50}",0.34096987498924136,174.09375,1.0,40.0,0.0,2048,1,1,classical,0.0,0.005327911596396007,0.0,0.0,0.04262329277116805,0.0,0.005583651353023015,0.0,-0.000645847897778467,-0.0008397588883937969,-0.0008695904211836342,-0.0008874319103681948,0.0,,,,,
clearaccept_confirmatory,qaoa_channel,105,capo_joint_only_espend,30.0,42.0,815.5948780474293,42,14,"{""2"": 42}",0.4003473750781268,174.09375,3.0,40.0,1.0,128,0,0,classical,0.0,0.005339609109796584,0.0,0.0,0.04271687287837267,0.0,0.00559591034706682,0.0,-0.0006481614671178604,-0.0008410303601032285,-0.0008746836743780287,-0.0008831683687478241,0.0,,,,,
clearaccept_confirmatory,qaoa_channel,106,exhaustive_f0,30.0,109.1999999999978,4.927260859957853,4872,1620,"{""0"": 4860, ""2"": 12}",1.088494791998528,174.09375,3.0,80.0,0.0,128,1,2,classical,0.002818196391472709,0.005396301989094354,0.0,0.0,0.043170415912754834,0.0,0.005655324484570883,0.0,-0.0034273202031158607,-0.0008729269028044436,-0.0288192623468676,-0.038463903404678444,0.0,,,,,
clearaccept_confirmatory,qaoa_channel,106,device_aware_fallback,30.0,50.0,181.49919628944218,50,21,"{""2"": 50}",0.15415566705632955,174.09375,1.0,20.0,1.0,2048,0,0,classical,0.002818196391472709,0.005373265754315071,0.0,0.0,0.042986126034520566,0.0,0.005631182510522194,0.0,-0.003425310303592751,-0.000884107842408871,-0.02881884428086849,-0.03847238267263736,0.0,,,,,
clearaccept_confirmatory,qaoa_channel,106,capo_joint_only_espend,30.0,42.0,255.23642945856596,42,14,"{""2"": 42}",0.31233870901633054,174.09375,1.0,40.0,1.0,2048,0,1,classical,0.002818196391472709,0.005393213577917777,0.0,0.0,0.043145708623342216,0.0,0.00565208782965783,0.0,-0.003429105136560428,-0.0008994642321767612,-0.028872169193389075,-0.038635930966176735,0.0,,,,,
clearaccept_confirmatory,qaoa_channel,107,exhaustive_f0,30.0,109.1999999999978,4.928199695763136,4872,1620,"{""0"": 4860, ""2"": 12}",1.1031529169995338,174.109375,1.0,20.0,0.0,2048,1,1,classical,0.006220757829633269,0.005378645670134574,0.0,0.0,0.04302916536107659,0.0,0.005636820662301034,0.0,-0.006773412986958599,-0.029116203669812806,-0.0483797275818163,-0.05862463666176047,0.0,,,,,
clearaccept_confirmatory,qaoa_channel,107,device_aware_fallback,30.0,50.0,138.20221342861058,50,22,"{""2"": 50}",0.1434821670409292,174.109375,2.0,20.0,1.0,512,0,0,remote_sim,0.0,0.06675635480320352,0.0,0.0,1.262288,5.049152000000001e-08,0.07433260737920352,0.025,-0.012553665992981886,-0.011922678941103477,-0.0398157751059612,-0.11872961226676818,0.025,,,,,
clearaccept_confirmatory,qaoa_channel,107,capo_joint_only_espend,30.0,42.0,102.16067744164897,42,14,"{""2"": 42}",0.31593100004829466,174.109375,1.0,20.0,1.0,512,1,2,classical,0.006220757829633269,0.005376129891374148,0.0,0.0,0.04300903913099319,0.0,0.005634184126160108,0.0,-0.00677530738404501,-0.029094286040034563,-0.04838258744380502,-0.058605345906677334,0.0,,,,,
clearaccept_confirmatory,qaoa_channel,108,exhaustive_f0,30.0,109.1999999999978,4.925861130617517,4872,1620,"{""0"": 4860, ""2"": 12}",1.0950703750131652,174.109375,3.0,80.0,1.0,2048,1,2,classical,0.0022130408738776077,0.0053008126124041155,0.0,0.0,0.042406500899232924,0.0,0.005555251617799513,0.0,-0.00277888889540064,-0.0007994211787390426,-0.022865187723220784,-0.0888931886284833,0.0,,,,,
clearaccept_confirmatory,qaoa_channel,108,device_aware_fallback,30.0,50.0,153.61122553987065,50,21,"{""2"": 50}",0.12972225004341453,174.109375,1.0,80.0,1.0,128,1,1,classical,0.0022130408738776077,0.005314479247317649,0.0,0.0,0.042515833978541195,0.0,0.005569574251188896,0.0,-0.002780449248627106,-0.0008062999081894331,-0.022870835634061663,-0.08888715522645203,0.0,,,,,
clearaccept_confirmatory,qaoa_channel,108,capo_joint_only_espend,30.0,42.0,504.37923596008966,42,14,"{""2"": 42}",0.2773911659605801,174.109375,1.0,80.0,1.0,2048,0,2,classical,0.0022130408738776077,0.005342239703168161,0.0,0.0,0.04273791762534529,0.0,0.005598667208920233,0.0,-0.002782894862018325,-0.0008082678968973508,-0.022875382917290646,-0.08888112182442078,0.0,,,,,
clearaccept_confirmatory,qaoa_channel,109,exhaustive_f0,30.0,109.1999999999978,4.93221594050988,4872,1620,"{""0"": 4860, ""2"": 12}",1.0924445419805124,174.109375,1.0,40.0,1.0,2048,1,0,classical,0.011657631061864284,0.005360619761631824,0.0,0.0,0.04288495809305459,0.0,0.005617929510190152,0.0,-0.012207082123266374,-0.01214958842246998,-0.1171173187600261,-0.1279797345918868,0.0,,,,,
clearaccept_confirmatory,qaoa_channel,109,device_aware_fallback,30.0,50.0,659.2606836264787,50,20,"{""2"": 50}",0.49508641695138067,174.125,2.0,40.0,0.0,512,0,0,classical,0.011657631061864284,0.006104682252043858,0.0,0.0,0.048837458016350865,0.0,0.006397707000141964,0.0,-0.012287453284440971,-0.012479564662154548,-0.11712441346949996,-0.12799084065458494,0.0,,,,,
clearaccept_confirmatory,qaoa_channel,109,capo_joint_only_espend,30.0,42.0,186.54264743843956,42,14,"{""2"": 42}",0.16225883306469768,174.125,2.0,20.0,1.0,128,1,1,classical,0.011657631061864284,0.005364526135963388,0.0,0.0,0.0429162090877071,0.0,0.0056220233904896305,0.0,-0.012207327503373052,-0.012106267177083348,-0.11712601390607869,-0.12797894606778387,0.0,,,,,
clearaccept_confirmatory,qaoa_channel,110,exhaustive_f0,30.0,109.1999999999978,4.925955010903958,4872,1620,"{""0"": 4860, ""2"": 12}",1.0849995830794796,174.125,3.0,20.0,0.0,128,1,0,classical,0.0005508730678569542,0.00529596877458971,0.0,0.0,0.04236775019671768,0.0,0.005550175275770015,0.0,-0.0011867247954824097,-0.0008803621896310012,-0.006027780647587185,-0.0077512916050856565,0.0,,,,,
clearaccept_confirmatory,qaoa_channel,110,device_aware_fallback,30.0,50.0,768.9188275981031,50,21,"{""2"": 50}",0.8879863750189543,174.125,3.0,80.0,0.0,128,1,0,classical,0.0005508730678569542,0.005346900972654112,0.0,0.0,0.04277520778123289,0.0,0.00560355221934151,0.0,-0.001192238000592673,-0.0008920721503559628,-0.006030793506006654,-0.007739007040348147,0.0,,,,,
clearaccept_confirmatory,qaoa_channel,110,capo_joint_only_espend,30.0,42.0,410.9125627637233,42,14,"{""2"": 42}",0.25418049993459135,174.140625,1.0,20.0,1.0,2048,1,1,classical,0.0005508730678569542,0.005445089147542603,0.0,0.0,0.043560713180340827,0.0,0.005706453426624648,0.0,-0.001208363483911804,-0.0009561721792178768,-0.00615876960855979,-0.007746106248809921,0.0,,,,,
clearaccept_confirmatory,qaoa_channel,111,exhaustive_f0,30.0,109.1999999999978,4.927006511227185,4872,1620,"{""0"": 4860, ""2"": 12}",1.1118295419728383,174.140625,3.0,20.0,0.0,2048,1,1,classical,0.0,0.005263536528218538,0.0,0.0,0.0421082922257483,0.0,0.005516186281573026,0.0,-0.0005769547680273328,-0.0008302093258373321,-0.000852031867547974,-0.0008722933792417608,0.0,,,,,
clearaccept_confirmatory,qaoa_channel,111,device_aware_fallback,30.0,50.0,156.04489614204755,50,19,"{""2"": 50}",0.1863058339804411,174.140625,1.0,20.0,0.0,128,1,1,classical,0.0,0.005338625269359909,0.0,0.0,0.04270900215487927,0.0,0.005594879282289185,0.0,-0.0005856705219101021,-0.0008413876933439633,-0.0008597116996776407,-0.0008752356753394671,0.0,,,,,
clearaccept_confirmatory,qaoa_channel,111,capo_joint_only_espend,30.0,42.0,186.8537749422666,42,14,"{""2"": 42}",0.38690858299378306,174.140625,2.0,40.0,0.0,2048,0,1,classical,0.0,0.00536222371738404,0.0,0.0,0.04289778973907232,0.0,0.005619610455818475,0.0,-0.00058856752296191,-0.0008422763895072111,-0.0008704549255598241,-0.0009102037622229367,0.0,,,,,
clearaccept_confirmatory,qaoa_place,100,exhaustive_f0,30.0,109.1999999999978,4.921990295452956,4872,1620,"{""0"": 4860, ""2"": 12}",1.0078046669950709,174.171875,1.0,80.0,1.0,2048,1,2,classical,0.0952268625479869,0.004980094003258273,0.0,0.0,0.039840752026066184,0.0,0.00521913851541467,0.0,-0.0958122925460945,-0.23643023799666152,-0.2365388710802658,-0.23660344556787694,0.0,,,,,
clearaccept_confirmatory,qaoa_place,100,device_aware_fallback,30.0,50.0,146.16511453943014,50,22,"{""2"": 50}",4.951914208941162,174.171875,2.0,40.0,1.0,2048,1,2,remote_sim,0.0,0.258589198593224,0.025,0.0,1.262288,5.049152000000001e-08,0.26616545116922397,0.0,-0.0755834252139449,-0.03637575299417379,-0.5352248829860061,-2.021613106156801,0.025,,,,,
clearaccept_confirmatory,qaoa_place,100,capo_joint_only_espend,30.0,42.0,514.903182522917,42,14,"{""2"": 42}",0.18040304200258106,174.171875,2.0,40.0,1.0,2048,0,1,remote_sim,0.0,0.108589198593224,0.0,0.0,1.262288,5.049152000000001e-08,0.11616545116922398,0.0,-0.015135196786181854,-0.0217408884654868,-0.023152993815681616,-0.02527528497054768,0.0,,,,,
clearaccept_confirmatory,qaoa_place,101,exhaustive_f0,30.0,109.1999999999978,4.922404029848941,4872,1620,"{""0"": 4860, ""2"": 12}",1.0156631249701604,174.171875,2.0,40.0,0.0,128,1,0,classical,0.03371249753033891,0.004949005495291203,0.0,0.0,0.039592043962329626,0.0,0.005186557759065182,0.0,-0.03426951797464341,-0.1300170492949897,-0.15051234129687147,-0.16361742291919826,0.0,,,,,
clearaccept_confirmatory,qaoa_place,101,device_aware_fallback,30.0,50.0,163.9436472458628,50,22,"{""2"": 50}",0.21039908297825605,174.171875,2.0,20.0,1.0,2048,1,0,classical,0.03371249753033891,0.004974656127160415,0.0,0.0,0.03979724901728332,0.0,0.005213439621264115,0.0,-0.03427193593395941,-0.13002675078688805,-0.15051476487217677,-0.16364607126567038,0.0,,,,,
clearaccept_confirmatory,qaoa_place,101,capo_joint_only_espend,30.0,42.0,253.99313479819565,42,14,"{""2"": 42}",0.25299758405890316,174.171875,1.0,40.0,0.0,128,1,2,classical,0.03371249753033891,0.004906848713289946,0.0,0.0,0.03925478970631957,0.0,0.005142377451527864,0.0,-0.03426525154097456,-0.13000916009080177,-0.15050787655819797,-0.1636207388518655,0.0,,,,,
clearaccept_confirmatory,qaoa_place,102,exhaustive_f0,30.0,109.1999999999978,4.920937055973293,4872,1620,"{""0"": 4860, ""2"": 12}",1.0179100419627503,174.171875,1.0,20.0,0.0,128,0,0,classical,0.017134887890292265,0.004898952902294695,0.0,0.0,0.03919162321835756,0.0,0.00513410264160484,0.0,-0.017690007648878014,-0.06458009309045527,-0.08408791378074407,-0.10369318871607547,0.0,,,,,
clearaccept_confirmatory,qaoa_place,102,device_aware_fallback,30.0,50.0,579.4853088252571,50,23,"{""2"": 50}",0.4895308339037001,174.171875,2.0,40.0,0.0,128,0,1,classical,0.017134887890292265,0.004986754836863838,0.0,0.0,0.039894038694910705,0.0,0.005226119069033302,0.0,-0.017701279855408442,-0.06457415974810979,-0.08408779531236461,-0.10368855470594833,0.0,,,,,
clearaccept_confirmatory,qaoa_place,102,capo_joint_only_espend,30.0,42.0,422.9874295985661,42,14,"{""2"": 42}",0.2421204170677811,174.171875,2.0,20.0,1.0,128,1,0,classical,0.017134887890292265,0.005095192871522158,0.0,0.0,0.04076154297217727,0.0,0.0053397621293552215,0.0,-0.01771416362859698,-0.06459791852723405,-0.08410635729730541,-0.10373775346219329,0.0,,,,,
clearaccept_confirmatory,qaoa_place,103,exhaustive_f0,30.0,109.1999999999978,4.92154489023141,4872,1620,"{""0"": 4860, ""2"": 12}",1.0220752080203965,174.1875,3.0,20.0,0.0,2048,0,0,classical,0.15411258474519113,0.004901801818050444,0.0,0.0,0.03921441454440355,0.0,0.005137088305316865,0.0,-0.15466811789808,-0.4585568141336006,-0.48662891216358684,-0.5028068991810718,0.0,,,,,
clearaccept_confirmatory,qaoa_place,103,device_aware_fallback,30.0,50.0,720.9067830580042,50,23,"{""2"": 50}",0.9038569580297917,174.1875,2.0,80.0,0.0,128,0,1,classical,0.15411258474519113,0.0059507759142434224,0.0,0.0,0.04760620731394738,0.0,0.006236413158127107,0.0,-0.1547849738314544,-0.45876154169125083,-0.4868249324917024,-0.5028313802118128,0.0,,,,,
clearaccept_confirmatory,qaoa_place,103,capo_joint_only_espend,30.0,42.0,207.1102474100428,42,14,"{""2"": 42}",0.17475041700527072,174.1875,2.0,20.0,1.0,512,0,0,remote_sim,0.0428056872867425,0.04715211541874047,0.0,0.0,1.262288,5.049152000000001e-08,0.05472836799474048,0.0,-0.0534384600121703,-0.05350837759828669,-0.43955529194672405,-0.4710711273121448,0.0,,,,,
clearaccept_confirmatory,qaoa_place,104,exhaustive_f0,30.0,109.1999999999978,4.927645786334718,4872,1620,"{""0"": 4860, ""2"": 12}",1.0207694589626044,174.1875,3.0,80.0,1.0,512,1,2,classical,0.09554488160189988,0.004939015474519692,0.0,0.0,0.03951212379615754,0.0,0.005176088217296637,0.0,-0.09610082273937794,-0.1622999212794946,-0.3009921616414779,-0.4054035661015804,0.0,,,,,
clearaccept_confirmatory,qaoa_place,104,device_aware_fallback,30.0,50.0,240.28259597252367,50,17,"{""2"": 50}",0.2599907499970868,174.1875,2.0,80.0,0.0,512,1,0,classical,0.09554488160189988,0.004923109619994648,0.0,0.0,0.03938487695995718,0.0,0.005159418881754391,0.0,-0.09609923709626887,-0.16230687230642485,-0.3009972315691708,-0.40541591869239807,0.0,,,,,
clearaccept_confirmatory,qaoa_place,104,capo_joint_only_espend,30.0,42.0,184.23133898240602,42,14,"{""2"": 42}",0.3742805829970166,174.1875,2.0,80.0,1.0,2048,1,0,remote_sim,0.0,0.04730435580203944,0.0,0.0,1.262288,5.049152000000001e-08,0.05488060837803945,0.0,-0.010531174007108537,-0.012961963801432884,-0.014077043986551538,-0.014761996090257423,0.0,,,,,
clearaccept_confirmatory,qaoa_place,105,exhaustive_f0,30.0,109.1999999999978,4.921357346214313,4872,1620,"{""0"": 4860, ""2"": 12}",1.0145182500127703,174.1875,1.0,20.0,1.0,128,1,1,classical,0.3402542869023198,0.004923015687381849,0.0,0.0,0.03938412549905479,0.0,0.005159320440376178,0.0,-0.34085163612098424,-0.7005144215176419,-0.78426193535702,-0.8440538658834198,0.0,,,,,
clearaccept_confirmatory,qaoa_place,105,device_aware_fallback,30.0,50.0,205.24338264654082,50,21,"{""2"": 50}",0.3402193750953302,174.1875,1.0,40.0,0.0,2048,1,1,classical,0.3402542869023198,0.004992874863091856,0.0,0.0,0.03994299890473485,0.0,0.005232532856520265,0.0,-0.34086006572750777,-0.700528606325268,-0.7842864632701768,-0.8440524646362497,0.0,,,,,
clearaccept_confirmatory,qaoa_place,105,capo_joint_only_espend,30.0,42.0,722.5004419486351,42,14,"{""2"": 42}",0.32691479101777077,174.203125,3.0,80.0,1.0,128,1,0,classical,0.3402542869023198,0.004981953024980612,0.0,0.0,0.0398556241998449,0.0,0.005221086770179681,0.0,-0.3408594722010399,-0.7005079780593397,-0.7842831803968447,-0.8440424016717156,0.0,,,,,
clearaccept_confirmatory,qaoa_place,106,exhaustive_f0,30.0,109.1999999999978,4.922202951400498,4872,1620,"{""0"": 4860, ""2"": 12}",1.0336985840694979,174.203125,1.0,40.0,1.0,128,1,0,classical,0.11289716818330595,0.0049531513068359345,0.0,0.0,0.039625210454687476,0.0,0.00519090256956406,0.0,-0.1134567473390264,-0.233837339350762,-0.24754150087363708,-0.25888959946970747,0.0,,,,,
clearaccept_confirmatory,qaoa_place,106,device_aware_fallback,30.0,50.0,184.73031482835705,50,22,"{""2"": 50}",0.13743508292827755,174.203125,1.0,20.0,1.0,512,0,1,local_sim,0.02518867465946286,0.148304,0.0,0.0,1.186432,0.0,0.155422592,0.0,-0.04194054306030811,-0.18354730810982825,-0.18738582567321047,-0.1904319634218734,0.0,,,,,
clearaccept_confirmatory,qaoa_place,106,capo_joint_only_espend,30.0,42.0,186.35728276044395,42,14,"{""2"": 42}",0.2556936669861898,174.203125,3.0,20.0,1.0,2048,1,1,remote_sim,0.0,0.1321481342313365,0.0,0.0,1.268432,5.073728000000001e-08,0.1397612630953365,0.0,-0.016155300431868892,-0.021653240642308152,-0.024200385336956003,-0.027667689022504133,0.0,,,,,
clearaccept_confirmatory,qaoa_place,107,exhaustive_f0,30.0,109.1999999999978,4.921211056378629,4872,1620,"{""0"": 4860, ""2"": 12}",1.0159399579279125,174.203125,1.0,20.0,0.0,128,1,1,classical,0.05690757709365597,0.004920457970001735,0.0,0.0,0.03936366376001388,0.0,0.005156639952561819,0.0,-0.057414060594239445,-0.2431087112353363,-0.32584652364434047,-0.35959065344908303,0.0,,,,,
clearaccept_confirmatory,qaoa_place,107,device_aware_fallback,30.0,50.0,191.09772632896804,50,22,"{""2"": 50}",0.3369050830369815,174.203125,2.0,20.0,0.0,2048,0,1,classical,0.05690757709365597,0.005073260224889964,0.0,0.0,0.04058608179911971,0.0,0.005316776715684682,0.0,-0.057427481894324436,-0.2431322594906132,-0.32584295474259284,-0.359609263262706,0.0,,,,,
clearaccept_confirmatory,qaoa_place,107,capo_joint_only_espend,30.0,42.0,226.6190907996497,42,14,"{""2"": 42}",0.4237578749889508,174.203125,1.0,20.0,1.0,2048,0,0,remote_sim,0.0,0.0415943048082211,0.0,0.0,1.2561440000000001,5.024576000000001e-08,0.0491336810962211,0.0,-0.00982575077979679,-0.011514948613661407,-0.013061037949520727,-0.014170280049998919,0.0,,,,,
clearaccept_confirmatory,qaoa_place,108,exhaustive_f0,30.0,109.1999999999978,4.922331978385295,4872,1620,"{""0"": 4860, ""2"": 12}",1.0185551249887794,174.203125,1.0,20.0,0.0,128,1,2,classical,0.022067090597678606,0.0051007555302931,0.0,0.0,0.0408060442423448,0.0,0.005345591795747168,0.0,-0.022610326680659976,-0.02773083563691778,-0.18851743673725307,-0.46897846463371384,0.0,,,,,
clearaccept_confirmatory,qaoa_place,108,device_aware_fallback,30.0,50.0,153.6098884701832,50,21,"{""2"": 50}",0.1262748750159517,174.203125,1.0,80.0,1.0,128,1,1,classical,0.022067090597678606,0.0050487972039263695,0.0,0.0,0.040390377631410956,0.0,0.005291139469714835,0.0,-0.02260558462563285,-0.027674087040268944,-0.18850750542871234,-0.46897084481604795,0.0,,,,,
clearaccept_confirmatory,qaoa_place,108,capo_joint_only_espend,30.0,42.0,119.39143807470055,42,14,"{""2"": 42}",0.21088479191530496,174.203125,1.0,40.0,1.0,128,1,2,classical,0.022067090597678606,0.004975817893864587,0.0,0.0,0.039806543150916696,0.0,0.0052146571527700875,0.0,-0.022598389927159734,-0.027679559565480228,-0.188505474211958,-0.4689770220552346,0.0,,,,,
clearaccept_confirmatory,qaoa_place,109,exhaustive_f0,30.0,109.1999999999978,4.922154904077719,4872,1620,"{""0"": 4860, ""2"": 12}",1.024262999999337,174.203125,3.0,80.0,1.0,128,1,0,classical,0.038948450489495544,0.0049092391127487645,0.0,0.0,0.039273912901990116,0.0,0.005144882590160706,0.0,-0.039451810876356755,-0.10616601583751885,-0.10992271407051614,-0.1136098472965484,0.0,,,,,
clearaccept_confirmatory,qaoa_place,109,device_aware_fallback,30.0,50.0,525.7868654984268,50,20,"{""2"": 50}",0.2866533750202507,174.203125,2.0,20.0,0.0,512,0,0,classical,0.038948450489495544,0.005037755312514491,0.0,0.0,0.04030204250011593,0.0,0.005279567567515187,0.0,-0.03946470236272601,-0.10618050787454958,-0.10992886826747258,-0.11360814283447657,0.0,,,,,
clearaccept_confirmatory,qaoa_place,109,capo_joint_only_espend,30.0,42.0,174.26320506482463,42,14,"{""2"": 42}",0.13379554101265967,174.203125,2.0,20.0,1.0,128,1,1,classical,0.038948450489495544,0.005118973713251762,0.0,0.0,0.0409517897060141,0.0,0.005364684451487847,0.0,-0.03947087184320931,-0.10621720498086909,-0.10992257105813429,-0.11360297419833768,0.0,,,,,
clearaccept_confirmatory,qaoa_place,110,exhaustive_f0,30.0,109.1999999999978,4.922491369540761,4872,1620,"{""0"": 4860, ""2"": 12}",1.0206262909341604,174.203125,1.0,80.0,0.0,128,0,0,classical,0.09371756632124953,0.00499910386861302,0.0,0.0,0.03999283094890416,0.0,0.005239060854306444,0.0,-0.09431818565033144,-0.2100942612400376,-0.21529053126727674,-0.22206808535711586,0.0,,,,,
clearaccept_confirmatory,qaoa_place,110,device_aware_fallback,30.0,50.0,641.4229665110189,50,21,"{""2"": 50}",0.892968583968468,174.203125,3.0,80.0,0.0,128,1,0,classical,0.09371756632124953,0.005120526286191307,0.0,0.0,0.040964210289530456,0.0,0.005366311547928489,0.0,-0.09433643760691372,-0.21009219447934316,-0.21530181620269,-0.2221470407341165,0.0,,,,,
clearaccept_confirmatory,qaoa_place,110,capo_joint_only_espend,30.0,42.0,410.9110529837848,42,14,"{""2"": 42}",0.2490492919459939,174.203125,1.0,20.0,1.0,2048,1,1,classical,0.09371756632124953,0.005206849105888978,0.0,0.0,0.04165479284711182,0.0,0.0054567778629716485,0.0,-0.0943436023447981,-0.21009716843726303,-0.21530409060873146,-0.22213924572799126,0.0,,,,,
clearaccept_confirmatory,qaoa_place,111,exhaustive_f0,30.0,109.1999999999978,4.9211494947550385,4872,1620,"{""0"": 4860, ""2"": 12}",1.0004827909870073,174.203125,2.0,20.0,1.0,128,0,2,classical,0.1488063878616143,0.004865120077738538,0.0,0.0,0.03892096062190831,0.0,0.005098645841469988,0.0,-0.14933929658287468,-0.3393787851982501,-0.4217492459199909,-0.4799061211043727,0.0,,,,,
clearaccept_confirmatory,qaoa_place,111,device_aware_fallback,30.0,50.0,167.64602209086064,50,19,"{""2"": 50}",0.18070875003468245,174.203125,1.0,20.0,0.0,128,1,1,classical,0.1488063878616143,0.00496026013570372,0.0,0.0,0.03968208108562976,0.0,0.005198352622217499,0.0,-0.14935062139154148,-0.33939350004120344,-0.42176102903656065,-0.4799166852151286,0.0,,,,,
clearaccept_confirmatory,qaoa_place,111,capo_joint_only_espend,30.0,42.0,173.74061512324508,42,14,"{""2"": 42}",0.08463820803444833,174.203125,2.0,80.0,1.0,512,0,2,remote_sim,0.0,0.23192355727348177,0.075,0.0,1.262288,5.049152000000001e-08,0.23949980984948174,0.0,-0.17187560250616882,-0.03338205530232134,-1.5288527946213937,-2.033830086140073,0.075,,,,,
clearaccept_confirmatory,vqc,100,exhaustive_f0,30.0,595.1999999997596,29.172576000012665,29172,9720,"{""0"": 29160, ""2"": 12}",2.7969556249445304,197.421875,,,,128,0,0,classical,0.19999999999999996,0.001,0.0,0.0,0.008,0.0,0.001048,0.0,-0.20011765485618502,-0.20015885801328984,-0.200163568414203,-0.20016744654047752,0.0,2.0,1.0,0.0,30.0,0.05
clearaccept_confirmatory,vqc,100,device_aware_fallback,30.0,50.0,5.698179210616452,50,23,"{""2"": 50}",0.858646749984473,198.03125,,,,2048,1,0,local_sim,0.14375,0.000768,0.0,0.0,0.006144,0.0,0.000804864,0.0,-0.1438403589295501,-0.15011089463239233,-0.1501231046247878,-0.1501285989430868,0.0,6.0,1.0,0.0,120.0,0.15
clearaccept_confirmatory,vqc,100,capo_joint_only_espend,30.0,42.0,10.077588941067468,42,14,"{""2"": 42}",0.3147974170278758,198.09375,,,,512,1,1,local_sim,0.14812499999999998,0.000768,0.0,0.0,0.006144,0.0,0.000804864,0.0,-0.14821535892955012,-0.16260115169710126,-0.16261022917164727,-0.16261853801056633,0.0,6.0,1.0,0.0,30.0,0.15
clearaccept_confirmatory,vqc,101,exhaustive_f0,30.0,595.1999999997596,29.179316736012634,29172,9720,"{""0"": 29160, ""2"": 12}",2.550849916995503,198.328125,,,,2048,0,2,local_sim,0.2671875,0.001536,0.0,0.0,0.012288,0.0,0.001609728,0.0,-0.2673604910095099,-0.275171232786003,-0.2752231989367382,-0.2752491277304279,0.0,6.0,2.0,0.0,30.0,0.05
clearaccept_confirmatory,vqc,101,device_aware_fallback,30.0,50.0,10.068637230563398,50,23,"{""2"": 50}",0.7105672500329092,198.96875,,,,512,1,0,remote_sim,0.25687499999999996,0.05111418592701646,0.0,0.0,9.6e-05,3.840000000000001e-12,0.051114762119016464,0.0,-0.26011304491755455,-0.2692289545126173,-0.278964775889199,-0.2900991636070732,0.0,6.0,2.0,0.0,60.0,0.05
clearaccept_confirmatory,vqc,101,capo_joint_only_espend,30.0,42.0,8.579314371505621,42,14,"{""2"": 42}",0.46064970805309713,199.046875,,,,512,0,1,remote_sim,0.2284375,0.05111495392701646,0.0,0.0,0.000288,1.1520000000000001e-11,0.051116682503016465,0.0,-0.23167674693305934,-0.24336920800925185,-0.25086575841649805,-0.25357214748677004,0.0,6.0,3.0,1.0,120.0,0.05
clearaccept_confirmatory,vqc,102,exhaustive_f0,30.0,595.1999999997596,29.172576000012665,29172,9720,"{""0"": 29160, ""2"": 12}",2.3778132499428466,199.171875,,,,128,0,2,classical,0.11250000000000004,0.001,0.0,0.0,0.008,0.0,0.001048,0.0,-0.11261336862220275,-0.11265923174616783,-0.11266282072877246,-0.11266617807845235,0.0,2.0,1.0,0.0,30.0,0.05
clearaccept_confirmatory,vqc,102,device_aware_fallback,30.0,50.0,7.130103398132225,50,23,"{""2"": 50}",0.46310433303005993,199.375,,,,128,0,2,classical,0.11250000000000004,0.001,0.0,0.0,0.008,0.0,0.001048,0.0,-0.11261336862220275,-0.11265923174616783,-0.11266282072877246,-0.11266617807845235,0.0,4.0,1.0,1.0,60.0,0.15
clearaccept_confirmatory,vqc,102,capo_joint_only_espend,30.0,42.0,10.204505744477057,42,14,"{""2"": 42}",0.8747660829685628,199.5625,,,,512,0,2,local_sim,0.09000000000000001,0.001536,0.0,0.0,0.012288,0.0,0.001609728,0.0,-0.09017413420370335,-0.10014055997406271,-0.10017914314853826,-0.10021261774485277,0.0,6.0,1.0,1.0,60.0,0.15
clearaccept_confirmatory,vqc,103,exhaustive_f0,30.0,595.1999999997596,29.172576000012665,29172,9720,"{""0"": 29160, ""2"": 12}",2.5614537498913705,199.65625,,,,128,0,1,classical,0.08750000000000002,0.001,0.0,0.0,0.008,0.0,0.001048,0.0,-0.08761319876616422,-0.08765018018563409,-0.08765617273502788,-0.08765938845001711,0.0,2.0,1.0,0.0,30.0,0.05
clearaccept_confirmatory,vqc,103,device_aware_fallback,30.0,50.0,7.218313546703673,50,23,"{""2"": 50}",0.6504293329780921,199.765625,,,,512,0,0,remote_sim,0.0846875,0.03210302741874047,0.0,0.0,1.6000000000000003e-05,6.400000000000001e-13,0.03210312345074047,0.0,-0.08676293421193144,-0.1004711163669967,-0.10516839313186085,-0.11361830465111732,0.0,4.0,2.0,0.0,60.0,0.15
clearaccept_confirmatory,vqc,103,capo_joint_only_espend,30.0,42.0,7.75025049409616,42,14,"{""2"": 42}",0.5057522500865161,199.84375,,,,2048,0,1,classical,0.08750000000000002,0.001,0.0,0.0,0.008,0.0,0.001048,0.0,-0.08761319876616422,-0.08765018018563409,-0.08765617273502788,-0.08765938845001711,0.0,2.0,1.0,1.0,120.0,0.05
clearaccept_confirmatory,vqc,104,exhaustive_f0,30.0,595.1999999997596,29.179316736012634,29172,9720,"{""0"": 29160, ""2"": 12}",2.6554859169991687,200.046875,,,,2048,0,0,local_sim,0.2475,0.001536,0.0,0.0,0.012288,0.0,0.001609728,0.0,-0.2476728596349183,-0.26264506194140036,-0.26268179201341424,-0.2627221260280145,0.0,6.0,2.0,0.0,30.0,0.05
clearaccept_confirmatory,vqc,104,device_aware_fallback,30.0,50.0,18.45463880882341,50,23,"{""2"": 50}",0.959667667048052,200.15625,,,,512,1,0,remote_sim,0.24937500000000004,0.03225533180203945,0.0,0.0,3.2000000000000005e-05,1.2800000000000002e-12,0.03225552386603944,0.0,-0.2513588671715121,-0.2644897036316894,-0.2679373566580906,-0.2768520032419696,0.0,4.0,2.0,1.0,30.0,0.15
clearaccept_confirmatory,vqc,104,capo_joint_only_espend,30.0,42.0,12.738963625249172,42,14,"{""2"": 42}",0.16287845803890377,200.203125,,,,2048,1,1,remote_sim,0.25531249999999994,0.032255587802039444,0.0,0.0,9.6e-05,3.840000000000001e-12,0.032256163994039445,0.0,-0.2572967678214512,-0.2645550800124487,-0.26604742042994267,-0.26759956166634413,0.0,6.0,1.0,1.0,30.0,0.15
clearaccept_confirmatory,vqc,105,exhaustive_f0,30.0,595.1999999997596,29.172576000012665,29172,9720,"{""0"": 29160, ""2"": 12}",2.5233371659414843,200.234375,,,,128,0,0,classical,0.2125,0.001,0.0,0.0,0.008,0.0,0.001048,0.0,-0.21262134534215313,-0.21265631978345795,-0.21266438518611974,-0.21266634034078688,0.0,2.0,1.0,0.0,30.0,0.05
clearaccept_confirmatory,vqc,105,device_aware_fallback,30.0,50.0,11.399748040806461,50,21,"{""2"": 50}",0.9546214580768719,200.359375,,,,128,0,0,classical,0.2125,0.001,0.0,0.0,0.008,0.0,0.001048,0.0,-0.21262134534215313,-0.21265631978345795,-0.21266438518611974,-0.21266634034078688,0.0,6.0,3.0,1.0,60.0,0.05
clearaccept_confirmatory,vqc,105,capo_joint_only_espend,30.0,42.0,5.143510554093684,42,14,"{""2"": 42}",0.21669799997471273,200.40625,,,,512,0,2,classical,0.2125,0.001,0.0,0.0,0.008,0.0,0.001048,0.0,-0.21262134534215313,-0.21265631978345795,-0.21266438518611974,-0.21266634034078688,0.0,4.0,2.0,0.0,30.0,0.05
clearaccept_confirmatory,vqc,106,exhaustive_f0,30.0,595.1999999997596,29.172576000012665,29172,9720,"{""0"": 29160, ""2"": 12}",2.4799244171008468,200.734375,,,,128,0,1,classical,0.16249999999999998,0.001,0.0,0.0,0.008,0.0,0.001048,0.0,-0.1626129562816973,-0.16265744952114833,-0.1626646106854026,-0.16266793885881475,0.0,2.0,1.0,0.0,30.0,0.05
clearaccept_confirmatory,vqc,106,device_aware_fallback,30.0,50.0,7.5454811078981265,50,22,"{""2"": 50}",0.9720309160184115,200.828125,,,,128,1,1,classical,0.16249999999999998,0.001,0.0,0.0,0.008,0.0,0.001048,0.0,-0.1626129562816973,-0.16265744952114833,-0.1626646106854026,-0.16266793885881475,0.0,6.0,1.0,1.0,120.0,0.15
clearaccept_confirmatory,vqc,106,capo_joint_only_espend,30.0,42.0,9.748511417184059,42,14,"{""2"": 42}",0.3110310840420425,200.90625,,,,2048,1,1,local_sim,0.17531250000000004,0.001536,0.0,0.0,0.012288,0.0,0.001609728,0.0,-0.17548600084868718,-0.17524790862870518,-0.17836266500893763,-0.1876871594663164,0.0,6.0,1.0,1.0,120.0,0.15
clearaccept_confirmatory,vqc,107,exhaustive_f0,30.0,595.1999999997596,29.179316736012634,29172,9720,"{""0"": 29160, ""2"": 12}",2.5213245410704985,200.921875,,,,2048,0,0,local_sim,0.22718750000000001,0.001536,0.0,0.0,0.012288,0.0,0.001609728,0.0,-0.22734575088073106,-0.23766565801787037,-0.237714714885397,-0.23774858070303928,0.0,6.0,2.0,0.0,30.0,0.05
clearaccept_confirmatory,vqc,107,device_aware_fallback,30.0,50.0,8.506103018223845,50,23,"{""2"": 50}",0.7505459169624373,201.015625,,,,2048,1,0,local_sim,0.18031250000000004,0.002304,0.0,0.0,0.018432,0.0,0.002414592,0.0,-0.18054987632109654,-0.18783047699547162,-0.19409610839372568,-0.21279640975004224,0.0,6.0,3.0,0.0,120.0,0.15
clearaccept_confirmatory,vqc,107,capo_joint_only_espend,30.0,42.0,14.705529659556937,42,14,"{""2"": 42}",0.5190115419682115,201.078125,,,,512,1,1,local_sim,0.183125,0.004608,0.0,0.0,0.036864,0.0,0.004829184,0.0,-0.18359975264219308,-0.1881873975782188,-0.1882311073085059,-0.1882483815843026,0.0,6.0,3.0,1.0,120.0,0.15
clearaccept_confirmatory,vqc,108,exhaustive_f0,30.0,595.1999999997596,29.172576000012665,29172,9720,"{""0"": 29160, ""2"": 12}",2.408024833071977,201.09375,,,,128,0,0,classical,0.19999999999999996,0.001,0.0,0.0,0.008,0.0,0.001048,0.0,-0.20010674277658103,-0.20014877093947706,-0.20015893255314676,-0.20016698050977558,0.0,2.0,1.0,0.0,30.0,0.05
clearaccept_confirmatory,vqc,108,device_aware_fallback,30.0,50.0,27.857643927179424,50,21,"{""2"": 50}",0.5977679160423577,201.140625,,,,512,0,2,classical,0.19999999999999996,0.001,0.0,0.0,0.008,0.0,0.001048,0.0,-0.20010674277658103,-0.20014877093947706,-0.20015893255314676,-0.20016698050977558,0.0,6.0,2.0,0.0,120.0,0.15
clearaccept_confirmatory,vqc,108,capo_joint_only_espend,30.0,42.0,8.533344430214798,42,14,"{""2"": 42}",0.4646839170018211,201.1875,,,,128,1,2,classical,0.19999999999999996,0.001,0.0,0.0,0.008,0.0,0.001048,0.0,-0.20010674277658103,-0.20014877093947706,-0.20015893255314676,-0.20016698050977558,0.0,2.0,3.0,0.0,120.0,0.05
clearaccept_confirmatory,vqc,109,exhaustive_f0,30.0,595.1999999997596,29.172576000012665,29172,9720,"{""0"": 29160, ""2"": 12}",2.750810791971162,201.1875,,,,128,0,0,classical,0.11250000000000004,0.001,0.0,0.0,0.008,0.0,0.001048,0.0,-0.11260255917379144,-0.11264730257297494,-0.11265746790018552,-0.11266733264112888,0.0,2.0,1.0,0.0,30.0,0.05
clearaccept_confirmatory,vqc,109,device_aware_fallback,30.0,50.0,4.910022257006715,50,21,"{""2"": 50}",0.9007007079198956,201.34375,,,,128,0,1,local_sim,0.10500000000000002,0.000768,0.0,0.0,0.006144,0.0,0.000804864,0.0,-0.10507876544547182,-0.11386519407440847,-0.1250828494625445,-0.12512851146838694,0.0,6.0,1.0,0.0,120.0,0.05
clearaccept_confirmatory,vqc,109,capo_joint_only_espend,30.0,42.0,14.343673122159599,42,14,"{""2"": 42}",0.4997213330352679,201.390625,,,,128,1,1,remote_sim,0.10062499999999996,0.032014128293566126,0.0,0.0,0.000144,5.7600000000000005e-12,0.03201499258156613,0.0,-0.10238062060384448,-0.1043411884369991,-0.10993684552244569,-0.1146370786296511,0.0,6.0,3.0,0.0,120.0,0.15
clearaccept_confirmatory,vqc,110,exhaustive_f0,30.0,595.1999999997596,29.172576000012665,29172,9720,"{""0"": 29160, ""2"": 12}",2.5770203329157084,201.390625,,,,128,0,0,classical,0.225,0.001,0.0,0.0,0.008,0.0,0.001048,0.0,-0.22512010990953518,-0.2251617142495758,-0.22516470270971561,-0.2251661738322139,0.0,2.0,1.0,0.0,30.0,0.05
clearaccept_confirmatory,vqc,110,device_aware_fallback,30.0,50.0,10.553539007106004,50,23,"{""2"": 50}",0.8008818330708891,201.53125,,,,128,0,0,qpu_B,0.155,0.0706174357952093,0.0,0.0,5.128,0.000128,0.1077854357952093,0.0,-0.1972369924956824,-0.2194185744616671,-0.23662134605162322,-0.24393713334876563,0.0,6.0,3.0,0.0,120.0,0.15
clearaccept_confirmatory,vqc,110,capo_joint_only_espend,30.0,42.0,5.88040588684223,42,14,"{""2"": 42}",0.6101231670472771,201.578125,,,,512,1,1,local_sim,0.179375,0.004608,0.0,0.0,0.036864,0.0,0.004829184,0.0,-0.1799284664631383,-0.18947687781819061,-0.20063700630192882,-0.2007399875178393,0.0,6.0,3.0,1.0,120.0,0.15
clearaccept_confirmatory,vqc,111,exhaustive_f0,30.0,595.1999999997596,29.172576000012665,29172,9720,"{""0"": 29160, ""2"": 12}",2.536113500013016,201.578125,,,,128,0,1,classical,0.15000000000000002,0.001,0.0,0.0,0.008,0.0,0.001048,0.0,-0.15010965444237886,-0.15015727536209758,-0.15016031023888599,-0.15016423504470464,0.0,2.0,1.0,0.0,30.0,0.05
clearaccept_confirmatory,vqc,111,device_aware_fallback,30.0,50.0,7.212160484184893,50,23,"{""2"": 50}",0.8443000840488821,201.671875,,,,2048,1,0,local_sim,0.1253125,0.000256,0.0,0.0,0.002048,0.0,0.000268288,0.0,-0.12534057153724895,-0.13753722142123043,-0.13753942257664778,-0.13754030211687324,0.0,4.0,2.0,0.0,60.0,0.05
clearaccept_confirmatory,vqc,111,capo_joint_only_espend,30.0,42.0,9.829983886496036,42,14,"{""2"": 42}",0.2602386249927804,201.703125,,,,512,1,1,local_sim,0.14187499999999997,0.001536,0.0,0.0,0.012288,0.0,0.001609728,0.0,-0.1420434292234939,-0.15019955702872695,-0.1502423569662243,-0.1502462786580199,0.0,6.0,2.0,0.0,120.0,0.15
clearaccept_confirmatory,vqc_cancer,100,exhaustive_f0,30.0,595.1999999997596,29.172576000012665,29172,9720,"{""0"": 29160, ""2"": 12}",2.8361782080028206,206.546875,,,,128,0,0,classical,0.15000000000000002,0.001,0.0,0.0,0.008,0.0,0.001048,0.0,-0.15011765485618508,-0.1501588580132899,-0.15016356841420306,-0.1501674465404776,0.0,2.0,1.0,0.0,30.0,0.05
clearaccept_confirmatory,vqc_cancer,100,device_aware_fallback,30.0,50.0,9.465100767128368,50,23,"{""2"": 50}",0.8517965420614928,206.546875,,,,2048,0,2,remote_sim,0.12625,0.05354005059322399,0.0,0.0,1.0000000000000002e-06,4.0000000000000006e-14,0.053540056595223984,0.0,-0.1299745097251303,-0.1391360317752353,-0.14172058549294386,-0.1472110209175467,0.0,2.0,1.0,0.0,30.0,0.15
clearaccept_confirmatory,vqc_cancer,100,capo_joint_only_espend,30.0,42.0,10.077588941067468,42,14,"{""2"": 42}",0.309104916988872,206.546875,,,,128,1,2,remote_sim,0.135,0.078540078593224,0.0,0.0,8.000000000000001e-06,3.2000000000000005e-13,0.07854012660922399,0.025,-0.14111051228486254,-0.14972030078849036,-0.26935835466022673,-0.6045462623564068,0.025,4.0,1.0,0.0,60.0,0.15
clearaccept_confirmatory,vqc_cancer,101,exhaustive_f0,30.0,595.1999999997596,29.172576000012665,29172,9720,"{""0"": 29160, ""2"": 12}",2.8409863330889493,206.546875,,,,128,0,0,classical,0.0625,0.001,0.0,0.0,0.008,0.0,0.001048,0.0,-0.06261262435514973,-0.06265991771149795,-0.06266331907491526,-0.0626656648016555,0.0,2.0,1.0,0.0,30.0,0.05
clearaccept_confirmatory,vqc_cancer,101,device_aware_fallback,30.0,50.0,10.93859901697468,50,23,"{""2"": 50}",0.6921829580096528,206.546875,,,,128,0,0,remote_sim,0.071875,0.07611383392701646,0.025,0.0,8.000000000000001e-06,3.2000000000000005e-13,0.07611388194301646,0.025,-0.1278913235075751,-0.08086742876434715,-0.7192275690369682,-2.615584694053529,0.025,4.0,1.0,0.0,60.0,0.15
clearaccept_confirmatory,vqc_cancer,101,capo_joint_only_espend,30.0,42.0,8.579314371505621,42,14,"{""2"": 42}",0.46918995899613947,206.546875,,,,512,1,0,local_sim,0.057187500000000016,0.000128,0.0,0.0,0.001024,0.0,0.000134144,0.0,-0.05720191591745918,-0.06252064167238312,-0.07189006173584302,-0.07501536166015446,0.0,4.0,1.0,0.0,120.0,0.15
clearaccept_confirmatory,vqc_cancer,102,exhaustive_f0,30.0,595.1999999997596,29.172576000012665,29172,9720,"{""0"": 29160, ""2"": 12}",2.749897624948062,206.546875,,,,128,0,2,classical,0.0625,0.001,0.0,0.0,0.008,0.0,0.001048,0.0,-0.0626133686222027,-0.06265923174616779,-0.06266282072877241,-0.0626661780784523,0.0,2.0,1.0,0.0,30.0,0.05
clearaccept_confirmatory,vqc_cancer,102,device_aware_fallback,30.0,50.0,7.248082048365659,50,23,"{""2"": 50}",0.4544988749548793,206.546875,,,,128,0,2,remote_sim,0.054062500000000034,0.021545516809904033,0.0,0.0,1.6000000000000003e-05,6.400000000000001e-13,0.02154561284190403,0.0,-0.05552805097216211,-0.06440590895733554,-0.06755033815319997,-0.07575058781103429,0.0,4.0,2.0,0.0,120.0,0.15
clearaccept_confirmatory,vqc_cancer,102,capo_joint_only_espend,30.0,42.0,10.204505744477057,42,14,"{""2"": 42}",0.862781333969906,206.546875,,,,512,0,0,remote_sim,0.05031250000000005,0.021545644809904035,0.0,0.0,4.8e-05,1.9200000000000003e-12,0.021545932905904036,0.0,-0.05177825140334578,-0.05245584432726577,-0.05677726269657909,-0.0649859814142278,0.0,4.0,3.0,1.0,120.0,0.15
clearaccept_confirmatory,vqc_cancer,103,exhaustive_f0,30.0,595.1999999997596,29.172576000012665,29172,9720,"{""0"": 29160, ""2"": 12}",3.0043570830021054,206.546875,,,,128,0,1,classical,0.09999999999999998,0.001,0.0,0.0,0.008,0.0,0.001048,0.0,-0.10011319876616417,-0.10015018018563404,-0.10015617273502783,-0.10015938845001707,0.0,2.0,1.0,0.0,30.0,0.05
clearaccept_confirmatory,vqc_cancer,103,device_aware_fallback,30.0,50.0,7.070964231278034,50,23,"{""2"": 50}",0.6497640419984236,206.546875,,,,2048,1,1,local_sim,0.050625000000000045,0.000128,0.0,0.0,0.001024,0.0,0.000134144,0.0,-0.050639489442069065,-0.05001975219453617,-0.05626577752655878,-0.06251245856092409,0.0,4.0,1.0,0.0,120.0,0.15
clearaccept_confirmatory,vqc_cancer,103,capo_joint_only_espend,30.0,42.0,7.75025049409616,42,14,"{""2"": 42}",0.48500833299476653,206.546875,,,,128,0,0,remote_sim,0.0640625,0.03210299541874047,0.0,0.0,8.000000000000001e-06,3.2000000000000005e-13,0.03210304343474047,0.0,-0.06613788410957093,-0.0771552623825979,-0.08648863234028298,-0.09042853476937927,0.0,4.0,1.0,0.0,120.0,0.05
clearaccept_confirmatory,vqc_cancer,104,exhaustive_f0,30.0,595.1999999997596,29.172576000012665,29172,9720,"{""0"": 29160, ""2"": 12}",2.8236453329445794,206.546875,,,,128,0,1,classical,0.050000000000000044,0.001,0.0,0.0,0.008,0.0,0.001048,0.0,-0.05011253882481662,-0.05016130438990376,-0.050164225109132196,-0.050166031238423336,0.0,2.0,1.0,0.0,30.0,0.05
clearaccept_confirmatory,vqc_cancer,104,device_aware_fallback,30.0,50.0,18.454636168295416,50,23,"{""2"": 50}",0.9552488339832053,206.546875,,,,512,1,0,remote_sim,0.03593749999999999,0.03225523580203944,0.0,0.0,8.000000000000001e-06,3.2000000000000005e-13,0.03225528381803945,0.0,-0.037921216927784905,-0.04162437859153729,-0.047274685692863465,-0.05219974598264306,0.0,4.0,1.0,0.0,60.0,0.05
clearaccept_confirmatory,vqc_cancer,104,capo_joint_only_espend,30.0,42.0,12.738963625249172,42,14,"{""2"": 42}",0.16632087505422533,206.546875,,,,128,1,2,remote_sim,0.033437499999999995,0.032255299802039436,0.0,0.0,2.4e-05,9.600000000000002e-13,0.03225544385003944,0.0,-0.035421317090269695,-0.04018659934647728,-0.041662964889888195,-0.04352845905977112,0.0,4.0,3.0,0.0,60.0,0.05
clearaccept_confirmatory,vqc_cancer,105,exhaustive_f0,30.0,595.1999999997596,29.172576000012665,29172,9720,"{""0"": 29160, ""2"": 12}",2.772879166994244,206.546875,,,,128,0,0,classical,0.0625,0.001,0.0,0.0,0.008,0.0,0.001048,0.0,-0.06262134534215316,-0.06265631978345794,-0.06266438518611976,-0.06266634034078689,0.0,2.0,1.0,0.0,30.0,0.05
clearaccept_confirmatory,vqc_cancer,105,device_aware_fallback,30.0,50.0,11.399748040806461,50,21,"{""2"": 50}",0.9318592910422012,206.5625,,,,128,0,0,classical,0.0625,0.001,0.0,0.0,0.008,0.0,0.001048,0.0,-0.06262134534215316,-0.06265631978345794,-0.06266438518611976,-0.06266634034078689,0.0,6.0,2.0,0.0,120.0,0.15
clearaccept_confirmatory,vqc_cancer,105,capo_joint_only_espend,30.0,42.0,5.143510554093684,42,14,"{""2"": 42}",0.19974354200530797,206.609375,,,,512,0,2,classical,0.0625,0.001,0.0,0.0,0.008,0.0,0.001048,0.0,-0.06262134534215316,-0.06265631978345794,-0.06266438518611976,-0.06266634034078689,0.0,4.0,2.0,0.0,30.0,0.05
clearaccept_confirmatory,vqc_cancer,106,exhaustive_f0,30.0,595.1999999997596,29.172576000012665,29172,9720,"{""0"": 29160, ""2"": 12}",2.74002558295615,206.625,,,,128,0,1,classical,0.0625,0.001,0.0,0.0,0.008,0.0,0.001048,0.0,-0.06261295628169736,-0.06265744952114838,-0.06266461068540266,-0.0626679388588148,0.0,2.0,1.0,0.0,30.0,0.05
clearaccept_confirmatory,vqc_cancer,106,device_aware_fallback,30.0,50.0,7.551116596186127,50,22,"{""2"": 50}",0.9095588750205934,206.734375,,,,128,1,1,classical,0.0625,0.001,0.0,0.0,0.008,0.0,0.001048,0.0,-0.06261295628169736,-0.06265744952114838,-0.06266461068540266,-0.0626679388588148,0.0,6.0,3.0,0.0,30.0,0.05
clearaccept_confirmatory,vqc_cancer,106,capo_joint_only_espend,30.0,42.0,9.748511417184059,42,14,"{""2"": 42}",0.27443804196082056,206.75,,,,2048,1,1,local_sim,0.0625,0.001536,0.0,0.0,0.012288,0.0,0.001609728,0.0,-0.06267350084868714,-0.06274184246448389,-0.06275284201277845,-0.06275795408713952,0.0,6.0,1.0,1.0,120.0,0.15
clearaccept_confirmatory,vqc_cancer,107,exhaustive_f0,30.0,595.1999999997596,29.172576000012665,29172,9720,"{""0"": 29160, ""2"": 12}",2.800467958091758,206.796875,,,,128,0,0,classical,0.07499999999999996,0.001,0.0,0.0,0.008,0.0,0.001048,0.0,-0.07510302791714255,-0.07514917482166203,-0.07515866044021391,-0.0751624091979823,0.0,2.0,1.0,0.0,30.0,0.05
clearaccept_confirmatory,vqc_cancer,107,device_aware_fallback,30.0,50.0,8.500636650223852,50,22,"{""2"": 50}",0.7492784160422161,206.875,,,,2048,0,0,classical,0.07499999999999996,0.001,0.0,0.0,0.008,0.0,0.001048,0.0,-0.07510302791714255,-0.07514917482166203,-0.07515866044021391,-0.0751624091979823,0.0,6.0,3.0,0.0,120.0,0.15
clearaccept_confirmatory,vqc_cancer,107,capo_joint_only_espend,30.0,42.0,14.705529659556937,42,14,"{""2"": 42}",0.5091800410300493,206.921875,,,,2048,0,0,classical,0.07499999999999996,0.001,0.0,0.0,0.008,0.0,0.001048,0.0,-0.07510302791714255,-0.07514917482166203,-0.07515866044021391,-0.0751624091979823,0.0,4.0,3.0,1.0,60.0,0.05
clearaccept_confirmatory,vqc_cancer,108,exhaustive_f0,30.0,595.1999999997596,29.172576000012665,29172,9720,"{""0"": 29160, ""2"": 12}",2.7229805419920012,206.921875,,,,128,0,0,classical,0.0625,0.001,0.0,0.0,0.008,0.0,0.001048,0.0,-0.06260674277658107,-0.06264877093947713,-0.06265893255314685,-0.06266698050977564,0.0,2.0,1.0,0.0,30.0,0.05
clearaccept_confirmatory,vqc_cancer,108,device_aware_fallback,30.0,50.0,16.044867986520813,50,22,"{""2"": 50}",0.5802476670360193,207.015625,,,,512,0,2,classical,0.0625,0.001,0.0,0.0,0.008,0.0,0.001048,0.0,-0.06260674277658107,-0.06264877093947713,-0.06265893255314685,-0.06266698050977564,0.0,4.0,1.0,1.0,60.0,0.05
clearaccept_confirmatory,vqc_cancer,108,capo_joint_only_espend,30.0,42.0,8.533344430214798,42,14,"{""2"": 42}",0.4626076250569895,207.046875,,,,2048,1,1,remote_sim,0.041562500000000016,0.050854651456973286,0.0,0.0,1.6000000000000003e-05,6.400000000000001e-13,0.05085474748897327,0.0,-0.04448625129562315,-0.05306288029324086,-0.05526102553163997,-0.05755529637905854,0.0,4.0,1.0,1.0,120.0,0.15
clearaccept_confirmatory,vqc_cancer,109,exhaustive_f0,30.0,595.1999999997596,29.172576000012665,29172,9720,"{""0"": 29160, ""2"": 12}",2.7226732498966157,207.125,,,,128,0,0,classical,0.08750000000000002,0.001,0.0,0.0,0.008,0.0,0.001048,0.0,-0.08760255917379142,-0.08764730257297491,-0.0876574679001855,-0.08766733264112886,0.0,2.0,1.0,0.0,30.0,0.05
clearaccept_confirmatory,vqc_cancer,109,device_aware_fallback,30.0,50.0,4.928242749623466,50,21,"{""2"": 50}",0.8975781250046566,207.265625,,,,128,0,1,local_sim,0.07343749999999999,0.003072,0.0,0.0,0.024576,0.0,0.003219456,0.0,-0.07375256178188719,-0.08784279179108517,-0.08794285804381184,-0.0880140458735478,0.0,6.0,2.0,1.0,120.0,0.15
clearaccept_confirmatory,vqc_cancer,109,capo_joint_only_espend,30.0,42.0,14.343673122159599,42,14,"{""2"": 42}",0.4795962499920279,207.390625,,,,128,1,1,remote_sim,0.07531249999999998,0.032014128293566126,0.0,0.0,0.000144,5.7600000000000005e-12,0.03201499258156613,0.0,-0.07706812060384446,-0.0897275362711804,-0.09426677879216912,-0.10299842964092194,0.0,6.0,3.0,0.0,120.0,0.15
clearaccept_confirmatory,vqc_cancer,110,exhaustive_f0,30.0,595.1999999997596,29.172576000012665,29172,9720,"{""0"": 29160, ""2"": 12}",2.822564792004414,207.40625,,,,128,0,0,classical,0.050000000000000044,0.001,0.0,0.0,0.008,0.0,0.001048,0.0,-0.05012010990953526,-0.05016171424957588,-0.05016470270971571,-0.050166173832213994,0.0,2.0,1.0,0.0,30.0,0.05
clearaccept_confirmatory,vqc_cancer,110,device_aware_fallback,30.0,50.0,10.13400950397334,50,22,"{""2"": 50}",0.7744443330448121,207.484375,,,,2048,0,0,classical,0.050000000000000044,0.001,0.0,0.0,0.008,0.0,0.001048,0.0,-0.05012010990953526,-0.05016171424957588,-0.05016470270971571,-0.050166173832213994,0.0,6.0,3.0,0.0,120.0,0.15
clearaccept_confirmatory,vqc_cancer,110,capo_joint_only_espend,30.0,42.0,5.88040588684223,42,14,"{""2"": 42}",0.5878707909723744,207.5625,,,,2048,0,0,local_sim,0.050000000000000044,0.000768,0.0,0.0,0.006144,0.0,0.000804864,0.0,-0.05009224441052309,-0.05012419654367428,-0.050126491681061675,-0.05012762150314035,0.0,6.0,1.0,0.0,120.0,0.05
clearaccept_confirmatory,vqc_cancer,111,exhaustive_f0,30.0,595.1999999997596,29.172576000012665,29172,9720,"{""0"": 29160, ""2"": 12}",2.8559267499949783,207.625,,,,128,0,1,classical,0.03749999999999998,0.001,0.0,0.0,0.008,0.0,0.001048,0.0,-0.03760965444237883,-0.037657275362097536,-0.03766031023888596,-0.037664235044704585,0.0,2.0,1.0,0.0,30.0,0.05
clearaccept_confirmatory,vqc_cancer,111,device_aware_fallback,30.0,50.0,10.690201283106402,50,22,"{""2"": 50}",0.9043659999733791,207.703125,,,,512,0,0,classical,0.03749999999999998,0.001,0.0,0.0,0.008,0.0,0.001048,0.0,-0.03760965444237883,-0.037657275362097536,-0.03766031023888596,-0.037664235044704585,0.0,6.0,3.0,1.0,30.0,0.05
clearaccept_confirmatory,vqc_cancer,111,capo_joint_only_espend,30.0,42.0,9.829983886496036,42,14,"{""2"": 42}",0.2709577919449657,207.75,,,,2048,0,0,classical,0.03749999999999998,0.001,0.0,0.0,0.008,0.0,0.001048,0.0,-0.03760965444237883,-0.037657275362097536,-0.03766031023888596,-0.037664235044704585,0.0,6.0,1.0,1.0,60.0,0.05
