experiment,workload,seed,method,budget,search_cost_units,search_cost_modeled_s,search_evaluations,unique_candidates,fidelity_counts,search_wall_s,peak_rss_mb,cfg_compile_level,cfg_mitigation,cfg_opt_iters,cfg_p,cfg_placement,cfg_shots,cfg_warm_start,quality_loss,delay_s,deadline_miss,infeasible,energy_j,money,cost_scalar,realized_fail,utility,utility_p10,utility_cvar10,utility_min,service_violation,cfg_layers,cfg_lr,cfg_n_qubits,cfg_reupload,cfg_train_iters
clearaccept_confirmatory,qaoa,100,tpe,30.0,42.0,22.854529633804958,42,10,"{""2"": 42}",4.933595541981049,181.34375,0,0,20.0,2.0,remote_sim,2048,1.0,0.0014354208131869234,0.06858919859322399,0.0,0.05,1.262288,5.049152000000001e-08,0.07616545116922399,0.0,-0.26378442335196534,-0.01822924331527158,-2.5309640604227965,-5.04682880245298,0.05,,,,,
clearaccept_confirmatory,qaoa,100,successive_halving,30.0,44.639999999999986,12.860362874664496,132,69,"{""0"": 72, ""1"": 24, ""2"": 36}",0.0774950000923127,181.359375,1,1,80.0,1.0,local_sim,2048,1.0,0.0007177104065934617,0.148304,0.0,0.025,1.186432,0.0,0.155422592,0.0,-0.1431663961982666,-0.02365897201420687,-1.2802748416043115,-5.047700142040652,0.025,,,,,
clearaccept_confirmatory,qaoa,101,tpe,30.0,42.0,307.460179331109,42,10,"{""2"": 42}",0.22374337504152209,181.578125,0,0,20.0,2.0,remote_sim,2048,1.0,0.0,0.06616295392701646,0.0,0.0,1.262288,5.049152000000001e-08,0.07373920650301646,0.0,-0.011786238229352526,-0.014804291935559192,-0.018479455376758012,-0.025146933398643125,0.0,,,,,
clearaccept_confirmatory,qaoa,101,successive_halving,30.0,44.639999999999986,4.62227143839952,132,71,"{""0"": 72, ""1"": 24, ""2"": 36}",0.07394358399324119,181.59375,2,1,80.0,3.0,classical,512,1.0,0.041964086260090995,0.005149192380486056,0.0,0.0,0.04119353904388845,0.0,0.005396353614749386,0.0,-0.04254371280874428,-0.18321584748721853,-0.2769759800456443,-0.42108044871349587,0.0,,,,,
clearaccept_confirmatory,qaoa,102,tpe,30.0,42.0,256.3312181525833,42,10,"{""2"": 42}",0.48591054102871567,181.59375,1,1,80.0,2.0,remote_sim,2048,1.0,0.0,0.07659460480990403,0.0,0.0,1.262288,5.049152000000001e-08,0.08417085738590405,0.0,-0.012640190552236835,-0.015694677232960842,-0.017444171739375597,-0.01865074757651582,0.0,,,,,
clearaccept_confirmatory,qaoa,102,successive_halving,30.0,44.639999999999986,5.868146041420587,132,69,"{""0"": 72, ""1"": 24, ""2"": 36}",0.08496725000441074,181.59375,1,0,20.0,1.0,local_sim,2048,1.0,0.0,0.148304,0.0,0.0,1.186432,0.0,0.155422592,0.0,-0.016813020147148035,-0.0236147048836679,-0.024146965359862837,-0.0246448737467891,0.0,,,,,
clearaccept_confirmatory,qaoa,103,tpe,30.0,42.0,323.6363070454466,42,10,"{""2"": 42}",0.18970816698856652,181.703125,2,0,20.0,1.0,local_sim,2048,1.0,0.0,0.298304,0.05,0.0,2.386432,0.0,0.31262259200000003,0.0,-0.13376764474184338,-0.04603248936644481,-1.045038149787084,-2.0454161509904103,0.05,,,,,
clearaccept_confirmatory,qaoa,103,successive_halving,30.0,44.639999999999986,3.7941644074374175,132,68,"{""0"": 72, ""1"": 24, ""2"": 36}",0.07074654195457697,181.703125,1,1,40.0,1.0,classical,2048,0.0,0.04434033708672068,0.005089401514851488,0.0,0.0,0.040715212118811905,0.0,0.005333692787564359,0.0,-0.04491503977865764,-0.08574982175221169,-0.28760296906304555,-0.4054352027999982,0.0,,,,,
clearaccept_confirmatory,qaoa,104,tpe,30.0,42.0,101.70561446300059,42,10,"{""2"": 42}",0.21395908400882035,181.96875,1,0,40.0,3.0,classical,2048,1.0,0.15790907738553153,0.00505022905417718,0.0,0.0,0.04040183243341744,0.0,0.0052926400487776845,0.0,-0.15847908105690994,-0.5040532696971542,-0.5532789945532274,-0.6350806169442058,0.0,,,,,
clearaccept_confirmatory,qaoa,104,successive_halving,30.0,44.639999999999986,16.284389925642426,132,70,"{""0"": 72, ""1"": 24, ""2"": 36}",0.07330737495794892,181.96875,0,0,20.0,1.0,local_sim,512,1.0,0.043896909198337844,0.108304,0.0,0.0,0.866432,0.0,0.11350259199999999,0.0,-0.05608531408127224,-0.2207008538253677,-0.2462439849573098,-0.31836822667768605,0.0,,,,,
clearaccept_confirmatory,qaoa,105,tpe,30.0,42.0,90.67752347515719,42,10,"{""2"": 42}",0.10033970896620303,182.265625,1,0,20.0,1.0,classical,512,0.0,0.022613209622772322,0.00492331781424582,0.0,0.0,0.03938654251396656,0.0,0.005159637069329619,0.0,-0.023210883207764797,-0.07539919202277359,-0.08911815200078277,-0.12933156777923643,0.0,,,,,
clearaccept_confirmatory,qaoa,105,successive_halving,30.0,44.639999999999986,4.6561543531030205,132,72,"{""0"": 72, ""1"": 24, ""2"": 36}",0.07992395793553442,182.265625,2,1,40.0,2.0,classical,512,0.0,0.022613209622772322,0.004957775803632103,0.0,0.0,0.03966220642905682,0.0,0.005195749042206444,0.0,-0.023214302362593215,-0.0754062476608467,-0.089113079461062,-0.12928477760737261,0.0,,,,,
clearaccept_confirmatory,qaoa,106,tpe,30.0,42.0,128.72521498312597,42,10,"{""2"": 42}",0.20980604190845042,182.578125,1,0,80.0,2.0,classical,128,0.0,0.07768008840982257,0.005000025994377211,0.0,0.0,0.040000207955017686,0.0,0.005240027242107316,0.0,-0.07824354199758823,-0.17301418303476937,-0.23649456745744868,-0.2889395929322019,0.0,,,,,
clearaccept_confirmatory,qaoa,106,successive_halving,30.0,44.639999999999986,10.88169450301617,132,70,"{""0"": 72, ""1"": 24, ""2"": 36}",0.055390916066244245,182.578125,0,0,40.0,3.0,remote_sim,512,1.0,0.024883571466652633,0.0921481342313365,0.0,0.0,1.268432,5.073728000000001e-08,0.09976126309533649,0.0,-0.03844062063062713,-0.12138606668324854,-0.15206428003061634,-0.18077875520326786,0.0,,,,,
clearaccept_confirmatory,qaoa,107,tpe,30.0,42.0,192.2311685085858,42,10,"{""2"": 42}",0.0776982499519363,182.8125,0,0,20.0,2.0,remote_sim,512,1.0,0.002547594995312195,0.06674220894461769,0.0,0.0,1.262288,5.049152000000001e-08,0.07431846152061769,0.025,-0.015099747394457536,-0.01591028811320263,-0.05289266194376231,-0.15999328354498796,0.025,,,,,
clearaccept_confirmatory,qaoa,107,successive_halving,30.0,44.639999999999986,9.700198295758444,132,71,"{""0"": 72, ""1"": 24, ""2"": 36}",0.06324908300302923,182.8125,1,1,80.0,3.0,classical,512,0.0,0.01110618036497837,0.0050668329786276445,0.0,0.0,0.040534663829021156,0.0,0.0053100409616017715,0.0,-0.011630171738671966,-0.04241515839184451,-0.04485331120188461,-0.04500211008030863,0.0,,,,,
clearaccept_confirmatory,qaoa,108,tpe,30.0,42.0,903.6582045082865,42,10,"{""2"": 42}",0.4631675840355456,182.84375,2,1,20.0,2.0,local_sim,128,1.0,0.11435561269947647,0.396608,0.0,0.125,3.172864,0.0,0.415645184,0.0,-0.7816906518337421,-5.452023239322242,-5.586632338932456,-5.5984687832903575,0.125,,,,,
clearaccept_confirmatory,qaoa,108,successive_halving,30.0,44.639999999999986,14.382782816278109,132,72,"{""0"": 72, ""1"": 24, ""2"": 36}",0.06508579209912568,182.859375,0,0,20.0,2.0,local_sim,2048,1.0,0.0,0.20660800000000004,0.0,0.0,1.6528640000000003,0.0,0.21652518400000004,0.0,-0.02205391158386206,-0.030737266263488036,-0.03283673694056236,-0.034499509163723255,0.0,,,,,
clearaccept_confirmatory,qaoa,109,tpe,30.0,42.0,65.62208479780168,42,10,"{""2"": 42}",0.17355312500149012,182.859375,0,1,20.0,1.0,remote_sim,512,1.0,0.0008167850630339743,0.04703812829356613,0.0,0.0,1.2561440000000001,5.024576000000001e-08,0.05457750458156614,0.0,-0.010930614693920546,-0.014399589312240993,-0.01651671293766139,-0.019749532661258867,0.0,,,,,
clearaccept_confirmatory,qaoa,109,successive_halving,30.0,44.639999999999986,1.2639841187819068,132,71,"{""0"": 72, ""1"": 24, ""2"": 36}",0.08098720805719495,182.859375,2,0,20.0,1.0,classical,128,1.0,0.0670304754899911,0.0050761404854711145,0.0,0.0,0.040609123883768916,0.0,0.005319795228773727,0.0,-0.06755250176576523,-0.197704741193066,-0.27761280492387524,-0.4325280574001774,0.0,,,,,
clearaccept_confirmatory,qaoa,110,tpe,30.0,42.0,276.8383736808971,42,10,"{""2"": 42}",0.24353987502399832,182.890625,2,1,20.0,3.0,classical,2048,1.0,0.026922662139781776,0.005371015635319054,0.0,0.15,0.04296812508255243,0.0,0.005628824385814369,0.0,-0.7775703541115597,-5.0071501665463645,-5.2060989659234576,-5.535168984611972,0.15,,,,,
clearaccept_confirmatory,qaoa,110,successive_halving,30.0,44.639999999999986,3.0793417398273952,132,72,"{""0"": 72, ""1"": 24, ""2"": 36}",0.06850516702979803,182.890625,0,1,20.0,2.0,remote_sim,2048,1.0,0.0,0.053992968202933936,0.0,0.0,1.262288,5.049152000000001e-08,0.06156922077893394,0.0,-0.011415135892824457,-0.013498215525463025,-0.01473691641394271,-0.015774179652775906,0.0,,,,,
clearaccept_confirmatory,qaoa,111,tpe,30.0,42.0,72.09474292348156,42,9,"{""2"": 42}",0.14215587498620152,182.890625,1,0,80.0,1.0,local_sim,2048,1.0,0.0,0.148304,0.0,0.0,1.186432,0.0,0.155422592,0.0,-0.016262192422552214,-0.023324565300516735,-0.023774649667747123,-0.02435671406987245,0.0,,,,,
clearaccept_confirmatory,qaoa,111,successive_halving,30.0,44.639999999999986,15.301455509832842,132,71,"{""0"": 72, ""1"": 24, ""2"": 36}",0.08169775002170354,182.890625,1,1,40.0,2.0,remote_sim,2048,1.0,0.0,0.08192355727348175,0.0,0.0,1.262288,5.049152000000001e-08,0.08949980984948175,0.0,-0.012627436149342103,-0.016782585144486,-0.017132742908501128,-0.0174211688633033,0.0,,,,,
clearaccept_confirmatory,qaoa_channel,100,tpe,30.0,42.0,25.10459809972408,42,10,"{""2"": 42}",5.325454749981873,187.46875,1,1,40.0,1.0,classical,2048,1.0,0.0,0.005579521006438881,0.0,0.0,0.04463616805151105,0.0,0.005847338014747948,0.0,-0.0006543242536155966,-0.0008778926191473879,-0.00089716215551813,-0.0009078367215009659,0.0,,,,,
clearaccept_confirmatory,qaoa_channel,100,successive_halving,30.0,44.639999999999986,14.323286423235059,132,69,"{""0"": 72, ""1"": 24, ""2"": 36}",0.1169918340165168,187.46875,0,0,80.0,2.0,classical,512,0.0,0.0,0.005583880003541708,0.0,0.0,0.044671040028333664,0.0,0.00585190624371171,0.0,-0.00065724339569266,-0.0008787760678477125,-0.0009060111733844436,-0.0009220719615172701,0.0,,,,,
clearaccept_confirmatory,qaoa_channel,101,tpe,30.0,42.0,307.460179331109,42,10,"{""2"": 42}",0.22771258291322738,187.671875,0,0,20.0,2.0,remote_sim,2048,1.0,0.0,0.06616295392701646,0.0,0.0,1.262288,5.049152000000001e-08,0.07373920650301646,0.0,-0.011786238229352526,-0.014804291935559192,-0.018479455376758012,-0.025146933398643125,0.0,,,,,
clearaccept_confirmatory,qaoa_channel,101,successive_halving,30.0,44.639999999999986,3.49109302072756,132,70,"{""0"": 72, ""1"": 24, ""2"": 36}",0.07642966590356082,187.671875,1,1,40.0,1.0,classical,2048,1.0,0.009996187238821362,0.005490312381880358,0.0,0.0,0.04392249905504286,0.0,0.005753847376210615,0.0,-0.010614778357848726,-0.01887651810339034,-0.09073553264102262,-0.11840890309285843,0.0,,,,,
clearaccept_confirmatory,qaoa_channel,102,tpe,30.0,42.0,256.3312181525833,42,10,"{""2"": 42}",0.47661637503188103,187.734375,0,0,20.0,2.0,remote_sim,512,1.0,0.0,0.03659460480990403,0.0,0.0,1.262288,5.049152000000001e-08,0.04417085738590403,0.0,-0.010025445664129157,-0.011646994961877693,-0.012862520776391143,-0.014117699598670617,0.0,,,,,
clearaccept_confirmatory,qaoa_channel,102,successive_halving,30.0,44.639999999999986,2.3641007847241804,132,70,"{""0"": 72, ""1"": 24, ""2"": 36}",0.08934070798568428,187.734375,0,1,20.0,1.0,classical,512,0.0,0.0010582942810910322,0.005682359216734767,0.0,0.0,0.045458873733878136,0.0,0.005955112459138036,0.0,-0.001705152556288226,-0.0009001343028302206,-0.0114753094842769,-0.04288307161206351,0.0,,,,,
clearaccept_confirmatory,qaoa_channel,103,tpe,30.0,42.0,320.54333560096984,42,10,"{""2"": 42}",0.20655970892403275,187.734375,0,1,20.0,2.0,classical,2048,0.0,0.004782656874227704,0.005412791695562191,0.0,0.0,0.04330233356449753,0.0,0.005672605696949177,0.0,-0.005395570307856558,-0.000869463562430688,-0.048549817193112826,-0.0645921549270951,0.0,,,,,
clearaccept_confirmatory,qaoa_channel,103,successive_halving,30.0,44.639999999999986,4.013118538705898,132,71,"{""0"": 72, ""1"": 24, ""2"": 36}",0.07458516594488174,187.734375,2,0,20.0,1.0,classical,128,1.0,0.004782656874227704,0.005393530809669755,0.0,0.0,0.04314824647735804,0.0,0.005652420288533903,0.0,-0.005392979293962895,-0.0008611639328011679,-0.0485236122377105,-0.06452053443591427,0.0,,,,,
clearaccept_confirmatory,qaoa_channel,104,tpe,30.0,42.0,105.63302112826274,42,10,"{""2"": 42}",0.21750870894175023,187.734375,1,0,40.0,3.0,classical,2048,1.0,0.017368745537487233,0.005452229059301317,0.0,0.0,0.043617832474410534,0.0,0.00571393605414778,0.0,-0.017981563677530853,-0.0008904077726808058,-0.17441076720719365,-0.3480468702438363,0.0,,,,,
clearaccept_confirmatory,qaoa_channel,104,successive_halving,30.0,44.639999999999986,3.1678271395795696,132,70,"{""0"": 72, ""1"": 24, ""2"": 36}",0.08553187502548099,187.734375,0,0,40.0,3.0,classical,2048,1.0,0.017368745537487233,0.005397677319706418,0.0,0.0,0.04318141855765134,0.0,0.005656765831052326,0.0,-0.01797586293679907,-0.0008924722291278333,-0.17439811931145283,-0.34801733116689404,0.0,,,,,
clearaccept_confirmatory,qaoa_channel,105,tpe,30.0,42.0,88.08884907250552,42,10,"{""2"": 42}",0.10535112500656396,187.75,2,0,80.0,2.0,classical,2048,0.0,0.0,0.005439843764179386,0.0,0.0,0.04351875011343509,0.0,0.005700956264859997,0.0,-0.0006613255519827162,-0.0008584565115245192,-0.0009007502004810449,-0.0009260998310461039,0.0,,,,,
clearaccept_confirmatory,qaoa_channel,105,successive_halving,30.0,44.639999999999986,3.7678020872197817,132,70,"{""0"": 72, ""1"": 24, ""2"": 36}",0.08222587499767542,187.75,0,1,20.0,3.0,classical,2048,1.0,0.0,0.005405979245551862,0.0,0.0,0.043247833964414895,0.0,0.005665466249338351,0.0,-0.0006550479462207497,-0.0008527125509231059,-0.0008757778681460887,-0.0009096904889607908,0.0,,,,,
clearaccept_confirmatory,qaoa_channel,106,tpe,30.0,42.0,124.59216964971729,42,10,"{""2"": 42}",0.23717770806979388,187.75,2,1,80.0,3.0,classical,128,0.0,0.002818196391472709,0.005404838055255823,0.0,0.0,0.04323870444204658,0.0,0.005664270281908103,0.0,-0.003429153079857546,-0.0009023029161153596,-0.028820822168980575,-0.038454935013803794,0.0,,,,,
clearaccept_confirmatory,qaoa_channel,106,successive_halving,30.0,44.639999999999986,5.076051477418398,132,71,"{""0"": 72, ""1"": 24, ""2"": 36}",0.07444941706489772,187.75,2,1,80.0,1.0,classical,128,1.0,0.002818196391472709,0.00547219738655258,0.0,0.0,0.04377757909242064,0.0,0.005734862861107104,0.0,-0.003436030462746384,-0.0008717255062994846,-0.02883798991395352,-0.0385199076373038,0.0,,,,,
clearaccept_confirmatory,qaoa_channel,107,tpe,30.0,42.0,183.55927523637658,42,10,"{""2"": 42}",0.0827874590177089,187.984375,2,0,80.0,2.0,classical,128,0.0,0.006220757829633269,0.005417864565970376,0.0,0.0,0.04334291652776301,0.0,0.005677922065136955,0.0,-0.006777049427854812,-0.02910509524297592,-0.0483707866457533,-0.05859676943969693,0.0,,,,,
clearaccept_confirmatory,qaoa_channel,107,successive_halving,30.0,44.639999999999986,4.528967170934075,132,67,"{""0"": 72, ""1"": 24, ""2"": 36}",0.08029504190199077,187.984375,0,0,40.0,1.0,classical,128,0.0,0.006220757829633269,0.005480874999193475,0.0,0.0,0.0438469999935478,0.0,0.005743956999154762,0.0,-0.006784799146309341,-0.029115279434595017,-0.04838351144366246,-0.05859716054606458,0.0,,,,,
clearaccept_confirmatory,qaoa_channel,108,tpe,30.0,42.0,905.4744672681824,42,10,"{""2"": 42}",0.5038472909945995,188.0,2,1,20.0,2.0,classical,2048,1.0,0.0022130408738776077,0.005495015691849403,0.0,0.0,0.043960125534795225,0.0,0.0057587764450581745,0.0,-0.002799544054239531,-0.000820758204088834,-0.022899489566228948,-0.08889201667298388,0.0,,,,,
clearaccept_confirmatory,qaoa_channel,108,successive_halving,30.0,44.639999999999986,18.539889176746122,132,72,"{""0"": 72, ""1"": 24, ""2"": 36}",0.09229741606395692,188.0,1,1,80.0,3.0,classical,128,0.0,0.0022130408738776077,0.005447827614261769,0.0,0.0,0.04358262091409415,0.0,0.005709323339746333,0.0,-0.002796042451354573,-0.0008508775084523777,-0.02290267669083787,-0.08891215695724793,0.0,,,,,
clearaccept_confirmatory,qaoa_channel,109,tpe,30.0,42.0,67.32569904854434,42,10,"{""2"": 42}",0.19229962502140552,188.0,0,1,20.0,1.0,remote_sim,512,1.0,0.0,0.04703812829356613,0.0,0.0,1.2561440000000001,5.024576000000001e-08,0.05457750458156614,0.0,-0.010113829630886573,-0.012597666263273629,-0.01389294623049729,-0.01508218944392187,0.0,,,,,
clearaccept_confirmatory,qaoa_channel,109,successive_halving,30.0,44.639999999999986,2.838328096000518,132,72,"{""0"": 72, ""1"": 24, ""2"": 36}",0.09107199998106807,188.0,2,1,40.0,2.0,classical,2048,1.0,0.011657631061864284,0.006284192611929029,0.0,0.0,0.050273540895432234,0.0,0.006585833857301623,0.0,-0.012304321110490369,-0.01250827490239853,-0.11714271460535719,-0.12799992954150935,0.0,,,,,
clearaccept_confirmatory,qaoa_channel,110,tpe,30.0,42.0,276.6430746773852,42,10,"{""2"": 42}",0.24611866590566933,188.0,2,0,40.0,3.0,classical,512,0.0,0.0005508730678569542,0.0054303441575029865,0.0,0.0,0.04344275326002389,0.0,0.005691000677063129,0.0,-0.0012030754091378732,-0.0009082625668409705,-0.0060395410735711395,-0.007757006380278911,0.0,,,,,
clearaccept_confirmatory,qaoa_channel,110,successive_halving,30.0,44.639999999999986,1.6305207834032804,132,71,"{""0"": 72, ""1"": 24, ""2"": 36}",0.08547566598281264,188.0,0,1,80.0,3.0,classical,512,0.0,0.0005508730678569542,0.005686844131560065,0.0,0.0,0.04549475305248052,0.0,0.005959812649874948,0.0,-0.0012301725400515134,-0.0009247519586077083,-0.0060965460989699325,-0.007961118223518708,0.0,,,,,
clearaccept_confirmatory,qaoa_channel,111,tpe,30.0,42.0,67.6418897653054,42,9,"{""2"": 42}",0.1482345829717815,188.0,2,1,20.0,2.0,classical,512,1.0,0.0,0.006145041697891429,0.0,0.0,0.04916033358313143,0.0,0.006440003699390217,0.0,-0.0006733218186662293,-0.0009538623580661234,-0.001103038550609891,-0.0012769362213664191,0.0,,,,,
clearaccept_confirmatory,qaoa_channel,111,successive_halving,30.0,44.639999999999986,4.999300250018798,132,71,"{""0"": 72, ""1"": 24, ""2"": 36}",0.09297274996060878,188.0,0,1,40.0,2.0,classical,512,1.0,0.0,0.006002499852911569,0.0,0.0,0.04801999882329255,0.0,0.0062906198458513255,0.0,-0.0006526144698911629,-0.0009058680693861861,-0.0009703764060371039,-0.0010454345612374157,0.0,,,,,
clearaccept_confirmatory,qaoa_place,100,tpe,30.0,42.0,24.29075212323357,42,10,"{""2"": 42}",4.888664790894836,188.03125,0,0,20.0,2.0,remote_sim,2048,1.0,0.0,0.06858919859322399,0.0,0.0,1.262288,5.049152000000001e-08,0.07616545116922399,0.0,-0.012349002538778372,-0.017971626632993187,-0.01906285079303287,-0.02099614697316535,0.0,,,,,
clearaccept_confirmatory,qaoa_place,100,successive_halving,30.0,44.639999999999986,10.349761084797494,132,67,"{""0"": 72, ""1"": 24, ""2"": 36}",0.047272208030335605,188.046875,1,0,20.0,3.0,remote_sim,512,1.0,0.02414947773950069,0.108613774593224,0.0,0.0,1.268432,5.073728000000001e-08,0.11622690345722397,0.0,-0.039323262651428145,-0.1432131565552054,-0.16268190261582138,-0.1681727453710723,0.0,,,,,
clearaccept_confirmatory,qaoa_place,101,tpe,30.0,42.0,307.460179331109,42,10,"{""2"": 42}",0.22708241699729115,188.34375,0,0,20.0,2.0,remote_sim,2048,1.0,0.0,0.06616295392701646,0.0,0.0,1.262288,5.049152000000001e-08,0.07373920650301646,0.0,-0.011786238229352526,-0.014804291935559192,-0.018479455376758012,-0.025146933398643125,0.0,,,,,
clearaccept_confirmatory,qaoa_place,101,successive_halving,30.0,44.639999999999986,3.075833962284819,132,70,"{""0"": 72, ""1"": 24, ""2"": 36}",0.07416066701989621,188.34375,0,1,80.0,3.0,classical,2048,1.0,0.03371249753033891,0.005032615110394545,0.0,0.0,0.04026092088315636,0.0,0.005274180635693483,0.0,-0.03427954057697881,-0.13000308497702492,-0.1505254317621395,-0.16363910747356747,0.0,,,,,
clearaccept_confirmatory,qaoa_place,102,tpe,30.0,42.0,256.3263701611685,42,10,"{""2"": 42}",0.4566808750387281,188.359375,0,0,20.0,2.0,remote_sim,512,1.0,0.00037739424462797925,0.03659460480990403,0.0,0.0,1.262288,5.049152000000001e-08,0.04417085738590403,0.0,-0.010402839908757136,-0.011656438122372994,-0.015983893113993654,-0.024134476400386875,0.0,,,,,
clearaccept_confirmatory,qaoa_place,102,successive_halving,30.0,44.639999999999986,4.158775542454278,132,71,"{""0"": 72, ""1"": 24, ""2"": 36}",0.06969141704030335,188.359375,1,1,20.0,1.0,classical,512,1.0,0.017134887890292265,0.005092025865451433,0.0,0.0,0.04073620692361146,0.0,0.005336443106993102,0.0,-0.01771036992958628,-0.06460803281483765,-0.0841002267315992,-0.10370017352488972,0.0,,,,,
clearaccept_confirmatory,qaoa_place,103,tpe,30.0,42.0,326.66660821464063,42,10,"{""2"": 42}",0.2361500000115484,188.359375,2,0,20.0,1.0,local_sim,2048,1.0,0.0,0.298304,0.05,0.0,2.386432,0.0,0.31262259200000003,0.0,-0.13376764474184338,-0.04603248936644481,-1.045038149787084,-2.0454161509904103,0.05,,,,,
clearaccept_confirmatory,qaoa_place,103,successive_halving,30.0,44.639999999999986,6.394841892000284,132,70,"{""0"": 72, ""1"": 24, ""2"": 36}",0.06597466603852808,188.359375,0,0,80.0,1.0,local_sim,2048,1.0,0.0,0.108304,0.025,0.0,0.866432,0.0,0.11350259199999999,0.0,-0.06225987917064675,-0.01650543862458602,-0.516392775963608,-2.0144036304524304,0.025,,,,,
clearaccept_confirmatory,qaoa_place,104,tpe,30.0,42.0,104.83071481616508,42,10,"{""2"": 42}",0.2518212500726804,188.359375,1,0,40.0,3.0,classical,2048,1.0,0.09554488160189988,0.004996447954908945,0.0,0.0,0.03997158363927156,0.0,0.005236277456744575,0.0,-0.09610688755471597,-0.1623049315746157,-0.3009897272392052,-0.4054060364891491,0.0,,,,,
clearaccept_confirmatory,qaoa_place,104,successive_halving,30.0,44.639999999999986,4.0797786866655805,132,68,"{""0"": 72, ""1"": 24, ""2"": 36}",0.07588575000409037,188.359375,0,0,20.0,2.0,remote_sim,512,1.0,0.0,0.04730435580203944,0.0,0.0,1.262288,5.049152000000001e-08,0.05488060837803945,0.0,-0.010531174007108537,-0.012961963801432884,-0.014077043986551538,-0.014761996090257423,0.0,,,,,
clearaccept_confirmatory,qaoa_place,105,tpe,30.0,42.0,91.23532392665822,42,10,"{""2"": 42}",0.10771291691344231,188.359375,2,0,80.0,2.0,classical,2048,0.0,0.3402542869023198,0.005251718976069242,0.0,0.0,0.042013751808553934,0.0,0.0055038014869205655,0.0,-0.34089210774577555,-0.7005433910020175,-0.7843320438762005,-0.844080121106675,0.0,,,,,
clearaccept_confirmatory,qaoa_place,105,successive_halving,30.0,44.639999999999986,15.21818436671664,132,70,"{""0"": 72, ""1"": 24, ""2"": 36}",0.05942299996968359,188.359375,1,1,80.0,2.0,remote_sim,2048,1.0,0.0,0.11258154657489386,0.0,0.0,1.262288,5.049152000000001e-08,0.12015779915089386,0.0,-0.01586076658719903,-0.01998957554064067,-0.021895588371880572,-0.022985177865861118,0.0,,,,,
clearaccept_confirmatory,qaoa_place,106,tpe,30.0,42.0,124.36781280196301,42,10,"{""2"": 42}",0.20076479203999043,188.375,2,1,80.0,3.0,classical,128,0.0,0.11289716818330595,0.005107541830511764,0.0,0.0,0.04086033464409411,0.0,0.005352703838376329,0.0,-0.11347415728845722,-0.23386711821239206,-0.24755107528783998,-0.2589128492372747,0.0,,,,,
clearaccept_confirmatory,qaoa_place,106,successive_halving,30.0,44.639999999999986,11.786434342318778,132,71,"{""0"": 72, ""1"": 24, ""2"": 36}",0.060180332977324724,188.375,0,1,80.0,2.0,remote_sim,512,1.0,0.016792449772975244,0.09212355823133649,0.0,0.0,1.262288,5.049152000000001e-08,0.0996998108073365,0.0,-0.030311026283370745,-0.03886262812823759,-0.18472166284734406,-0.18791907318461043,0.0,,,,,
clearaccept_confirmatory,qaoa_place,107,tpe,30.0,42.0,182.79177837858683,42,10,"{""2"": 42}",0.07751879200804979,188.609375,0,1,80.0,1.0,classical,2048,1.0,0.05690757709365597,0.005134729144629091,0.0,0.0,0.04107783315703273,0.0,0.005381196143571287,0.0,-0.05743667829183291,-0.24313882962862385,-0.32585561969888366,-0.35963390458838224,0.0,,,,,
clearaccept_confirmatory,qaoa_place,107,successive_halving,30.0,44.639999999999986,3.701942762673576,132,71,"{""0"": 72, ""1"": 24, ""2"": 36}",0.06957245897501707,188.609375,0,0,40.0,1.0,classical,128,0.0,0.05690757709365597,0.005205999448662624,0.0,0.0,0.04164799558930099,0.0,0.00545588742219843,0.0,-0.05744457662511222,-0.24314078346798268,-0.3258616094016692,-0.3596597935578055,0.0,,,,,
clearaccept_confirmatory,qaoa_place,108,tpe,30.0,42.0,897.0249405562936,42,10,"{""2"": 42}",0.46976237499620765,188.625,2,1,20.0,2.0,classical,2048,1.0,0.022067090597678606,0.005042968812631443,0.0,0.0,0.040343750501051545,0.0,0.005285031315637753,0.0,-0.022605796352822845,-0.027689360110088924,-0.18850151400978465,-0.4689783597968659,0.0,,,,,
clearaccept_confirmatory,qaoa_place,108,successive_halving,30.0,44.639999999999986,13.589540482688001,132,72,"{""0"": 72, ""1"": 24, ""2"": 36}",0.06429320794995874,188.625,1,1,20.0,2.0,classical,512,0.0,0.022067090597678606,0.004940630911733024,0.0,0.0,0.03952504729386419,0.0,0.005177781195496209,0.0,-0.022595188533542747,-0.027688091958050134,-0.18850135620657368,-0.4689678019824181,0.0,,,,,
clearaccept_confirmatory,qaoa_place,109,tpe,30.0,42.0,68.02420833938635,42,10,"{""2"": 42}",0.17262266704346985,188.625,0,1,80.0,1.0,local_sim,512,1.0,0.012941395286807492,0.108304,0.0,0.0,0.866432,0.0,0.11350259199999999,0.0,-0.024048964045111917,-0.06227912445140482,-0.09323526998099763,-0.12204279828794098,0.0,,,,,
clearaccept_confirmatory,qaoa_place,109,successive_halving,30.0,44.639999999999986,2.958574187876032,132,70,"{""0"": 72, ""1"": 24, ""2"": 36}",0.07729279203340411,188.625,0,1,20.0,3.0,classical,512,1.0,0.038948450489495544,0.005057082496932708,0.0,0.0,0.04045665997546166,0.0,0.0052998224567854775,0.0,-0.03946709243736959,-0.10619197315070847,-0.10993349372960703,-0.11361081748055667,0.0,,,,,
clearaccept_confirmatory,qaoa_place,110,tpe,30.0,42.0,279.59515270688644,42,10,"{""2"": 42}",0.23485695803537965,188.671875,0,0,40.0,2.0,qpu_B,512,1.0,0.03959574208763709,0.4560996431557453,0.1,0.0,5.5120000000000005,0.000512,0.5147716431557453,0.0,-0.33210475174946713,-0.47787530263726496,-2.1984992047525544,-2.3246400787887964,0.1,,,,,
clearaccept_confirmatory,qaoa_place,110,successive_halving,30.0,44.639999999999986,4.954954669910941,132,67,"{""0"": 72, ""1"": 24, ""2"": 36}",0.06864354200661182,188.671875,0,0,80.0,3.0,classical,512,0.0,0.09371756632124953,0.005107509539811872,0.0,0.0,0.040860076318494976,0.0,0.005352669997722842,0.0,-0.09433084658171972,-0.21009777713903952,-0.21530515379009085,-0.22213145006754617,0.0,,,,,
clearaccept_confirmatory,qaoa_place,111,tpe,30.0,42.0,63.56212975255289,42,9,"{""2"": 42}",0.1405850410228595,188.671875,1,0,80.0,1.0,local_sim,2048,1.0,0.0,0.148304,0.0,0.0,1.186432,0.0,0.155422592,0.0,-0.016262192422552214,-0.023324565300516735,-0.023774649667747123,-0.02435671406987245,0.0,,,,,
clearaccept_confirmatory,qaoa_place,111,successive_halving,30.0,44.639999999999986,8.795979558506204,132,71,"{""0"": 72, ""1"": 24, ""2"": 36}",0.06831766699906439,188.671875,2,1,20.0,1.0,classical,2048,1.0,0.1488063878616143,0.00510044333350379,0.0,0.0,0.04080354666803032,0.0,0.005345264613511972,0.0,-0.14936688951418536,-0.3394347498221472,-0.42182047176109566,-0.4799270478557507,0.0,,,,,
clearaccept_confirmatory,vqc,100,tpe,30.0,42.0,4.336937975721645,42,10,"{""2"": 42}",0.414582125027664,207.34375,2,1,,,remote_sim,2048,,0.14656249999999996,0.078540110593224,0.0,0.0,1.6000000000000003e-05,6.400000000000001e-13,0.078540206625224,0.025,-0.1526730625298179,-0.1464831011759649,-0.2619324571459849,-0.6045463134264338,0.025,1.0,0.15,4.0,1.0,60.0
clearaccept_confirmatory,vqc,100,successive_halving,30.0,44.639999999999986,0.37105820759893404,132,72,"{""0"": 72, ""1"": 24, ""2"": 36}",0.6006244160234928,207.34375,2,0,,,local_sim,128,,0.14281249999999998,0.003072,0.0,0.0,0.024576,0.0,0.003219456,0.0,-0.14317393571820056,-0.16273875812324867,-0.16908305449649927,-0.1753248397762425,0.0,2.0,0.05,6.0,1.0,120.0
clearaccept_confirmatory,vqc,101,tpe,30.0,42.0,4.2214813366102035,42,10,"{""2"": 42}",0.48715279099997133,207.34375,1,1,,,remote_sim,128,,0.27999999999999997,0.05111399392701647,0.0,0.0,4.8e-05,1.9200000000000003e-12,0.05111428202301647,0.0,-0.2832377444136784,-0.3022115629110376,-0.3042423882463873,-0.30581853704996,0.0,1.0,0.05,6.0,0.0,120.0
clearaccept_confirmatory,vqc,101,successive_halving,30.0,44.639999999999986,2.2121587137439755,132,72,"{""0"": 72, ""1"": 24, ""2"": 36}",0.8211446669884026,207.34375,2,0,,,remote_sim,2048,,0.24593750000000006,0.05111418592701646,0.0,0.0,9.6e-05,3.840000000000001e-12,0.051114762119016464,0.0,-0.24917554491755461,-0.25672895451261735,-0.2626097107997286,-0.2650991636070732,0.0,2.0,0.15,6.0,0.0,30.0
clearaccept_confirmatory,vqc,102,tpe,30.0,42.0,18.95775107030236,42,10,"{""2"": 42}",0.2571233339840546,207.546875,2,1,,,classical,512,,0.11250000000000004,0.001,0.0,0.0,0.008,0.0,0.001048,0.0,-0.11261336862220275,-0.11265923174616783,-0.11266282072877246,-0.11266617807845235,0.0,1.0,0.15,6.0,1.0,30.0
clearaccept_confirmatory,vqc,102,successive_halving,30.0,44.639999999999986,0.3395670662721225,132,71,"{""0"": 72, ""1"": 24, ""2"": 36}",0.8605851250467822,207.921875,0,0,,,local_sim,2048,,0.11562500000000002,0.000256,0.0,0.0,0.002048,0.0,0.000268288,0.0,-0.1156540223672839,-0.1250343383474029,-0.1250374211025956,-0.12504102087246843,0.0,2.0,0.05,4.0,0.0,30.0
clearaccept_confirmatory,vqc,103,tpe,30.0,42.0,11.533067078974657,42,10,"{""2"": 42}",0.394883833010681,208.140625,2,0,,,local_sim,128,,0.0640625,0.001536,0.0,0.0,0.012288,0.0,0.001609728,0.0,-0.0642363733048282,-0.07522760032727686,-0.084570836270865,-0.08774482065922626,0.0,1.0,0.05,6.0,1.0,30.0
clearaccept_confirmatory,vqc,103,successive_halving,30.0,44.639999999999986,0.20412984986731397,132,72,"{""0"": 72, ""1"": 24, ""2"": 36}",0.4959122500149533,208.234375,0,0,,,classical,128,,0.08750000000000002,0.001,0.0,0.0,0.008,0.0,0.001048,0.0,-0.08761319876616422,-0.08765018018563409,-0.08765617273502788,-0.08765938845001711,0.0,1.0,0.15,4.0,0.0,60.0
clearaccept_confirmatory,vqc,104,tpe,30.0,42.0,3.928085711352822,42,10,"{""2"": 42}",0.22555662493687123,208.375,0,1,,,remote_sim,512,,0.2575,0.032255587802039444,0.0,0.0,9.6e-05,3.840000000000001e-12,0.032256163994039445,0.0,-0.25948426782145123,-0.27642620932497597,-0.28253980386344546,-0.2895279354982219,0.0,1.0,0.05,6.0,1.0,60.0
clearaccept_confirmatory,vqc,104,successive_halving,30.0,44.639999999999986,0.4148550020132747,132,72,"{""0"": 72, ""1"": 24, ""2"": 36}",0.591228042030707,208.4375,0,1,,,local_sim,2048,,0.20124999999999998,0.004608,0.0,0.0,0.036864,0.0,0.004829184,0.0,-0.20176857890475475,-0.2129513514067722,-0.21628722003916234,-0.22557558699640434,0.0,3.0,0.05,6.0,1.0,60.0
clearaccept_confirmatory,vqc,105,tpe,30.0,42.0,2.135092035185283,42,10,"{""2"": 42}",0.4609042500378564,208.875,2,0,,,classical,512,,0.2125,0.001,0.0,0.0,0.008,0.0,0.001048,0.0,-0.21262134534215313,-0.21265631978345795,-0.21266438518611974,-0.21266634034078688,0.0,3.0,0.05,6.0,0.0,120.0
clearaccept_confirmatory,vqc,105,successive_halving,30.0,44.639999999999986,0.5568682830058925,132,72,"{""0"": 72, ""1"": 24, ""2"": 36}",0.5084015839966014,208.9375,1,0,,,classical,2048,,0.2125,0.001,0.0,0.0,0.008,0.0,0.001048,0.0,-0.21262134534215313,-0.21265631978345795,-0.21266438518611974,-0.21266634034078688,0.0,1.0,0.05,2.0,0.0,30.0
clearaccept_confirmatory,vqc,106,tpe,30.0,42.0,6.9263553959468,42,10,"{""2"": 42}",0.28800599998794496,209.234375,1,1,,,classical,512,,0.16249999999999998,0.001,0.0,0.0,0.008,0.0,0.001048,0.0,-0.1626129562816973,-0.16265744952114833,-0.1626646106854026,-0.16266793885881475,0.0,3.0,0.05,2.0,0.0,120.0
clearaccept_confirmatory,vqc,106,successive_halving,30.0,44.639999999999986,0.5854947850963182,132,72,"{""0"": 72, ""1"": 24, ""2"": 36}",0.6433500000275671,209.34375,1,1,,,classical,128,,0.16249999999999998,0.001,0.0,0.0,0.008,0.0,0.001048,0.0,-0.1626129562816973,-0.16265744952114833,-0.1626646106854026,-0.16266793885881475,0.0,2.0,0.15,6.0,0.0,60.0
clearaccept_confirmatory,vqc,107,tpe,30.0,42.0,3.527234690343682,42,10,"{""2"": 42}",0.44002700003329664,209.46875,2,1,,,local_sim,512,,0.21624999999999997,0.001536,0.0,0.0,0.012288,0.0,0.001609728,0.0,-0.21640825088073107,-0.22522696470855882,-0.23146756293170723,-0.2376976065000282,0.0,2.0,0.15,6.0,0.0,60.0
clearaccept_confirmatory,vqc,107,successive_halving,30.0,44.639999999999986,0.6858095338901687,132,72,"{""0"": 72, ""1"": 24, ""2"": 36}",0.8428837918909267,209.578125,0,1,,,remote_sim,2048,,0.18031250000000004,0.0265703048082211,0.0,0.0,0.000144,5.7600000000000005e-12,0.0265711690962211,0.0,-0.18177299935264654,-0.18974452805125835,-0.19685764069221398,-0.21424001266053042,0.0,3.0,0.15,6.0,0.0,120.0
clearaccept_confirmatory,vqc,108,tpe,30.0,42.0,9.452474999810045,42,10,"{""2"": 42}",0.20946899999398738,209.625,0,1,,,classical,512,,0.19999999999999996,0.001,0.0,0.0,0.008,0.0,0.001048,0.0,-0.20010674277658103,-0.20014877093947706,-0.20015893255314676,-0.20016698050977558,0.0,1.0,0.05,2.0,0.0,30.0
clearaccept_confirmatory,vqc,108,successive_halving,30.0,44.639999999999986,0.37439303606762486,132,70,"{""0"": 72, ""1"": 24, ""2"": 36}",0.45904220803640783,209.640625,1,0,,,local_sim,2048,,0.14718749999999997,0.001536,0.0,0.0,0.012288,0.0,0.001609728,0.0,-0.1473514569048285,-0.15023009537547982,-0.1595903371893212,-0.17514134921376592,0.0,2.0,0.05,6.0,0.0,120.0
clearaccept_confirmatory,vqc,109,tpe,30.0,42.0,1.6704276567777,42,10,"{""2"": 42}",0.3793120830086991,209.703125,2,1,,,local_sim,512,,0.0996875,0.000768,0.0,0.0,0.006144,0.0,0.000804864,0.0,-0.0997662654454718,-0.11259094909812556,-0.11261956658829064,-0.11262851146838698,0.0,1.0,0.05,6.0,0.0,120.0
clearaccept_confirmatory,vqc,109,successive_halving,30.0,44.639999999999986,0.5136755677589515,132,72,"{""0"": 72, ""1"": 24, ""2"": 36}",0.609231041977182,209.796875,0,1,,,classical,128,,0.11250000000000004,0.001,0.0,0.0,0.008,0.0,0.001048,0.0,-0.11260255917379144,-0.11264730257297494,-0.11265746790018552,-0.11266733264112888,0.0,1.0,0.15,6.0,1.0,120.0
clearaccept_confirmatory,vqc,110,tpe,30.0,42.0,9.431913479878904,42,10,"{""2"": 42}",0.23808412498328835,209.859375,2,0,,,classical,512,,0.225,0.001,0.0,0.0,0.008,0.0,0.001048,0.0,-0.22512010990953518,-0.2251617142495758,-0.22516470270971561,-0.2251661738322139,0.0,3.0,0.15,4.0,1.0,30.0
clearaccept_confirmatory,vqc,110,successive_halving,30.0,44.639999999999986,0.273845386275587,132,71,"{""0"": 72, ""1"": 24, ""2"": 36}",0.5062823749613017,209.890625,1,1,,,local_sim,128,,0.146875,0.002304,0.0,0.0,0.018432,0.0,0.002414592,0.0,-0.14715173323156913,-0.15037605411386462,-0.1565586610839889,-0.1627935663573162,0.0,3.0,0.15,6.0,0.0,60.0
clearaccept_confirmatory,vqc,111,tpe,30.0,42.0,9.548626400983222,42,10,"{""2"": 42}",0.5327139999717474,209.984375,1,1,,,remote_sim,128,,0.12625,0.026875173273481746,0.0,0.0,0.000192,7.680000000000001e-12,0.026876325657481742,0.0,-0.1279083585379656,-0.13896420044836466,-0.13992543069610347,-0.1409767950037173,0.0,2.0,0.15,6.0,1.0,60.0
clearaccept_confirmatory,vqc,111,successive_halving,30.0,44.639999999999986,0.4990667125194676,132,70,"{""0"": 72, ""1"": 24, ""2"": 36}",0.544568834011443,210.0625,2,0,,,local_sim,512,,0.10750000000000001,0.001536,0.0,0.0,0.012288,0.0,0.001609728,0.0,-0.10766842922349391,-0.11273629001052642,-0.11586954781352334,-0.1252415485400643,0.0,2.0,0.15,6.0,0.0,60.0
clearaccept_confirmatory,vqc_cancer,100,tpe,30.0,42.0,4.4313822241267875,42,10,"{""2"": 42}",0.3223059589508921,214.953125,0,0,,,remote_sim,128,,0.12593749999999998,0.05354005059322399,0.0,0.0,1.0000000000000002e-06,4.0000000000000006e-14,0.053540056595223984,0.0,-0.12966200972513026,-0.14761139053615577,-0.15489822464632114,-0.15916223946211197,0.0,1.0,0.05,2.0,0.0,120.0
clearaccept_confirmatory,vqc_cancer,100,successive_halving,30.0,44.639999999999986,0.9285634396280729,132,72,"{""0"": 72, ""1"": 24, ""2"": 36}",0.4937983750132844,214.953125,1,1,,,remote_sim,2048,,0.135625,0.078540110593224,0.0,0.0,1.6000000000000003e-05,6.400000000000001e-13,0.078540206625224,0.025,-0.14173556252981795,-0.13899038557236507,-0.2590366317963758,-0.6045463134264338,0.025,2.0,0.15,4.0,0.0,60.0
clearaccept_confirmatory,vqc_cancer,101,tpe,30.0,42.0,3.9826730320999917,42,10,"{""2"": 42}",0.44831554195843637,214.953125,2,0,,,local_sim,128,,0.04843750000000001,0.003072,0.0,0.0,0.024576,0.0,0.003219456,0.0,-0.04878348201901998,-0.062865222413017,-0.06915429947801162,-0.07543664772499566,0.0,2.0,0.05,6.0,1.0,30.0
clearaccept_confirmatory,vqc_cancer,101,successive_halving,30.0,44.639999999999986,0.17041063648247334,132,72,"{""0"": 72, ""1"": 24, ""2"": 36}",0.3823131249519065,214.953125,1,0,,,local_sim,2048,,0.050000000000000044,0.001536,0.0,0.0,0.012288,0.0,0.001609728,0.0,-0.05017299100951004,-0.050245633604860895,-0.05025085809906985,-0.05025446113534288,0.0,2.0,0.05,6.0,0.0,120.0
clearaccept_confirmatory,vqc_cancer,102,tpe,30.0,42.0,18.95775107030236,42,10,"{""2"": 42}",0.28235883300658315,214.953125,2,1,,,classical,512,,0.0625,0.001,0.0,0.0,0.008,0.0,0.001048,0.0,-0.0626133686222027,-0.06265923174616779,-0.06266282072877241,-0.0626661780784523,0.0,1.0,0.15,6.0,1.0,30.0
clearaccept_confirmatory,vqc_cancer,102,successive_halving,30.0,44.639999999999986,0.6078776187768603,132,72,"{""0"": 72, ""1"": 24, ""2"": 36}",0.5035110419848934,214.953125,1,1,,,local_sim,2048,,0.05031250000000005,0.000256,0.0,0.0,0.002048,0.0,0.000268288,0.0,-0.05034152236728393,-0.05004104873592746,-0.05316528596115086,-0.0625354362908088,0.0,2.0,0.15,4.0,0.0,30.0
clearaccept_confirmatory,vqc_cancer,103,tpe,30.0,42.0,11.613078095156819,42,10,"{""2"": 42}",0.37215495796408504,214.953125,0,0,,,remote_sim,512,,0.07843749999999998,0.03210309141874047,0.0,0.0,3.2000000000000005e-05,1.2800000000000002e-12,0.032103283482740476,0.0,-0.08051303441665245,-0.08995572499841938,-0.09044855882568092,-0.09101107035846366,0.0,2.0,0.05,4.0,1.0,60.0
clearaccept_confirmatory,vqc_cancer,103,successive_halving,30.0,44.639999999999986,0.572655629959521,132,72,"{""0"": 72, ""1"": 24, ""2"": 36}",0.5216436659684405,214.953125,1,0,,,remote_sim,2048,,0.07187499999999998,0.03210305941874047,0.0,0.0,2.4e-05,9.600000000000002e-13,0.03210320346674047,0.0,-0.07395048431429194,-0.07878620885515722,-0.08655763152742553,-0.08939312640136221,0.0,3.0,0.05,4.0,0.0,120.0
clearaccept_confirmatory,vqc_cancer,104,tpe,30.0,42.0,3.9441624473240084,42,10,"{""2"": 42}",0.2223558749537915,214.953125,1,0,,,remote_sim,128,,0.04531250000000001,0.03225539580203944,0.0,0.0,4.8e-05,1.9200000000000003e-12,0.03225568389803944,0.0,-0.047296467333996894,-0.05519218734496118,-0.06310884002481951,-0.0670024952858596,0.0,3.0,0.05,4.0,1.0,60.0
clearaccept_confirmatory,vqc_cancer,104,successive_halving,30.0,44.639999999999986,0.2268890145738762,132,72,"{""0"": 72, ""1"": 24, ""2"": 36}",0.3111700000008568,214.953125,0,1,,,local_sim,512,,0.03718749999999998,0.000256,0.0,0.0,0.002048,0.0,0.000268288,0.0,-0.03721630993915302,-0.037541293923815326,-0.037542041627937804,-0.03754250399703634,0.0,2.0,0.15,4.0,0.0,60.0
clearaccept_confirmatory,vqc_cancer,105,tpe,30.0,42.0,2.1334018318794103,42,10,"{""2"": 42}",0.44642116606701165,214.953125,2,1,,,remote_sim,512,,0.051562500000000046,0.05753316257489385,0.0,0.0,0.000192,7.680000000000001e-12,0.05753431495889385,0.0,-0.055810623835740404,-0.06434409524971428,-0.0675611745163183,-0.06854620899315395,0.0,2.0,0.05,6.0,1.0,120.0
clearaccept_confirmatory,vqc_cancer,105,successive_halving,30.0,44.639999999999986,0.8715394595978775,132,71,"{""0"": 72, ""1"": 24, ""2"": 36}",0.5286838749889284,214.953125,1,0,,,remote_sim,512,,0.050000000000000044,0.05753316257489385,0.0,0.0,0.000192,7.680000000000001e-12,0.05753431495889385,0.0,-0.05424812383574042,-0.05663586643586994,-0.058446480480242015,-0.059380522920325036,0.0,2.0,0.15,6.0,1.0,120.0
clearaccept_confirmatory,vqc_cancer,106,tpe,30.0,42.0,6.370621124296767,42,10,"{""2"": 42}",0.27992129197809845,214.953125,1,1,,,classical,512,,0.0625,0.001,0.0,0.0,0.008,0.0,0.001048,0.0,-0.06261295628169736,-0.06265744952114838,-0.06266461068540266,-0.0626679388588148,0.0,3.0,0.05,2.0,0.0,120.0
clearaccept_confirmatory,vqc_cancer,106,successive_halving,30.0,44.639999999999986,0.42029252515167387,132,71,"{""0"": 72, ""1"": 24, ""2"": 36}",0.37480937503278255,214.953125,1,1,,,local_sim,2048,,0.050000000000000044,0.001536,0.0,0.0,0.012288,0.0,0.001609728,0.0,-0.05017350084868719,-0.05024184246448395,-0.0502528420127785,-0.05025795408713957,0.0,2.0,0.05,6.0,0.0,60.0
clearaccept_confirmatory,vqc_cancer,107,tpe,30.0,42.0,3.514356866343682,42,10,"{""2"": 42}",0.4330912079894915,214.953125,2,0,,,classical,128,,0.07499999999999996,0.001,0.0,0.0,0.008,0.0,0.001048,0.0,-0.07510302791714255,-0.07514917482166203,-0.07515866044021391,-0.0751624091979823,0.0,1.0,0.15,6.0,0.0,120.0
clearaccept_confirmatory,vqc_cancer,107,successive_halving,30.0,44.639999999999986,0.5687525506681429,132,72,"{""0"": 72, ""1"": 24, ""2"": 36}",0.5277532080654055,214.953125,2,0,,,classical,128,,0.07499999999999996,0.001,0.0,0.0,0.008,0.0,0.001048,0.0,-0.07510302791714255,-0.07514917482166203,-0.07515866044021391,-0.0751624091979823,0.0,2.0,0.15,6.0,1.0,60.0
clearaccept_confirmatory,vqc_cancer,108,tpe,30.0,42.0,9.446773879810033,42,10,"{""2"": 42}",0.21773037500679493,214.953125,2,1,,,local_sim,2048,,0.03968750000000001,0.000256,0.0,0.0,0.002048,0.0,0.000268288,0.0,-0.03971482615080476,-0.05003275331742198,-0.05003713121025225,-0.05004108690750071,0.0,1.0,0.15,4.0,1.0,30.0
clearaccept_confirmatory,vqc_cancer,108,successive_halving,30.0,44.639999999999986,0.42527158469629117,132,72,"{""0"": 72, ""1"": 24, ""2"": 36}",0.4838514589937404,214.953125,0,0,,,local_sim,2048,,0.04937500000000004,0.000768,0.0,0.0,0.006144,0.0,0.000804864,0.0,-0.0494569784524143,-0.05011425608151846,-0.053232044798331914,-0.06256319911256242,0.0,3.0,0.15,4.0,1.0,30.0
clearaccept_confirmatory,vqc_cancer,109,tpe,30.0,42.0,1.6971173118757072,42,10,"{""2"": 42}",0.34459120803512633,214.953125,2,1,,,local_sim,512,,0.07374999999999995,0.000768,0.0,0.0,0.006144,0.0,0.000804864,0.0,-0.07382876544547176,-0.07510455392630333,-0.07823124831012561,-0.08756702750142235,0.0,1.0,0.05,6.0,0.0,120.0
clearaccept_confirmatory,vqc_cancer,109,successive_halving,30.0,44.639999999999986,0.5653975593142078,132,72,"{""0"": 72, ""1"": 24, ""2"": 36}",0.4478310840204358,214.953125,0,1,,,classical,2048,,0.08750000000000002,0.001,0.0,0.0,0.008,0.0,0.001048,0.0,-0.08760255917379142,-0.08764730257297491,-0.0876574679001855,-0.08766733264112886,0.0,3.0,0.15,2.0,0.0,60.0
clearaccept_confirmatory,vqc_cancer,110,tpe,30.0,42.0,9.4293312078789,42,10,"{""2"": 42}",0.24185970798134804,214.953125,2,1,,,classical,2048,,0.050000000000000044,0.001,0.0,0.0,0.008,0.0,0.001048,0.0,-0.05012010990953526,-0.05016171424957588,-0.05016470270971571,-0.050166173832213994,0.0,1.0,0.15,2.0,1.0,60.0
clearaccept_confirmatory,vqc_cancer,110,successive_halving,30.0,44.639999999999986,0.5649473296748962,132,72,"{""0"": 72, ""1"": 24, ""2"": 36}",0.45028958399780095,214.953125,0,0,,,classical,128,,0.050000000000000044,0.001,0.0,0.0,0.008,0.0,0.001048,0.0,-0.05012010990953526,-0.05016171424957588,-0.05016470270971571,-0.050166173832213994,0.0,3.0,0.05,4.0,0.0,30.0
clearaccept_confirmatory,vqc_cancer,111,tpe,30.0,42.0,9.465522312722339,42,10,"{""2"": 42}",0.5181319579714909,214.953125,0,1,,,remote_sim,512,,0.05125000000000004,0.026874597273481748,0.0,0.0,4.8e-05,1.9200000000000003e-12,0.02687488536948175,0.0,-0.05290745873700681,-0.054759143475753246,-0.06346662980729618,-0.06394823505496107,0.0,1.0,0.05,6.0,0.0,30.0
clearaccept_confirmatory,vqc_cancer,111,successive_halving,30.0,44.639999999999986,0.27679836627473586,132,71,"{""0"": 72, ""1"": 24, ""2"": 36}",0.4868502909084782,215.0,1,0,,,classical,128,,0.03749999999999998,0.001,0.0,0.0,0.008,0.0,0.001048,0.0,-0.03760965444237883,-0.037657275362097536,-0.03766031023888596,-0.037664235044704585,0.0,2.0,0.15,4.0,0.0,120.0
