regime,seed,drift_strength,policy,action_loss,service_violation
qpu_opportunity,120,0.0,static_certificate,0.024675066538178917,0.01
qpu_opportunity,120,0.0,expire_fallback,0.3,0.0
qpu_opportunity,120,0.5,static_certificate,0.04459798138402289,0.03
qpu_opportunity,120,0.5,expire_fallback,0.3,0.0
qpu_opportunity,120,1.0,static_certificate,0.0545979813840229,0.04
qpu_opportunity,120,1.0,expire_fallback,0.3,0.0
qpu_opportunity,120,1.5,static_certificate,0.06452089622986686,0.05
qpu_opportunity,120,1.5,expire_fallback,0.3,0.0
qpu_opportunity,121,0.0,static_certificate,0.3,0.0
qpu_opportunity,121,0.0,expire_fallback,0.3,0.0
qpu_opportunity,121,0.5,static_certificate,0.3,0.0
qpu_opportunity,121,0.5,expire_fallback,0.3,0.0
qpu_opportunity,121,1.0,static_certificate,0.3,0.0
qpu_opportunity,121,1.0,expire_fallback,0.3,0.0
qpu_opportunity,121,1.5,static_certificate,0.3,0.0
qpu_opportunity,121,1.5,expire_fallback,0.3,0.0
qpu_opportunity,122,0.0,static_certificate,0.3,0.0
qpu_opportunity,122,0.0,expire_fallback,0.3,0.0
qpu_opportunity,122,0.5,static_certificate,0.3,0.0
qpu_opportunity,122,0.5,expire_fallback,0.3,0.0
qpu_opportunity,122,1.0,static_certificate,0.3,0.0
qpu_opportunity,122,1.0,expire_fallback,0.3,0.0
qpu_opportunity,122,1.5,static_certificate,0.3,0.0
qpu_opportunity,122,1.5,expire_fallback,0.3,0.0
qpu_opportunity,123,0.0,static_certificate,0.0014038267165506402,0.0
qpu_opportunity,123,0.0,expire_fallback,0.3,0.0
qpu_opportunity,123,0.5,static_certificate,0.0014038267165506402,0.0
qpu_opportunity,123,0.5,expire_fallback,0.3,0.0
qpu_opportunity,123,1.0,static_certificate,0.021403826716550643,0.02
qpu_opportunity,123,1.0,expire_fallback,0.3,0.0
qpu_opportunity,123,1.5,static_certificate,0.051403826716550645,0.05
qpu_opportunity,123,1.5,expire_fallback,0.3,0.0
qpu_opportunity,124,0.0,static_certificate,0.3,0.0
qpu_opportunity,124,0.0,expire_fallback,0.3,0.0
qpu_opportunity,124,0.5,static_certificate,0.3,0.0
qpu_opportunity,124,0.5,expire_fallback,0.3,0.0
qpu_opportunity,124,1.0,static_certificate,0.3,0.0
qpu_opportunity,124,1.0,expire_fallback,0.3,0.0
qpu_opportunity,124,1.5,static_certificate,0.3,0.0
qpu_opportunity,124,1.5,expire_fallback,0.3,0.0
qpu_opportunity,125,0.0,static_certificate,0.03081354969325677,0.02
qpu_opportunity,125,0.0,expire_fallback,0.3,0.0
qpu_opportunity,125,0.5,static_certificate,0.0608105186964305,0.05
qpu_opportunity,125,0.5,expire_fallback,0.3,0.0
qpu_opportunity,125,1.0,static_certificate,0.08999813820258117,0.08
qpu_opportunity,125,1.0,expire_fallback,0.3,0.0
qpu_opportunity,125,1.5,static_certificate,0.09905478361491468,0.09
qpu_opportunity,125,1.5,expire_fallback,0.3,0.0
qpu_opportunity,126,0.0,static_certificate,0.0607127752785177,0.04
qpu_opportunity,126,0.0,expire_fallback,0.3,0.0
qpu_opportunity,126,0.5,static_certificate,0.0707127752785177,0.05
qpu_opportunity,126,0.5,expire_fallback,0.3,0.0
qpu_opportunity,126,1.0,static_certificate,0.0900615751271619,0.07
qpu_opportunity,126,1.0,expire_fallback,0.3,0.0
qpu_opportunity,126,1.5,static_certificate,0.10006157512716189,0.08
qpu_opportunity,126,1.5,expire_fallback,0.3,0.0
qpu_opportunity,127,0.0,static_certificate,0.03503194963013085,0.0
qpu_opportunity,127,0.0,expire_fallback,0.3,0.0
qpu_opportunity,127,0.5,static_certificate,0.06391732237888159,0.03
qpu_opportunity,127,0.5,expire_fallback,0.3,0.0
qpu_opportunity,127,1.0,static_certificate,0.06391732237888159,0.03
qpu_opportunity,127,1.0,expire_fallback,0.3,0.0
qpu_opportunity,127,1.5,static_certificate,0.06391732237888159,0.03
qpu_opportunity,127,1.5,expire_fallback,0.3,0.0
qpu_opportunity,128,0.0,static_certificate,0.3,0.0
qpu_opportunity,128,0.0,expire_fallback,0.3,0.0
qpu_opportunity,128,0.5,static_certificate,0.3,0.0
qpu_opportunity,128,0.5,expire_fallback,0.3,0.0
qpu_opportunity,128,1.0,static_certificate,0.3,0.0
qpu_opportunity,128,1.0,expire_fallback,0.3,0.0
qpu_opportunity,128,1.5,static_certificate,0.3,0.0
qpu_opportunity,128,1.5,expire_fallback,0.3,0.0
qpu_opportunity,129,0.0,static_certificate,0.3,0.0
qpu_opportunity,129,0.0,expire_fallback,0.3,0.0
qpu_opportunity,129,0.5,static_certificate,0.3,0.0
qpu_opportunity,129,0.5,expire_fallback,0.3,0.0
qpu_opportunity,129,1.0,static_certificate,0.3,0.0
qpu_opportunity,129,1.0,expire_fallback,0.3,0.0
qpu_opportunity,129,1.5,static_certificate,0.3,0.0
qpu_opportunity,129,1.5,expire_fallback,0.3,0.0
qpu_opportunity,130,0.0,static_certificate,0.3,0.0
qpu_opportunity,130,0.0,expire_fallback,0.3,0.0
qpu_opportunity,130,0.5,static_certificate,0.3,0.0
qpu_opportunity,130,0.5,expire_fallback,0.3,0.0
qpu_opportunity,130,1.0,static_certificate,0.3,0.0
qpu_opportunity,130,1.0,expire_fallback,0.3,0.0
qpu_opportunity,130,1.5,static_certificate,0.3,0.0
qpu_opportunity,130,1.5,expire_fallback,0.3,0.0
qpu_opportunity,131,0.0,static_certificate,0.02023684046729099,0.02
qpu_opportunity,131,0.0,expire_fallback,0.3,0.0
qpu_opportunity,131,0.5,static_certificate,0.05023684046729099,0.05
qpu_opportunity,131,0.5,expire_fallback,0.3,0.0
qpu_opportunity,131,1.0,static_certificate,0.05023684046729099,0.05
qpu_opportunity,131,1.0,expire_fallback,0.3,0.0
qpu_opportunity,131,1.5,static_certificate,0.07023684046729099,0.07
qpu_opportunity,131,1.5,expire_fallback,0.3,0.0
qpu_opportunity,132,0.0,static_certificate,0.030256866294689884,0.03
qpu_opportunity,132,0.0,expire_fallback,0.3,0.0
qpu_opportunity,132,0.5,static_certificate,0.050256866294689895,0.05
qpu_opportunity,132,0.5,expire_fallback,0.3,0.0
qpu_opportunity,132,1.0,static_certificate,0.0802568662946899,0.08
qpu_opportunity,132,1.0,expire_fallback,0.3,0.0
qpu_opportunity,132,1.5,static_certificate,0.09025686629468989,0.09
qpu_opportunity,132,1.5,expire_fallback,0.3,0.0
qpu_opportunity,133,0.0,static_certificate,0.07689536386099208,0.04
qpu_opportunity,133,0.0,expire_fallback,0.3,0.0
qpu_opportunity,133,0.5,static_certificate,0.08689536386099206,0.05
qpu_opportunity,133,0.5,expire_fallback,0.3,0.0
qpu_opportunity,133,1.0,static_certificate,0.08689536386099206,0.05
qpu_opportunity,133,1.0,expire_fallback,0.3,0.0
qpu_opportunity,133,1.5,static_certificate,0.09689536386099207,0.06
qpu_opportunity,133,1.5,expire_fallback,0.3,0.0
qpu_opportunity,134,0.0,static_certificate,0.3,0.0
qpu_opportunity,134,0.0,expire_fallback,0.3,0.0
qpu_opportunity,134,0.5,static_certificate,0.3,0.0
qpu_opportunity,134,0.5,expire_fallback,0.3,0.0
qpu_opportunity,134,1.0,static_certificate,0.3,0.0
qpu_opportunity,134,1.0,expire_fallback,0.3,0.0
qpu_opportunity,134,1.5,static_certificate,0.3,0.0
qpu_opportunity,134,1.5,expire_fallback,0.3,0.0
qpu_opportunity,135,0.0,static_certificate,0.3,0.0
qpu_opportunity,135,0.0,expire_fallback,0.3,0.0
qpu_opportunity,135,0.5,static_certificate,0.3,0.0
qpu_opportunity,135,0.5,expire_fallback,0.3,0.0
qpu_opportunity,135,1.0,static_certificate,0.3,0.0
qpu_opportunity,135,1.0,expire_fallback,0.3,0.0
qpu_opportunity,135,1.5,static_certificate,0.3,0.0
qpu_opportunity,135,1.5,expire_fallback,0.3,0.0
qpu_opportunity,136,0.0,static_certificate,0.02,0.02
qpu_opportunity,136,0.0,expire_fallback,0.3,0.0
qpu_opportunity,136,0.5,static_certificate,0.02,0.02
qpu_opportunity,136,0.5,expire_fallback,0.3,0.0
qpu_opportunity,136,1.0,static_certificate,0.03,0.03
qpu_opportunity,136,1.0,expire_fallback,0.3,0.0
qpu_opportunity,136,1.5,static_certificate,0.04,0.04
qpu_opportunity,136,1.5,expire_fallback,0.3,0.0
qpu_opportunity,137,0.0,static_certificate,0.026543212485615447,0.02
qpu_opportunity,137,0.0,expire_fallback,0.3,0.0
qpu_opportunity,137,0.5,static_certificate,0.03642446991392188,0.03
qpu_opportunity,137,0.5,expire_fallback,0.3,0.0
qpu_opportunity,137,1.0,static_certificate,0.04642446991392189,0.04
qpu_opportunity,137,1.0,expire_fallback,0.3,0.0
qpu_opportunity,137,1.5,static_certificate,0.04642446991392189,0.04
qpu_opportunity,137,1.5,expire_fallback,0.3,0.0
qpu_opportunity,138,0.0,static_certificate,0.3,0.0
qpu_opportunity,138,0.0,expire_fallback,0.3,0.0
qpu_opportunity,138,0.5,static_certificate,0.3,0.0
qpu_opportunity,138,0.5,expire_fallback,0.3,0.0
qpu_opportunity,138,1.0,static_certificate,0.3,0.0
qpu_opportunity,138,1.0,expire_fallback,0.3,0.0
qpu_opportunity,138,1.5,static_certificate,0.3,0.0
qpu_opportunity,138,1.5,expire_fallback,0.3,0.0
qpu_opportunity,139,0.0,static_certificate,0.3,0.0
qpu_opportunity,139,0.0,expire_fallback,0.3,0.0
qpu_opportunity,139,0.5,static_certificate,0.3,0.0
qpu_opportunity,139,0.5,expire_fallback,0.3,0.0
qpu_opportunity,139,1.0,static_certificate,0.3,0.0
qpu_opportunity,139,1.0,expire_fallback,0.3,0.0
qpu_opportunity,139,1.5,static_certificate,0.3,0.0
qpu_opportunity,139,1.5,expire_fallback,0.3,0.0
qpu_opportunity,140,0.0,static_certificate,0.3,0.0
qpu_opportunity,140,0.0,expire_fallback,0.3,0.0
qpu_opportunity,140,0.5,static_certificate,0.3,0.0
qpu_opportunity,140,0.5,expire_fallback,0.3,0.0
qpu_opportunity,140,1.0,static_certificate,0.3,0.0
qpu_opportunity,140,1.0,expire_fallback,0.3,0.0
qpu_opportunity,140,1.5,static_certificate,0.3,0.0
qpu_opportunity,140,1.5,expire_fallback,0.3,0.0
qpu_opportunity,141,0.0,static_certificate,0.3,0.0
qpu_opportunity,141,0.0,expire_fallback,0.3,0.0
qpu_opportunity,141,0.5,static_certificate,0.3,0.0
qpu_opportunity,141,0.5,expire_fallback,0.3,0.0
qpu_opportunity,141,1.0,static_certificate,0.3,0.0
qpu_opportunity,141,1.0,expire_fallback,0.3,0.0
qpu_opportunity,141,1.5,static_certificate,0.3,0.0
qpu_opportunity,141,1.5,expire_fallback,0.3,0.0
qpu_opportunity,142,0.0,static_certificate,0.3,0.0
qpu_opportunity,142,0.0,expire_fallback,0.3,0.0
qpu_opportunity,142,0.5,static_certificate,0.3,0.0
qpu_opportunity,142,0.5,expire_fallback,0.3,0.0
qpu_opportunity,142,1.0,static_certificate,0.3,0.0
qpu_opportunity,142,1.0,expire_fallback,0.3,0.0
qpu_opportunity,142,1.5,static_certificate,0.3,0.0
qpu_opportunity,142,1.5,expire_fallback,0.3,0.0
qpu_opportunity,143,0.0,static_certificate,0.3,0.0
qpu_opportunity,143,0.0,expire_fallback,0.3,0.0
qpu_opportunity,143,0.5,static_certificate,0.3,0.0
qpu_opportunity,143,0.5,expire_fallback,0.3,0.0
qpu_opportunity,143,1.0,static_certificate,0.3,0.0
qpu_opportunity,143,1.0,expire_fallback,0.3,0.0
qpu_opportunity,143,1.5,static_certificate,0.3,0.0
qpu_opportunity,143,1.5,expire_fallback,0.3,0.0
queue_stress,120,0.0,static_certificate,0.3,0.0
queue_stress,120,0.0,expire_fallback,0.3,0.0
queue_stress,120,0.5,static_certificate,0.3,0.0
queue_stress,120,0.5,expire_fallback,0.3,0.0
queue_stress,120,1.0,static_certificate,0.3,0.0
queue_stress,120,1.0,expire_fallback,0.3,0.0
queue_stress,120,1.5,static_certificate,0.3,0.0
queue_stress,120,1.5,expire_fallback,0.3,0.0
queue_stress,121,0.0,static_certificate,0.3,0.0
queue_stress,121,0.0,expire_fallback,0.3,0.0
queue_stress,121,0.5,static_certificate,0.3,0.0
queue_stress,121,0.5,expire_fallback,0.3,0.0
queue_stress,121,1.0,static_certificate,0.3,0.0
queue_stress,121,1.0,expire_fallback,0.3,0.0
queue_stress,121,1.5,static_certificate,0.3,0.0
queue_stress,121,1.5,expire_fallback,0.3,0.0
queue_stress,122,0.0,static_certificate,0.3,0.0
queue_stress,122,0.0,expire_fallback,0.3,0.0
queue_stress,122,0.5,static_certificate,0.3,0.0
queue_stress,122,0.5,expire_fallback,0.3,0.0
queue_stress,122,1.0,static_certificate,0.3,0.0
queue_stress,122,1.0,expire_fallback,0.3,0.0
queue_stress,122,1.5,static_certificate,0.3,0.0
queue_stress,122,1.5,expire_fallback,0.3,0.0
queue_stress,123,0.0,static_certificate,0.3,0.0
queue_stress,123,0.0,expire_fallback,0.3,0.0
queue_stress,123,0.5,static_certificate,0.3,0.0
queue_stress,123,0.5,expire_fallback,0.3,0.0
queue_stress,123,1.0,static_certificate,0.3,0.0
queue_stress,123,1.0,expire_fallback,0.3,0.0
queue_stress,123,1.5,static_certificate,0.3,0.0
queue_stress,123,1.5,expire_fallback,0.3,0.0
queue_stress,124,0.0,static_certificate,0.3,0.0
queue_stress,124,0.0,expire_fallback,0.3,0.0
queue_stress,124,0.5,static_certificate,0.3,0.0
queue_stress,124,0.5,expire_fallback,0.3,0.0
queue_stress,124,1.0,static_certificate,0.3,0.0
queue_stress,124,1.0,expire_fallback,0.3,0.0
queue_stress,124,1.5,static_certificate,0.3,0.0
queue_stress,124,1.5,expire_fallback,0.3,0.0
queue_stress,125,0.0,static_certificate,0.3,0.0
queue_stress,125,0.0,expire_fallback,0.3,0.0
queue_stress,125,0.5,static_certificate,0.3,0.0
queue_stress,125,0.5,expire_fallback,0.3,0.0
queue_stress,125,1.0,static_certificate,0.3,0.0
queue_stress,125,1.0,expire_fallback,0.3,0.0
queue_stress,125,1.5,static_certificate,0.3,0.0
queue_stress,125,1.5,expire_fallback,0.3,0.0
queue_stress,126,0.0,static_certificate,0.3,0.0
queue_stress,126,0.0,expire_fallback,0.3,0.0
queue_stress,126,0.5,static_certificate,0.3,0.0
queue_stress,126,0.5,expire_fallback,0.3,0.0
queue_stress,126,1.0,static_certificate,0.3,0.0
queue_stress,126,1.0,expire_fallback,0.3,0.0
queue_stress,126,1.5,static_certificate,0.3,0.0
queue_stress,126,1.5,expire_fallback,0.3,0.0
queue_stress,127,0.0,static_certificate,0.3,0.0
queue_stress,127,0.0,expire_fallback,0.3,0.0
queue_stress,127,0.5,static_certificate,0.3,0.0
queue_stress,127,0.5,expire_fallback,0.3,0.0
queue_stress,127,1.0,static_certificate,0.3,0.0
queue_stress,127,1.0,expire_fallback,0.3,0.0
queue_stress,127,1.5,static_certificate,0.3,0.0
queue_stress,127,1.5,expire_fallback,0.3,0.0
queue_stress,128,0.0,static_certificate,0.3,0.0
queue_stress,128,0.0,expire_fallback,0.3,0.0
queue_stress,128,0.5,static_certificate,0.3,0.0
queue_stress,128,0.5,expire_fallback,0.3,0.0
queue_stress,128,1.0,static_certificate,0.3,0.0
queue_stress,128,1.0,expire_fallback,0.3,0.0
queue_stress,128,1.5,static_certificate,0.3,0.0
queue_stress,128,1.5,expire_fallback,0.3,0.0
queue_stress,129,0.0,static_certificate,0.3,0.0
queue_stress,129,0.0,expire_fallback,0.3,0.0
queue_stress,129,0.5,static_certificate,0.3,0.0
queue_stress,129,0.5,expire_fallback,0.3,0.0
queue_stress,129,1.0,static_certificate,0.3,0.0
queue_stress,129,1.0,expire_fallback,0.3,0.0
queue_stress,129,1.5,static_certificate,0.3,0.0
queue_stress,129,1.5,expire_fallback,0.3,0.0
queue_stress,130,0.0,static_certificate,0.3,0.0
queue_stress,130,0.0,expire_fallback,0.3,0.0
queue_stress,130,0.5,static_certificate,0.3,0.0
queue_stress,130,0.5,expire_fallback,0.3,0.0
queue_stress,130,1.0,static_certificate,0.3,0.0
queue_stress,130,1.0,expire_fallback,0.3,0.0
queue_stress,130,1.5,static_certificate,0.3,0.0
queue_stress,130,1.5,expire_fallback,0.3,0.0
queue_stress,131,0.0,static_certificate,0.3,0.0
queue_stress,131,0.0,expire_fallback,0.3,0.0
queue_stress,131,0.5,static_certificate,0.3,0.0
queue_stress,131,0.5,expire_fallback,0.3,0.0
queue_stress,131,1.0,static_certificate,0.3,0.0
queue_stress,131,1.0,expire_fallback,0.3,0.0
queue_stress,131,1.5,static_certificate,0.3,0.0
queue_stress,131,1.5,expire_fallback,0.3,0.0
queue_stress,132,0.0,static_certificate,0.3,0.0
queue_stress,132,0.0,expire_fallback,0.3,0.0
queue_stress,132,0.5,static_certificate,0.3,0.0
queue_stress,132,0.5,expire_fallback,0.3,0.0
queue_stress,132,1.0,static_certificate,0.3,0.0
queue_stress,132,1.0,expire_fallback,0.3,0.0
queue_stress,132,1.5,static_certificate,0.3,0.0
queue_stress,132,1.5,expire_fallback,0.3,0.0
queue_stress,133,0.0,static_certificate,0.3,0.0
queue_stress,133,0.0,expire_fallback,0.3,0.0
queue_stress,133,0.5,static_certificate,0.3,0.0
queue_stress,133,0.5,expire_fallback,0.3,0.0
queue_stress,133,1.0,static_certificate,0.3,0.0
queue_stress,133,1.0,expire_fallback,0.3,0.0
queue_stress,133,1.5,static_certificate,0.3,0.0
queue_stress,133,1.5,expire_fallback,0.3,0.0
queue_stress,134,0.0,static_certificate,0.3,0.0
queue_stress,134,0.0,expire_fallback,0.3,0.0
queue_stress,134,0.5,static_certificate,0.3,0.0
queue_stress,134,0.5,expire_fallback,0.3,0.0
queue_stress,134,1.0,static_certificate,0.3,0.0
queue_stress,134,1.0,expire_fallback,0.3,0.0
queue_stress,134,1.5,static_certificate,0.3,0.0
queue_stress,134,1.5,expire_fallback,0.3,0.0
queue_stress,135,0.0,static_certificate,0.3,0.0
queue_stress,135,0.0,expire_fallback,0.3,0.0
queue_stress,135,0.5,static_certificate,0.3,0.0
queue_stress,135,0.5,expire_fallback,0.3,0.0
queue_stress,135,1.0,static_certificate,0.3,0.0
queue_stress,135,1.0,expire_fallback,0.3,0.0
queue_stress,135,1.5,static_certificate,0.3,0.0
queue_stress,135,1.5,expire_fallback,0.3,0.0
queue_stress,136,0.0,static_certificate,0.3,0.0
queue_stress,136,0.0,expire_fallback,0.3,0.0
queue_stress,136,0.5,static_certificate,0.3,0.0
queue_stress,136,0.5,expire_fallback,0.3,0.0
queue_stress,136,1.0,static_certificate,0.3,0.0
queue_stress,136,1.0,expire_fallback,0.3,0.0
queue_stress,136,1.5,static_certificate,0.3,0.0
queue_stress,136,1.5,expire_fallback,0.3,0.0
queue_stress,137,0.0,static_certificate,0.3,0.0
queue_stress,137,0.0,expire_fallback,0.3,0.0
queue_stress,137,0.5,static_certificate,0.3,0.0
queue_stress,137,0.5,expire_fallback,0.3,0.0
queue_stress,137,1.0,static_certificate,0.3,0.0
queue_stress,137,1.0,expire_fallback,0.3,0.0
queue_stress,137,1.5,static_certificate,0.3,0.0
queue_stress,137,1.5,expire_fallback,0.3,0.0
queue_stress,138,0.0,static_certificate,0.3,0.0
queue_stress,138,0.0,expire_fallback,0.3,0.0
queue_stress,138,0.5,static_certificate,0.3,0.0
queue_stress,138,0.5,expire_fallback,0.3,0.0
queue_stress,138,1.0,static_certificate,0.3,0.0
queue_stress,138,1.0,expire_fallback,0.3,0.0
queue_stress,138,1.5,static_certificate,0.3,0.0
queue_stress,138,1.5,expire_fallback,0.3,0.0
queue_stress,139,0.0,static_certificate,0.3,0.0
queue_stress,139,0.0,expire_fallback,0.3,0.0
queue_stress,139,0.5,static_certificate,0.3,0.0
queue_stress,139,0.5,expire_fallback,0.3,0.0
queue_stress,139,1.0,static_certificate,0.3,0.0
queue_stress,139,1.0,expire_fallback,0.3,0.0
queue_stress,139,1.5,static_certificate,0.3,0.0
queue_stress,139,1.5,expire_fallback,0.3,0.0
queue_stress,140,0.0,static_certificate,0.3,0.0
queue_stress,140,0.0,expire_fallback,0.3,0.0
queue_stress,140,0.5,static_certificate,0.3,0.0
queue_stress,140,0.5,expire_fallback,0.3,0.0
queue_stress,140,1.0,static_certificate,0.3,0.0
queue_stress,140,1.0,expire_fallback,0.3,0.0
queue_stress,140,1.5,static_certificate,0.3,0.0
queue_stress,140,1.5,expire_fallback,0.3,0.0
queue_stress,141,0.0,static_certificate,0.3,0.0
queue_stress,141,0.0,expire_fallback,0.3,0.0
queue_stress,141,0.5,static_certificate,0.3,0.0
queue_stress,141,0.5,expire_fallback,0.3,0.0
queue_stress,141,1.0,static_certificate,0.3,0.0
queue_stress,141,1.0,expire_fallback,0.3,0.0
queue_stress,141,1.5,static_certificate,0.3,0.0
queue_stress,141,1.5,expire_fallback,0.3,0.0
queue_stress,142,0.0,static_certificate,0.3,0.0
queue_stress,142,0.0,expire_fallback,0.3,0.0
queue_stress,142,0.5,static_certificate,0.3,0.0
queue_stress,142,0.5,expire_fallback,0.3,0.0
queue_stress,142,1.0,static_certificate,0.3,0.0
queue_stress,142,1.0,expire_fallback,0.3,0.0
queue_stress,142,1.5,static_certificate,0.3,0.0
queue_stress,142,1.5,expire_fallback,0.3,0.0
queue_stress,143,0.0,static_certificate,0.3,0.0
queue_stress,143,0.0,expire_fallback,0.3,0.0
queue_stress,143,0.5,static_certificate,0.3,0.0
queue_stress,143,0.5,expire_fallback,0.3,0.0
queue_stress,143,1.0,static_certificate,0.3,0.0
queue_stress,143,1.0,expire_fallback,0.3,0.0
queue_stress,143,1.5,static_certificate,0.3,0.0
queue_stress,143,1.5,expire_fallback,0.3,0.0
