experiment,workload,seed,method,placement,draws,utility,utility_p10,service_violation,deadline_miss,quality_loss,delay_s,trace_runtime_s
public_trace_calibrated_simulation,qaoa,100,sequential,qpu_B,20,-11.66745728195841,-19.103397185821024,1.0,1.0,0.007950170774745555,170.29638222367322,32.15353222367323
public_trace_calibrated_simulation,qaoa,100,joint_mf,remote_sim,20,-2.5501217035448223,-5.086552308350208,0.5,0.0,0.03825488828082242,0.085073728,0.0
public_trace_calibrated_simulation,qaoa,100,capo_chance,local_sim,20,-0.581316796813187,-2.029881376,0.2,0.15,0.0014354208131869234,0.30491199999999996,0.0
public_trace_calibrated_simulation,qaoa,100,device_aware_sequential,classical,20,-1.5211680570368498,-5.073506013926307,0.3,0.0,0.02055862568036713,0.006218687311047688,0.0
public_trace_calibrated_simulation,qaoa,100,fixed_design_scheduler,classical,20,-1.5210924582116148,-5.073405425264456,0.3,0.0,0.02055862568036713,0.005447270727017894,0.0
public_trace_calibrated_simulation,qaoa,100,classical_only,classical,20,-1.521057584594733,-5.07340320812592,0.3,0.0,0.02055862568036713,0.00509141749353148,0.0
public_trace_calibrated_simulation,qaoa,101,sequential,qpu_B,20,-11.185912128829495,-29.503719628829494,1.0,1.0,0.0,180.82448257658984,32.62703257658987
public_trace_calibrated_simulation,qaoa,101,joint_mf,classical,20,-0.016169533647307877,-0.027493860657347918,0.0,0.0,0.015676341437969574,0.005032573564676568,0.0
public_trace_calibrated_simulation,qaoa,101,capo_chance,classical,20,-0.016157340751555498,-0.02749044304389748,0.0,0.0,0.015676341437969574,0.004908156261080876,0.0
public_trace_calibrated_simulation,qaoa,101,device_aware_sequential,classical,20,-0.016321571374663363,-0.027535959496183874,0.0,0.0,0.015676341437969574,0.006583978945855051,0.0
public_trace_calibrated_simulation,qaoa,101,fixed_design_scheduler,classical,20,-0.01634062632487829,-0.02771269683704953,0.0,0.0,0.015676341437969574,0.00677841721335426,0.0
public_trace_calibrated_simulation,qaoa,101,classical_only,classical,20,-0.016204164344412027,-0.027564514289631126,0.0,0.0,0.015676341437969574,0.005385948024922982,0.0
public_trace_calibrated_simulation,qaoa,102,sequential,classical,20,-1.2880071636808257,-5.043372899715166,0.25,0.0,0.03752504043615534,0.004919624945614487,0.0
public_trace_calibrated_simulation,qaoa,102,joint_mf,local_sim,20,-0.015428843215653857,-0.015428843215653854,0.0,0.0,0.0008950512156538544,0.148304,0.0
public_trace_calibrated_simulation,qaoa,102,capo_chance,remote_sim,20,-0.011828710176000004,-0.011828710176000002,0.0,0.0,0.0,0.08504915200000002,0.0
public_trace_calibrated_simulation,qaoa,102,device_aware_sequential,classical,20,-1.2880185307006733,-5.0433770607823565,0.25,0.0,0.03752504043615534,0.005035614944063127,0.0
public_trace_calibrated_simulation,qaoa,102,fixed_design_scheduler,classical,20,-1.2880217218856245,-5.043393536755658,0.25,0.0,0.03752504043615534,0.005068178055807948,0.0
public_trace_calibrated_simulation,qaoa,102,classical_only,classical,20,-1.2880114613786258,-5.043375972551951,0.25,0.0,0.03752504043615534,0.00496347900480032,0.0
public_trace_calibrated_simulation,qaoa,103,sequential,remote_sim,20,-0.009790605088,-0.009790605088,0.0,0.0,0.0,0.045024576,0.0
public_trace_calibrated_simulation,qaoa,103,joint_mf,remote_sim,20,-0.011828710176000004,-0.011828710176000002,0.0,0.0,0.0,0.08504915200000002,0.0
public_trace_calibrated_simulation,qaoa,103,capo_chance,classical,20,-0.029163819779893962,-0.04097716180381386,0.0,0.0,0.02869147097449342,0.004819885769393295,0.0
public_trace_calibrated_simulation,qaoa,103,device_aware_sequential,qpu_A,20,-774.0488275846038,-2137.0487899624986,1.0,1.0,0.0722926221050482,15403.569099249973,30.909499249973624
public_trace_calibrated_simulation,qaoa,103,fixed_design_scheduler,classical,20,-0.02918478455245087,-0.04100961820776129,0.0,0.0,0.02869147097449342,0.005033812019973993,0.0
public_trace_calibrated_simulation,qaoa,103,classical_only,classical,20,-0.0291626662746031,-0.040965287861130406,0.0,0.0,0.02869147097449342,0.004808115307241678,0.0
public_trace_calibrated_simulation,qaoa,104,sequential,classical,20,-0.1502809588677631,-0.32860188545552904,0.0,0.0,0.14978962570634058,0.005013603687984869,0.0
public_trace_calibrated_simulation,qaoa,104,joint_mf,remote_sim,20,-0.009828710176000002,-0.009828710176,0.0,0.0,0.0,0.045049152,0.0
public_trace_calibrated_simulation,qaoa,104,capo_chance,local_sim,20,-0.010613792000000002,-0.010613792,0.0,0.0,0.0,0.108304,0.0
public_trace_calibrated_simulation,qaoa,104,device_aware_sequential,qpu_B,20,-21.066353204677792,-42.224760704677784,1.0,1.0,0.0,265.5766640935559,71.58931409355591
public_trace_calibrated_simulation,qaoa,104,fixed_design_scheduler,classical,20,-0.15027856720176375,-0.3286145968482446,0.0,0.0,0.14978962570634058,0.004989198932889849,0.0
public_trace_calibrated_simulation,qaoa,104,classical_only,classical,20,-0.1502652166365444,-0.3285744924443856,0.0,0.0,0.14978962570634058,0.004852968675550073,0.0
public_trace_calibrated_simulation,qaoa,105,sequential,remote_sim,20,-0.025766702574165367,-0.044261558645860434,0.0,0.0,0.00643799239816536,0.23504915200000004,0.0
public_trace_calibrated_simulation,qaoa,105,joint_mf,classical,20,-0.022052211418535382,-0.07556555586498409,0.0,0.0,0.021551343577410384,0.005110896338010207,0.0
public_trace_calibrated_simulation,qaoa,105,capo_chance,remote_sim,20,-0.01626670257416536,-0.034761558645860426,0.0,0.0,0.00643799239816536,0.045049152,0.0
public_trace_calibrated_simulation,qaoa,105,device_aware_sequential,classical,20,-0.022073366131712045,-0.07566865604980097,0.0,0.0,0.021551343577410384,0.005326760758180171,0.0
public_trace_calibrated_simulation,qaoa,105,fixed_design_scheduler,classical,20,-0.02206648770861496,-0.07557767335492364,0.0,0.0,0.021551343577410384,0.0052565727673936635,0.0
public_trace_calibrated_simulation,qaoa,105,classical_only,classical,20,-0.022040150230537923,-0.07558223038391854,0.0,0.0,0.021551343577410384,0.004987822991097346,0.0
public_trace_calibrated_simulation,qaoa,106,sequential,classical,20,-0.11541014405342784,-0.21641046512564685,0.0,0.0,0.11492701527717793,0.004929885471938178,0.0
public_trace_calibrated_simulation,qaoa,106,joint_mf,remote_sim,20,-0.02483038656642998,-0.019328710176,0.0,0.0,0.005501676390429975,0.23504915200000004,0.0
public_trace_calibrated_simulation,qaoa,106,capo_chance,remote_sim,20,-0.011790605088000002,-0.011790605088000002,0.0,0.0,0.0,0.08502457599999999,0.0
public_trace_calibrated_simulation,qaoa,106,device_aware_sequential,classical,20,-0.11542585971092842,-0.21643547001034064,0.0,0.0,0.11492701527717793,0.005090249323984608,0.0
public_trace_calibrated_simulation,qaoa,106,fixed_design_scheduler,classical,20,-0.11542294635923382,-0.2164504494244004,0.0,0.0,0.11492701527717793,0.005060521245468408,0.0
public_trace_calibrated_simulation,qaoa,106,classical_only,classical,20,-0.11544127436980407,-0.21643632341544186,0.0,0.0,0.11492701527717793,0.005247541761491448,0.0
public_trace_calibrated_simulation,qaoa,107,sequential,classical,20,-0.013656001543901472,-0.04472858620888058,0.0,0.0,0.013164938857122869,0.005010843742638826,0.0
public_trace_calibrated_simulation,qaoa,107,joint_mf,remote_sim,20,-0.012023603491003104,-0.011790605088000002,0.0,0.0,0.00023299840300310048,0.08502457599999999,0.0
public_trace_calibrated_simulation,qaoa,107,capo_chance,classical,20,-0.013645226672741661,-0.04472044824516836,0.0,0.0,0.013164938857122869,0.0049008960777428,0.0
public_trace_calibrated_simulation,qaoa,107,device_aware_sequential,qpu_B,20,-24.926584462945605,-45.53940902293695,1.0,1.0,0.15066237547866726,273.11204174933874,49.37829174933874
public_trace_calibrated_simulation,qaoa,107,fixed_design_scheduler,classical,20,-0.013660760723678939,-0.044714180327360215,0.0,0.0,0.013164938857122869,0.005059406801592559,0.0
public_trace_calibrated_simulation,qaoa,107,classical_only,classical,20,-0.013646368934757156,-0.04472010499726951,0.0,0.0,0.013164938857122869,0.0049125518125947565,0.0
public_trace_calibrated_simulation,qaoa,108,sequential,remote_sim,20,-0.011866815263999998,-0.011866815264,0.0,0.0,0.0,0.085073728,0.0
public_trace_calibrated_simulation,qaoa,108,joint_mf,classical,20,-0.09801229435379451,-0.22996368805412415,0.0,0.0,0.09751129077193857,0.005112281447509304,0.0
public_trace_calibrated_simulation,qaoa,108,capo_chance,local_sim,20,-0.020247584,-0.020247584000000002,0.0,0.0,0.0,0.20660800000000004,0.0
public_trace_calibrated_simulation,qaoa,108,device_aware_sequential,classical,20,-0.09799318027227949,-0.22992675603938034,0.0,0.0,0.09751129077193857,0.004917239799397066,0.0
public_trace_calibrated_simulation,qaoa,108,fixed_design_scheduler,classical,20,-0.09800134481826629,-0.22993563342385673,0.0,0.0,0.09751129077193857,0.0050005514931399375,0.0
public_trace_calibrated_simulation,qaoa,108,classical_only,classical,20,-0.09800036996183285,-0.22993035970023115,0.0,0.0,0.09751129077193857,0.004990603978512809,0.0
public_trace_calibrated_simulation,qaoa,109,sequential,classical,20,-0.07275877573156343,-0.19757948042035114,0.0,0.0,0.07228076027259542,0.004877708764979616,0.0
public_trace_calibrated_simulation,qaoa,109,joint_mf,remote_sim,20,-0.0206908080532011,-0.023957948305337,0.0,0.0,0.0014002029652010989,0.23502457599999999,0.0
public_trace_calibrated_simulation,qaoa,109,capo_chance,classical,20,-0.0727713502826084,-0.1976069200474491,0.0,0.0,0.07228076027259542,0.005006020510336384,0.0
public_trace_calibrated_simulation,qaoa,109,device_aware_sequential,remote_sim,20,-1.3072085038952816,-2.3818399537773374,0.45,0.45,0.030035893335281654,1.45294912,0.0
public_trace_calibrated_simulation,qaoa,109,fixed_design_scheduler,classical,20,-0.07275524770755168,-0.19758463527101106,0.0,0.0,0.07228076027259542,0.004841708519961685,0.0
public_trace_calibrated_simulation,qaoa,109,classical_only,classical,20,-0.0727706745509206,-0.19761298612821396,0.0,0.0,0.07228076027259542,0.004999125289032236,0.0
public_trace_calibrated_simulation,qaoa,110,sequential,classical,20,-1.297236656965009,-5.035190706139627,0.25,0.0,0.04671660259996613,0.005306677194312215,0.0
public_trace_calibrated_simulation,qaoa,110,joint_mf,remote_sim,20,-0.009828710176000002,-0.009828710176,0.0,0.0,0.0,0.045049152,0.0
public_trace_calibrated_simulation,qaoa,110,capo_chance,remote_sim,20,-0.013649038699150459,-0.011866815264,0.0,0.0,0.0017822234351504603,0.085073728,0.0
public_trace_calibrated_simulation,qaoa,110,device_aware_sequential,classical,20,-1.2972510802676163,-5.0352000206313905,0.25,0.0,0.04671660259996613,0.0054538537515327334,0.0
public_trace_calibrated_simulation,qaoa,110,fixed_design_scheduler,classical,20,-1.2972496562819775,-5.035207366317824,0.25,0.0,0.04671660259996613,0.005439323285827413,0.0
public_trace_calibrated_simulation,qaoa,110,classical_only,classical,20,-1.297206654664032,-5.0351088108349,0.25,0.0,0.04671660259996613,0.00500053126597777,0.0
public_trace_calibrated_simulation,qaoa,111,sequential,remote_sim,20,-0.019328710176000005,-0.019328710176,0.0,0.0,0.0,0.23504915200000004,0.0
public_trace_calibrated_simulation,qaoa,111,joint_mf,classical,20,-1.616520299824057,-5.287138690470267,0.3,0.0,0.1160228335158177,0.005076186818769202,0.0
public_trace_calibrated_simulation,qaoa,111,capo_chance,remote_sim,20,-0.009790605088,-0.009790605088,0.0,0.0,0.0,0.045024576,0.0
public_trace_calibrated_simulation,qaoa,111,device_aware_sequential,classical,20,-1.6165242300875111,-5.287139999316438,0.3,0.0,0.1160228335158177,0.005116291547892615,0.0
public_trace_calibrated_simulation,qaoa,111,fixed_design_scheduler,classical,20,-1.616533134830054,-5.287172382259757,0.3,0.0,0.1160228335158177,0.005207156267715618,0.0
public_trace_calibrated_simulation,qaoa,111,classical_only,classical,20,-1.616537694816755,-5.287124872912668,0.3,0.0,0.1160228335158177,0.0052536867442540824,0.0
public_trace_calibrated_simulation,qaoa_channel,100,sequential,qpu_B,20,-10.076802467838757,-17.435554967838755,1.0,1.0,0.0,159.2157293567751,21.072879356775136
public_trace_calibrated_simulation,qaoa_channel,100,joint_mf,classical,20,-0.0005315530327497981,-0.0005519461808726191,0.0,0.0,0.0,0.005424010538263246,0.0
public_trace_calibrated_simulation,qaoa_channel,100,capo_chance,classical,20,-0.0005178330965572969,-0.0005354618392884731,0.0,0.0,0.0,0.0052840111893601716,0.0
public_trace_calibrated_simulation,qaoa_channel,100,device_aware_sequential,classical,20,-0.0005525423083454369,-0.0005901720279362052,0.0,0.0,0.0,0.0056381868198513985,0.0
public_trace_calibrated_simulation,qaoa_channel,100,fixed_design_scheduler,classical,20,-0.0005611530515016056,-0.0006398910237476229,0.0,0.0,0.0,0.005726051545934752,0.0
public_trace_calibrated_simulation,qaoa_channel,100,classical_only,classical,20,-0.0005211833359207959,-0.0005617261191364377,0.0,0.0,0.0,0.005318197305314243,0.0
public_trace_calibrated_simulation,qaoa_channel,101,sequential,qpu_B,20,-11.234127009369374,-29.55193450936937,1.0,1.0,0.0,181.78878018738746,33.59133018738747
public_trace_calibrated_simulation,qaoa_channel,101,joint_mf,classical,20,-0.0031488651098307203,-0.01359721597119746,0.0,0.0,0.0026133532690555774,0.005464406538521871,0.0
public_trace_calibrated_simulation,qaoa_channel,101,capo_chance,classical,20,-0.003136074055856651,-0.013564604329048182,0.0,0.0,0.0026133532690555774,0.005333885579602793,0.0
public_trace_calibrated_simulation,qaoa_channel,101,device_aware_sequential,classical,20,-0.0031740357458448025,-0.013612926426330108,0.0,0.0,0.0026133532690555774,0.005721249763155356,0.0
public_trace_calibrated_simulation,qaoa_channel,101,fixed_design_scheduler,classical,20,-0.0032925963127609322,-0.013714881194625508,0.0,0.0,0.0026133532690555774,0.006931051466381177,0.0
public_trace_calibrated_simulation,qaoa_channel,101,classical_only,classical,20,-0.0031898688930059767,-0.013613951224354555,0.0,0.0,0.0026133532690555774,0.00588281248928979,0.0
public_trace_calibrated_simulation,qaoa_channel,102,sequential,classical,20,-0.0005477403915720061,-0.0005436469437554479,0.0,0.0,0.0,0.0055891876691021025,0.0
public_trace_calibrated_simulation,qaoa_channel,102,joint_mf,remote_sim,20,-0.011866815263999998,-0.011866815264,0.0,0.0,0.0,0.085073728,0.0
public_trace_calibrated_simulation,qaoa_channel,102,capo_chance,classical,20,-0.0005147807811736128,-0.0005303657719632611,0.0,0.0,0.0,0.005252865114016458,0.0
public_trace_calibrated_simulation,qaoa_channel,102,device_aware_sequential,classical,20,-0.0005428965335595421,-0.0005713382468093187,0.0,0.0,0.0,0.00553976054652594,0.0
public_trace_calibrated_simulation,qaoa_channel,102,fixed_design_scheduler,classical,20,-0.0005159036455443128,-0.0005286750080995262,0.0,0.0,0.0,0.0052643229137174785,0.0
public_trace_calibrated_simulation,qaoa_channel,102,classical_only,classical,20,-0.0005700639148126356,-0.0006720693805254995,0.0,0.0,0.0,0.005816978722577915,0.0
public_trace_calibrated_simulation,qaoa_channel,103,sequential,classical,20,-0.0005153024012688548,-0.0005407189290272072,0.0,0.0,0.0,0.005258187768049538,0.0
public_trace_calibrated_simulation,qaoa_channel,103,joint_mf,classical,20,-0.0005145051241270268,-0.0005375461691292003,0.0,0.0,0.0,0.005250052287010476,0.0
public_trace_calibrated_simulation,qaoa_channel,103,capo_chance,classical,20,-0.000520859779440798,-0.000530388395418413,0.0,0.0,0.0,0.00531489570857957,0.0
public_trace_calibrated_simulation,qaoa_channel,103,device_aware_sequential,qpu_A,20,-773.9824918566453,-2137.054746856645,1.0,1.0,0.0,15403.688237132903,31.028637132902787
public_trace_calibrated_simulation,qaoa_channel,103,fixed_design_scheduler,classical,20,-0.0005336752394796349,-0.0005501494929194451,0.0,0.0,0.0,0.0054456657089758664,0.0
public_trace_calibrated_simulation,qaoa_channel,103,classical_only,classical,20,-0.0005185669755446724,-0.000542440484976396,0.0,0.0,0.0,0.005291499750455841,0.0
public_trace_calibrated_simulation,qaoa_channel,104,sequential,classical,20,-0.0005345746302045882,-0.0005539671581937,0.0,0.0,0.0,0.0054548431653529406,0.0
public_trace_calibrated_simulation,qaoa_channel,104,joint_mf,classical,20,-0.0005289937158813701,-0.0005419403103878721,0.0,0.0,0.0,0.00539789506001398,0.0
public_trace_calibrated_simulation,qaoa_channel,104,capo_chance,remote_sim,20,-0.01936681526399999,-0.019366815263999998,0.0,0.0,0.0,0.23507372799999998,0.0
public_trace_calibrated_simulation,qaoa_channel,104,device_aware_sequential,qpu_B,20,-21.08375903974628,-42.242166539746265,1.0,1.0,0.0,265.9247807949256,71.93743079492558
public_trace_calibrated_simulation,qaoa_channel,104,fixed_design_scheduler,classical,20,-0.0005677588380058296,-0.0006163931828923523,0.0,0.0,0.0,0.005793457530671731,0.0
public_trace_calibrated_simulation,qaoa_channel,104,classical_only,classical,20,-0.0005333149412763305,-0.0005685205770423636,0.0,0.0,0.0,0.00544198919669725,0.0
public_trace_calibrated_simulation,qaoa_channel,105,sequential,classical,20,-0.0005660745599889197,-0.0006396726669045165,0.0,0.0,0.0,0.005776271020295098,0.0
public_trace_calibrated_simulation,qaoa_channel,105,joint_mf,classical,20,-0.000527095042692963,-0.0005440656716236844,0.0,0.0,0.0,0.005378520843805745,0.0
public_trace_calibrated_simulation,qaoa_channel,105,capo_chance,classical,20,-0.0005299880612292327,-0.0005534019026672467,0.0,0.0,0.0,0.005408041441114619,0.0
public_trace_calibrated_simulation,qaoa_channel,105,device_aware_sequential,classical,20,-0.0005326688608038239,-0.0005688941321568563,0.0,0.0,0.0,0.00543539653881453,0.0
public_trace_calibrated_simulation,qaoa_channel,105,fixed_design_scheduler,classical,20,-0.0005421105196583085,-0.0005651108926394954,0.0,0.0,0.0,0.005531739996513352,0.0
public_trace_calibrated_simulation,qaoa_channel,105,classical_only,classical,20,-0.0005741646584938281,-0.00063332060421817,0.0,0.0,0.0,0.005858823045855388,0.0
public_trace_calibrated_simulation,qaoa_channel,106,sequential,classical,20,-0.004369669447833206,-0.004470953321730246,0.0,0.0,0.0037575951886302784,0.00624565570615232,0.0
public_trace_calibrated_simulation,qaoa_channel,106,joint_mf,classical,20,-0.0044991182598806915,-0.0047860660619973155,0.0,0.0,0.0037575951886302784,0.007566561951534823,0.0
public_trace_calibrated_simulation,qaoa_channel,106,capo_chance,classical,20,-0.0043656739636845875,-0.004818488045892207,0.0,0.0,0.0037575951886302784,0.006204885459737852,0.0
public_trace_calibrated_simulation,qaoa_channel,106,device_aware_sequential,classical,20,-0.004348451342206448,-0.0044440607076450195,0.0,0.0,0.0037575951886302784,0.006029144424246624,0.0
public_trace_calibrated_simulation,qaoa_channel,106,fixed_design_scheduler,classical,20,-0.004359153902163728,-0.004500700854992954,0.0,0.0,0.0037575951886302784,0.006138354219729081,0.0
public_trace_calibrated_simulation,qaoa_channel,106,classical_only,classical,20,-0.004423349028575233,-0.004627010502916289,0.0,0.0,0.0037575951886302784,0.006793406530050561,0.0
public_trace_calibrated_simulation,qaoa_channel,107,sequential,classical,20,-0.006032291870672895,-0.02923121992285308,0.0,0.0,0.005483057997356343,0.0056044272787403315,0.0
public_trace_calibrated_simulation,qaoa_channel,107,joint_mf,classical,20,-0.0060161790506021925,-0.029230301505266138,0.0,0.0,0.005483057997356343,0.005440010747406632,0.0
public_trace_calibrated_simulation,qaoa_channel,107,capo_chance,classical,20,-0.006143740335762675,-0.02925240649197661,0.0,0.0,0.005483057997356343,0.006741656514350325,0.0
public_trace_calibrated_simulation,qaoa_channel,107,device_aware_sequential,qpu_B,20,-24.873530382137957,-43.730218287850484,1.0,1.0,0.017304594287473045,274.71811575700974,50.98436575700968
public_trace_calibrated_simulation,qaoa_channel,107,fixed_design_scheduler,classical,20,-0.006202026872829707,-0.02947363361607716,0.0,0.0,0.005483057997356343,0.007336417096666992,0.0
public_trace_calibrated_simulation,qaoa_channel,107,classical_only,classical,20,-0.006075351601691624,-0.029259921683193562,0.0,0.0,0.005483057997356343,0.006043812289135531,0.0
public_trace_calibrated_simulation,qaoa_channel,108,sequential,remote_sim,20,-0.011866815263999998,-0.011866815264,0.0,0.0,0.0,0.085073728,0.0
public_trace_calibrated_simulation,qaoa_channel,108,joint_mf,classical,20,-0.0005927877437206917,-0.0006667819493450224,0.0,0.0,0.0,0.00604885452776216,0.0
public_trace_calibrated_simulation,qaoa_channel,108,capo_chance,classical,20,-0.0006343028962728567,-0.0007805247470969334,0.0,0.0,0.0,0.006472478533396497,0.0
public_trace_calibrated_simulation,qaoa_channel,108,device_aware_sequential,classical,20,-0.0006177941258065402,-0.0007141650192206726,0.0,0.0,0.0,0.006304021691903472,0.0
public_trace_calibrated_simulation,qaoa_channel,108,fixed_design_scheduler,classical,20,-0.000574152374174446,-0.0006379902142798527,0.0,0.0,0.0,0.005858697695657611,0.0
public_trace_calibrated_simulation,qaoa_channel,108,classical_only,classical,20,-0.0005798690862720832,-0.000654280710616149,0.0,0.0,0.0,0.005917031492572278,0.0
public_trace_calibrated_simulation,qaoa_channel,109,sequential,classical,20,-0.0005866106249159201,-0.0006356154816458001,0.0,0.0,0.0,0.0059858227032236755,0.0
public_trace_calibrated_simulation,qaoa_channel,109,joint_mf,classical,20,-0.0005895976454485209,-0.0006692073252052068,0.0,0.0,0.0,0.006016302504576743,0.0
public_trace_calibrated_simulation,qaoa_channel,109,capo_chance,classical,20,-0.0005674558000755497,-0.0006140007667709142,0.0,0.0,0.0,0.005790365306893364,0.0
public_trace_calibrated_simulation,qaoa_channel,109,device_aware_sequential,remote_sim,20,-1.2771726105599999,-2.37717261056,0.45,0.45,0.0,1.45294912,0.0
public_trace_calibrated_simulation,qaoa_channel,109,fixed_design_scheduler,classical,20,-0.0006778690395876765,-0.000851783320074901,0.0,0.0,0.0,0.006917031016200781,0.0
public_trace_calibrated_simulation,qaoa_channel,109,classical_only,classical,20,-0.0007345631386851891,-0.0008657996571855619,0.0,0.0,0.0,0.007495542231481522,0.0
public_trace_calibrated_simulation,qaoa_channel,110,sequential,classical,20,-0.003011170293783898,-0.008150918083623537,0.0,0.0,0.002432066945298238,0.005909217841690406,0.0
public_trace_calibrated_simulation,qaoa_channel,110,joint_mf,classical,20,-0.0031566911939854155,-0.008391360895134994,0.0,0.0,0.002432066945298238,0.007394124986603856,0.0
public_trace_calibrated_simulation,qaoa_channel,110,capo_chance,classical,20,-0.003142695689163766,-0.008379413121039533,0.0,0.0,0.002432066945298238,0.007251313712913543,0.0
public_trace_calibrated_simulation,qaoa_channel,110,device_aware_sequential,local_sim,20,-1.821510583966548,-2.225402415335327,0.8,0.8,0.009234743966548284,2.16608,0.0
public_trace_calibrated_simulation,qaoa_channel,110,fixed_design_scheduler,classical,20,-0.003095364702862816,-0.008398259856747019,0.0,0.0,0.002432066945298238,0.0067683444649446756,0.0
public_trace_calibrated_simulation,qaoa_channel,110,classical_only,classical,20,-0.003046935292482039,-0.008177198466853724,0.0,0.0,0.002432066945298238,0.006274166807997972,0.0
public_trace_calibrated_simulation,qaoa_channel,111,sequential,classical,20,-0.0006253613920416683,-0.0007204815323930234,0.0,0.0,0.0,0.006381238694302738,0.0
public_trace_calibrated_simulation,qaoa_channel,111,joint_mf,classical,20,-0.000608644284424372,-0.0006629537937697023,0.0,0.0,0.0,0.006210655963514,0.0
public_trace_calibrated_simulation,qaoa_channel,111,capo_chance,classical,20,-0.0005885288611752912,-0.0006515712181571872,0.0,0.0,0.0,0.006005396542605013,0.0
public_trace_calibrated_simulation,qaoa_channel,111,device_aware_sequential,classical,20,-0.0005734194620745257,-0.000635466837673448,0.0,0.0,0.0,0.005851219000760466,0.0
public_trace_calibrated_simulation,qaoa_channel,111,fixed_design_scheduler,classical,20,-0.000642387960688211,-0.0007636667249025777,0.0,0.0,0.0,0.006554979190696031,0.0
public_trace_calibrated_simulation,qaoa_channel,111,classical_only,classical,20,-0.0006016954781953246,-0.0007200880006421358,0.0,0.0,0.0,0.006139749777503312,0.0
public_trace_calibrated_simulation,qaoa_place,100,sequential,qpu_B,20,-10.108774301357084,-17.435554967838755,1.0,1.0,0.031971833518327,159.2157293567751,21.07287935677514
public_trace_calibrated_simulation,qaoa_place,100,joint_mf,remote_sim,20,-0.046104120349660986,-0.16152884812711465,0.0,0.0,0.03423730508566098,0.085073728,0.0
public_trace_calibrated_simulation,qaoa_place,100,capo_chance,remote_sim,20,-0.011828710176000004,-0.011828710176000002,0.0,0.0,0.0,0.08504915200000002,0.0
public_trace_calibrated_simulation,qaoa_place,100,device_aware_sequential,classical,20,-0.05932581607245755,-0.1587605193321708,0.0,0.0,0.05883957062433853,0.004961688246112317,0.0
public_trace_calibrated_simulation,qaoa_place,100,fixed_design_scheduler,classical,20,-0.059333342643854294,-0.15876133176862484,0.0,0.0,0.05883957062433853,0.005038489995058626,0.0
public_trace_calibrated_simulation,qaoa_place,100,classical_only,classical,20,-0.05932760859908683,-0.15875198060359097,0.0,0.0,0.05883957062433853,0.0049799793341662735,0.0
public_trace_calibrated_simulation,qaoa_place,101,sequential,qpu_B,20,-11.234860087757648,-29.55193450936937,1.0,1.0,0.0007330783882744838,181.78878018738746,33.59133018738747
public_trace_calibrated_simulation,qaoa_place,101,joint_mf,classical,20,-0.03280957220992019,-0.1120296804974103,0.0,0.0,0.03229972311664785,0.0052025417680852115,0.0
public_trace_calibrated_simulation,qaoa_place,101,capo_chance,remote_sim,20,-0.017466336284579994,-0.024452172853489676,0.0,0.0,0.007675731196579992,0.045024576,0.0
public_trace_calibrated_simulation,qaoa_place,101,device_aware_sequential,classical,20,-0.0328011779155018,-0.11201942376669177,0.0,0.0,0.03229972311664785,0.005116885702591389,0.0
public_trace_calibrated_simulation,qaoa_place,101,fixed_design_scheduler,classical,20,-0.03279492934114712,-0.1120353279016461,0.0,0.0,0.03229972311664785,0.005053124739788473,0.0
public_trace_calibrated_simulation,qaoa_place,101,classical_only,classical,20,-0.03281973862935735,-0.11201855164561567,0.0,0.0,0.03229972311664785,0.005306280741933733,0.0
public_trace_calibrated_simulation,qaoa_place,102,sequential,classical,20,-0.021926597543135567,-0.05981702776911629,0.0,0.0,0.02144102383936318,0.004954833711963147,0.0
public_trace_calibrated_simulation,qaoa_place,102,joint_mf,classical,20,-0.021989273615198025,-0.05989292682574091,0.0,0.0,0.02144102383936318,0.005594385467702523,0.0
public_trace_calibrated_simulation,qaoa_place,102,capo_chance,classical,20,-0.021988823427835296,-0.05992505047779491,0.0,0.0,0.02144102383936318,0.005589791719103232,0.0
public_trace_calibrated_simulation,qaoa_place,102,device_aware_sequential,classical,20,-0.02192548179209028,-0.05981702176243493,0.0,0.0,0.02144102383936318,0.004943448497215286,0.0
public_trace_calibrated_simulation,qaoa_place,102,fixed_design_scheduler,classical,20,-0.02193375973486603,-0.05982673575840386,0.0,0.0,0.02144102383936318,0.005027917301049456,0.0
public_trace_calibrated_simulation,qaoa_place,102,classical_only,classical,20,-0.021949526503349477,-0.05995021214086523,0.0,0.0,0.02144102383936318,0.005188802693737671,0.0
public_trace_calibrated_simulation,qaoa_place,103,sequential,classical,20,-0.2413281016672227,-0.4619258105844904,0.0,0.0,0.24083240335690434,0.005058146023657173,0.0
public_trace_calibrated_simulation,qaoa_place,103,joint_mf,classical,20,-0.2413272042787249,-0.46192413021965817,0.0,0.0,0.24083240335690434,0.005048988998169079,0.0
public_trace_calibrated_simulation,qaoa_place,103,capo_chance,local_sim,20,-0.12988137600000002,-0.029881376,0.05,0.05,0.0,0.30491199999999996,0.0
public_trace_calibrated_simulation,qaoa_place,103,device_aware_sequential,qpu_A,20,-774.2257123575446,-2137.0951172338323,1.0,1.0,0.2486540787295728,15403.579565576298,30.919965576297834
public_trace_calibrated_simulation,qaoa_place,103,fixed_design_scheduler,classical,20,-0.24135861234564446,-0.46197819601632123,0.0,0.0,0.24083240335690434,0.005369479476939887,0.0
public_trace_calibrated_simulation,qaoa_place,103,classical_only,classical,20,-0.2413374116867745,-0.4619472624344465,0.0,0.0,0.24083240335690434,0.005153146223165095,0.0
public_trace_calibrated_simulation,qaoa_place,104,sequential,classical,20,-0.09439688110669273,-0.30789564684629833,0.0,0.0,0.09383304117192645,0.005753468722105026,0.0
public_trace_calibrated_simulation,qaoa_place,104,joint_mf,remote_sim,20,-0.009828710176000002,-0.009828710176,0.0,0.0,0.0,0.045049152,0.0
public_trace_calibrated_simulation,qaoa_place,104,capo_chance,local_sim,20,-0.014533791999999999,-0.014533792,0.0,0.0,0.0,0.148304,0.0
public_trace_calibrated_simulation,qaoa_place,104,device_aware_sequential,qpu_B,20,-21.101051158496247,-42.25945865849624,1.0,1.0,0.0,266.2706231699249,72.2832731699249
public_trace_calibrated_simulation,qaoa_place,104,fixed_design_scheduler,classical,20,-0.09442867703523851,-0.30800014742641174,0.0,0.0,0.09383304117192645,0.006077916972571984,0.0
public_trace_calibrated_simulation,qaoa_place,104,classical_only,classical,20,-0.09442150978660109,-0.30791668453757115,0.0,0.0,0.09383304117192645,0.006004781782394275,0.0
public_trace_calibrated_simulation,qaoa_place,105,sequential,local_sim,20,-0.024167584000000002,-0.024167584,0.0,0.0,0.0,0.24660800000000002,0.0
public_trace_calibrated_simulation,qaoa_place,105,joint_mf,classical,20,-0.31378060703261174,-0.7136572390800164,0.0,0.0,0.313219941882788,0.005721072957385331,0.0
public_trace_calibrated_simulation,qaoa_place,105,capo_chance,remote_sim,20,-0.019290605088000005,-0.019290605088000002,0.0,0.0,0.0,0.23502457599999999,0.0
public_trace_calibrated_simulation,qaoa_place,105,device_aware_sequential,qpu_B,20,-9.264156140051224,-15.088153209004448,1.0,1.0,0.5790927177920225,132.671188445184,20.826388445184005
public_trace_calibrated_simulation,qaoa_place,105,fixed_design_scheduler,classical,20,-0.3137245071300643,-0.7136341396253146,0.0,0.0,0.313219941882788,0.005148624972207472,0.0
public_trace_calibrated_simulation,qaoa_place,105,classical_only,classical,20,-0.31375094669605497,-0.7137196913333199,0.0,0.0,0.313219941882788,0.005418416461907327,0.0
public_trace_calibrated_simulation,qaoa_place,106,sequential,classical,20,-0.08928361832695844,-0.23065699222316632,0.0,0.0,0.08868596124103822,0.006098541693063453,0.0
public_trace_calibrated_simulation,qaoa_place,106,joint_mf,classical,20,-0.08917757013651607,-0.23046973027527,0.0,0.0,0.08868596124103822,0.005016417300794274,0.0
public_trace_calibrated_simulation,qaoa_place,106,capo_chance,remote_sim,20,-0.011790605088000002,-0.011790605088000002,0.0,0.0,0.0,0.08502457599999999,0.0
public_trace_calibrated_simulation,qaoa_place,106,device_aware_sequential,classical,20,-0.0892403503072757,-0.23054269954881765,0.0,0.0,0.08868596124103822,0.005657031288137659,0.0
public_trace_calibrated_simulation,qaoa_place,106,fixed_design_scheduler,classical,20,-0.08919488957793982,-0.23048959602479027,0.0,0.0,0.08868596124103822,0.005193146294914186,0.0
public_trace_calibrated_simulation,qaoa_place,106,classical_only,classical,20,-0.0891721320848057,-0.23046686207065958,0.0,0.0,0.08868596124103822,0.00496092697721906,0.0
public_trace_calibrated_simulation,qaoa_place,107,sequential,classical,20,-0.06609098247287715,-0.11305973249761402,0.0,0.0,0.06552073173772463,0.005818885052576661,0.0
public_trace_calibrated_simulation,qaoa_place,107,joint_mf,classical,20,-0.0660160492198813,-0.1129742482093304,0.0,0.0,0.06552073173772463,0.005054260022006929,0.0
public_trace_calibrated_simulation,qaoa_place,107,capo_chance,classical,20,-0.06600538155628985,-0.11294140420045252,0.0,0.0,0.06552073173772463,0.00494540631189011,0.0
public_trace_calibrated_simulation,qaoa_place,107,device_aware_sequential,qpu_B,20,-24.873973769505582,-43.68093186203732,1.0,1.0,0.06703440746825828,273.73238724074633,49.99863724074637
public_trace_calibrated_simulation,qaoa_place,107,fixed_design_scheduler,classical,20,-0.06616685700364563,-0.11328493911942016,0.0,0.0,0.06552073173772463,0.006593114958377555,0.0
public_trace_calibrated_simulation,qaoa_place,107,classical_only,classical,20,-0.06602774695802166,-0.11308172538242317,0.0,0.0,0.06552073173772463,0.005173624696908519,0.0
public_trace_calibrated_simulation,qaoa_place,108,sequential,remote_sim,20,-0.011874913539965825,-0.011866815264,0.0,0.0,8.098275965825398e-06,0.085073728,0.0
public_trace_calibrated_simulation,qaoa_place,108,joint_mf,classical,20,-0.015598319315248974,-0.07573851090980348,0.0,0.0,0.015107632259968543,0.0050070107681676745,0.0
public_trace_calibrated_simulation,qaoa_place,108,capo_chance,remote_sim,20,-0.011790605088000002,-0.011790605088000002,0.0,0.0,0.0,0.08502457599999999,0.0
public_trace_calibrated_simulation,qaoa_place,108,device_aware_sequential,classical,20,-0.01559101524775835,-0.07572401691317679,0.0,0.0,0.015107632259968543,0.004932479467242956,0.0
public_trace_calibrated_simulation,qaoa_place,108,fixed_design_scheduler,classical,20,-0.015605732575422023,-0.07575041973459189,0.0,0.0,0.015107632259968543,0.0050826562801375985,0.0
public_trace_calibrated_simulation,qaoa_place,108,classical_only,classical,20,-0.015604410680548627,-0.075744037724064,0.0,0.0,0.015107632259968543,0.005069167556939647,0.0
public_trace_calibrated_simulation,qaoa_place,109,sequential,classical,20,-0.041693677983246046,-0.12502674819298362,0.0,0.0,0.041193264476546795,0.005106260272441432,0.0
public_trace_calibrated_simulation,qaoa_place,109,joint_mf,classical,20,-0.041688734096590664,-0.12503301364651223,0.0,0.0,0.041193264476546795,0.0050558124494273216,0.0
public_trace_calibrated_simulation,qaoa_place,109,capo_chance,remote_sim,20,-0.023682701503496956,-0.06598556098964611,0.0,0.0,0.013815886239496958,0.04507372799999999,0.0
public_trace_calibrated_simulation,qaoa_place,109,device_aware_sequential,remote_sim,20,-1.3218480943714823,-2.4325411299620296,0.45,0.45,0.04467548381148244,1.45294912,0.0
public_trace_calibrated_simulation,qaoa_place,109,fixed_design_scheduler,classical,20,-0.041688542225048184,-0.12501534543537807,0.0,0.0,0.041193264476546795,0.005053854576544836,0.0
public_trace_calibrated_simulation,qaoa_place,109,classical_only,classical,20,-0.04169216608785722,-0.1250466420478401,0.0,0.0,0.041193264476546795,0.005090832768473774,0.0
public_trace_calibrated_simulation,qaoa_place,110,sequential,classical,20,-0.09862148777401017,-0.21099684277477002,0.0,0.0,0.0980577151106525,0.005752782279159874,0.0
public_trace_calibrated_simulation,qaoa_place,110,joint_mf,local_sim,20,-0.014533791999999999,-0.014533792,0.0,0.0,0.0,0.148304,0.0
public_trace_calibrated_simulation,qaoa_place,110,capo_chance,local_sim,20,-0.010613792000000002,-0.010613792,0.0,0.0,0.0,0.108304,0.0
public_trace_calibrated_simulation,qaoa_place,110,device_aware_sequential,classical,20,-0.09855329707218044,-0.21089182737699969,0.0,0.0,0.0980577151106525,0.005056958791101351,0.0
public_trace_calibrated_simulation,qaoa_place,110,fixed_design_scheduler,classical,20,-0.09855313879926399,-0.21088425904975533,0.0,0.0,0.0980577151106525,0.005055343761341646,0.0
public_trace_calibrated_simulation,qaoa_place,110,classical_only,classical,20,-0.09857887812482369,-0.21089270347971262,0.0,0.0,0.0980577151106525,0.005317989940522239,0.0
public_trace_calibrated_simulation,qaoa_place,111,sequential,remote_sim,20,-0.03188994530714685,-0.019328710176,0.0,0.0,0.012561235131146844,0.23504915200000004,0.0
public_trace_calibrated_simulation,qaoa_place,111,joint_mf,classical,20,-0.16879151947156656,-0.4185508258337454,0.0,0.0,0.16830296500208217,0.0049852496886160225,0.0
public_trace_calibrated_simulation,qaoa_place,111,capo_chance,local_sim,20,-0.03672881913114684,-0.024167584,0.0,0.0,0.012561235131146844,0.24660800000000002,0.0
public_trace_calibrated_simulation,qaoa_place,111,device_aware_sequential,classical,20,-0.16881770584424388,-0.4185968351020078,0.0,0.0,0.16830296500208217,0.005252457573078573,0.0
public_trace_calibrated_simulation,qaoa_place,111,fixed_design_scheduler,classical,20,-0.168823131548887,-0.4185389841491655,0.0,0.0,0.16830296500208217,0.005307821906171739,0.0
public_trace_calibrated_simulation,qaoa_place,111,classical_only,classical,20,-0.16883504683670483,-0.41855932726727996,0.0,0.0,0.16830296500208217,0.005429406475741416,0.0
public_trace_calibrated_simulation,vqc,100,sequential,remote_sim,20,-0.14587529769599997,-0.151500297696,0.0,0.0,0.14437499999999998,0.030000192000000002,0.0
public_trace_calibrated_simulation,vqc,100,joint_mf,local_sim,20,-0.12567517599999994,-0.126300176,0.0,0.0,0.12562500000000001,0.0005120000000000001,0.0
public_trace_calibrated_simulation,vqc,100,capo_chance,local_sim,20,-0.12452552799999998,-0.13765052799999994,0.0,0.0,0.12437500000000001,0.0015359999999999998,0.0
public_trace_calibrated_simulation,vqc,100,device_aware_sequential,remote_sim,20,-0.12775019846400001,-0.13900019846399997,0.0,0.0,0.12624999999999997,0.030000127999999994,0.0
public_trace_calibrated_simulation,vqc,100,fixed_design_scheduler,classical,20,-0.20009799999999997,-0.20009799999999994,0.0,0.0,0.2,0.0010000000000000002,0.0
public_trace_calibrated_simulation,vqc,100,classical_only,classical,20,-0.20009799999999997,-0.20009799999999994,0.0,0.0,0.2,0.0010000000000000002,0.0
public_trace_calibrated_simulation,vqc,101,sequential,remote_sim,20,-0.23212678617600005,-0.251501786176,0.0,0.0,0.23062500000000002,0.030001151999999996,0.0
public_trace_calibrated_simulation,vqc,101,joint_mf,remote_sim,20,-0.248375595392,-0.25275059539199995,0.0,0.0,0.24687500000000004,0.03000038400000001,0.0
public_trace_calibrated_simulation,vqc,101,capo_chance,remote_sim,20,-0.2490011907840001,-0.251501190784,0.0,0.0,0.2475,0.030000767999999994,0.0
public_trace_calibrated_simulation,vqc,101,device_aware_sequential,local_sim,20,-0.26460079200000003,-0.275225792,0.0,0.0,0.26437499999999997,0.002304,0.0
public_trace_calibrated_simulation,vqc,101,fixed_design_scheduler,remote_sim,20,-0.293375099232,-0.314000099232,0.0,0.0,0.291875,0.030000064,0.0
public_trace_calibrated_simulation,vqc,101,classical_only,classical,20,-0.3000980000000001,-0.30009800000000003,0.0,0.0,0.3,0.0010000000000000002,0.0
public_trace_calibrated_simulation,vqc,102,sequential,qpu_B,20,-3.006987589460078,-3.312503995710078,0.85,0.85,0.09000000000000001,23.166311789201554,1.027796164201559
public_trace_calibrated_simulation,vqc,102,joint_mf,remote_sim,20,-0.11775059539200002,-0.13900059539199996,0.0,0.0,0.11625,0.03000038400000001,0.0
public_trace_calibrated_simulation,vqc,102,capo_chance,remote_sim,20,-0.09337559539200004,-0.10275059539199997,0.0,0.0,0.09187500000000001,0.03000038400000001,0.0
public_trace_calibrated_simulation,vqc,102,device_aware_sequential,remote_sim,20,-0.08900059539200003,-0.08900059539200002,0.0,0.0,0.0875,0.03000038400000001,0.0
public_trace_calibrated_simulation,vqc,102,fixed_design_scheduler,classical,20,-0.11259800000000006,-0.11259800000000005,0.0,0.0,0.11250000000000004,0.0010000000000000002,0.0
public_trace_calibrated_simulation,vqc,102,classical_only,classical,20,-0.11259800000000006,-0.11259800000000005,0.0,0.0,0.11250000000000004,0.0010000000000000002,0.0
public_trace_calibrated_simulation,vqc,103,sequential,local_sim,20,-0.06195026399999998,-0.06257526399999999,0.0,0.0,0.061875,0.0007679999999999999,0.0
public_trace_calibrated_simulation,vqc,103,joint_mf,classical,20,-0.08759800000000004,-0.08759800000000002,0.0,0.0,0.0875,0.0010000000000000002,0.0
public_trace_calibrated_simulation,vqc,103,capo_chance,classical,20,-0.08759800000000004,-0.08759800000000002,0.0,0.0,0.0875,0.0010000000000000002,0.0
public_trace_calibrated_simulation,vqc,103,device_aware_sequential,classical,20,-0.08759800000000004,-0.08759800000000002,0.0,0.0,0.0875,0.0010000000000000002,0.0
public_trace_calibrated_simulation,vqc,103,fixed_design_scheduler,remote_sim,20,-0.07962509923199998,-0.08900009923200003,0.0,0.0,0.07812499999999997,0.030000064,0.0
public_trace_calibrated_simulation,vqc,103,classical_only,classical,20,-0.08759800000000004,-0.08759800000000002,0.0,0.0,0.0875,0.0010000000000000002,0.0
public_trace_calibrated_simulation,vqc,104,sequential,qpu_B,20,-2.1024797368011052,-3.269929971176105,0.75,0.75,0.19624999999999998,7.0945147360221,1.0414725485220997
public_trace_calibrated_simulation,vqc,104,joint_mf,remote_sim,20,-0.248375595392,-0.26400059539199994,0.0,0.0,0.24687500000000004,0.03000038400000001,0.0
public_trace_calibrated_simulation,vqc,104,capo_chance,classical,20,-0.2625979999999999,-0.26259799999999994,0.0,0.0,0.2625,0.0010000000000000002,0.0
public_trace_calibrated_simulation,vqc,104,device_aware_sequential,remote_sim,20,-0.23712589308799997,-0.251500893088,0.0,0.0,0.23562499999999997,0.03000057599999999,0.0
public_trace_calibrated_simulation,vqc,104,fixed_design_scheduler,classical,20,-0.2625979999999999,-0.26259799999999994,0.0,0.0,0.2625,0.0010000000000000002,0.0
public_trace_calibrated_simulation,vqc,104,classical_only,classical,20,-0.2625979999999999,-0.26259799999999994,0.0,0.0,0.2625,0.0010000000000000002,0.0
public_trace_calibrated_simulation,vqc,105,sequential,remote_sim,20,-0.20275059539200005,-0.226500595392,0.0,0.0,0.20124999999999998,0.03000038400000001,0.0
public_trace_calibrated_simulation,vqc,105,joint_mf,local_sim,20,-0.20077552799999995,-0.212650528,0.0,0.0,0.200625,0.0015359999999999998,0.0
public_trace_calibrated_simulation,vqc,105,capo_chance,classical,20,-0.21259799999999998,-0.212598,0.0,0.0,0.21250000000000005,0.0010000000000000002,0.0
public_trace_calibrated_simulation,vqc,105,device_aware_sequential,local_sim,20,-0.22670158400000004,-0.23795158400000005,0.0,0.0,0.22624999999999998,0.004608,0.0
public_trace_calibrated_simulation,vqc,105,fixed_design_scheduler,classical,20,-0.21259799999999998,-0.212598,0.0,0.0,0.21250000000000005,0.0010000000000000002,0.0
public_trace_calibrated_simulation,vqc,105,classical_only,classical,20,-0.21259799999999998,-0.212598,0.0,0.0,0.21250000000000005,0.0010000000000000002,0.0
public_trace_calibrated_simulation,vqc,106,sequential,local_sim,20,-0.15327552800000002,-0.16265052799999996,0.0,0.0,0.153125,0.0015359999999999998,0.0
public_trace_calibrated_simulation,vqc,106,joint_mf,classical,20,-0.16259799999999996,-0.16259799999999996,0.0,0.0,0.1625,0.0010000000000000002,0.0
public_trace_calibrated_simulation,vqc,106,capo_chance,classical,20,-0.16259799999999996,-0.16259799999999996,0.0,0.0,0.1625,0.0010000000000000002,0.0
public_trace_calibrated_simulation,vqc,106,device_aware_sequential,local_sim,20,-0.168900528,-0.17515052800000003,0.0,0.0,0.16875,0.0015359999999999998,0.0
public_trace_calibrated_simulation,vqc,106,fixed_design_scheduler,classical,20,-0.16259799999999996,-0.16259799999999996,0.0,0.0,0.1625,0.0010000000000000002,0.0
public_trace_calibrated_simulation,vqc,106,classical_only,classical,20,-0.16259799999999996,-0.16259799999999996,0.0,0.0,0.1625,0.0010000000000000002,0.0
public_trace_calibrated_simulation,vqc,107,sequential,remote_sim,20,-0.193375893088,-0.20150089308799995,0.0,0.0,0.19187500000000002,0.03000057599999999,0.0
public_trace_calibrated_simulation,vqc,107,joint_mf,remote_sim,20,-0.21400119078399998,-0.214001190784,0.0,0.0,0.21250000000000005,0.030000767999999994,0.0
public_trace_calibrated_simulation,vqc,107,capo_chance,local_sim,20,-0.226259408,-0.23875940800000003,0.0,0.0,0.22625,9.599999999999999e-05,0.0
public_trace_calibrated_simulation,vqc,107,device_aware_sequential,local_sim,20,-0.23577552799999996,-0.250150528,0.0,0.0,0.23562499999999997,0.0015359999999999998,0.0
public_trace_calibrated_simulation,vqc,107,fixed_design_scheduler,local_sim,20,-0.24690008800000002,-0.251275088,0.0,0.0,0.246875,0.00025600000000000004,0.0
public_trace_calibrated_simulation,vqc,107,classical_only,classical,20,-0.23759800000000006,-0.23759800000000003,0.0,0.0,0.2375,0.0010000000000000002,0.0
public_trace_calibrated_simulation,vqc,108,sequential,local_sim,20,-0.17890052799999998,-0.18890052799999998,0.0,0.0,0.17875000000000002,0.0015359999999999998,0.0
public_trace_calibrated_simulation,vqc,108,joint_mf,remote_sim,20,-0.177750595392,-0.189000595392,0.0,0.0,0.17625,0.03000038400000001,0.0
public_trace_calibrated_simulation,vqc,108,capo_chance,classical,20,-0.20009799999999997,-0.20009799999999994,0.0,0.0,0.2,0.0010000000000000002,0.0
public_trace_calibrated_simulation,vqc,108,device_aware_sequential,local_sim,20,-0.18085079200000004,-0.187725792,0.0,0.0,0.18062499999999998,0.002304,0.0
public_trace_calibrated_simulation,vqc,108,fixed_design_scheduler,classical,20,-0.20009799999999997,-0.20009799999999994,0.0,0.0,0.2,0.0010000000000000002,0.0
public_trace_calibrated_simulation,vqc,108,classical_only,classical,20,-0.20009799999999997,-0.20009799999999994,0.0,0.0,0.2,0.0010000000000000002,0.0
public_trace_calibrated_simulation,vqc,109,sequential,local_sim,20,-0.098825264,-0.11257526400000004,0.0,0.0,0.09875,0.0007679999999999999,0.0
public_trace_calibrated_simulation,vqc,109,joint_mf,classical,20,-0.11259800000000006,-0.11259800000000005,0.0,0.0,0.11250000000000004,0.0010000000000000002,0.0
public_trace_calibrated_simulation,vqc,109,capo_chance,classical,20,-0.11259800000000006,-0.11259800000000005,0.0,0.0,0.11250000000000004,0.0010000000000000002,0.0
public_trace_calibrated_simulation,vqc,109,device_aware_sequential,classical,20,-0.11259800000000006,-0.11259800000000005,0.0,0.0,0.11250000000000004,0.0010000000000000002,0.0
public_trace_calibrated_simulation,vqc,109,fixed_design_scheduler,classical,20,-0.11259800000000006,-0.11259800000000005,0.0,0.0,0.11250000000000004,0.0010000000000000002,0.0
public_trace_calibrated_simulation,vqc,109,classical_only,classical,20,-0.11259800000000006,-0.11259800000000005,0.0,0.0,0.11250000000000004,0.0010000000000000002,0.0
public_trace_calibrated_simulation,vqc,110,sequential,remote_sim,20,-0.147750893088,-0.15150089308800002,0.0,0.0,0.14625,0.03000057599999999,0.0
public_trace_calibrated_simulation,vqc,110,joint_mf,local_sim,20,-0.17607658400000004,-0.187951584,0.0,0.0,0.175625,0.004608,0.0
public_trace_calibrated_simulation,vqc,110,capo_chance,remote_sim,20,-0.184001786176,-0.189001786176,0.0,0.0,0.18250000000000002,0.030001151999999996,0.0
public_trace_calibrated_simulation,vqc,110,device_aware_sequential,qpu_B,20,-2.246894395272225,-3.0104803327722247,0.65,0.65,0.1425,14.91444790544449,1.051063530444491
public_trace_calibrated_simulation,vqc,110,fixed_design_scheduler,classical,20,-0.22509799999999996,-0.22509799999999996,0.0,0.0,0.22499999999999995,0.0010000000000000002,0.0
public_trace_calibrated_simulation,vqc,110,classical_only,classical,20,-0.22509799999999996,-0.22509799999999996,0.0,0.0,0.22499999999999995,0.0010000000000000002,0.0
public_trace_calibrated_simulation,vqc,111,sequential,classical,20,-0.15009799999999998,-0.150098,0.0,0.0,0.15,0.0010000000000000002,0.0
public_trace_calibrated_simulation,vqc,111,joint_mf,local_sim,20,-0.106400528,-0.12515052799999998,0.0,0.0,0.10625,0.0015359999999999998,0.0
public_trace_calibrated_simulation,vqc,111,capo_chance,classical,20,-0.15009799999999998,-0.150098,0.0,0.0,0.15,0.0010000000000000002,0.0
public_trace_calibrated_simulation,vqc,111,device_aware_sequential,remote_sim,20,-0.125876190784,-0.13900119078399994,0.0,0.0,0.12437499999999999,0.030000767999999994,0.0
public_trace_calibrated_simulation,vqc,111,fixed_design_scheduler,local_sim,20,-0.123150088,-0.13752508799999996,0.0,0.0,0.12312500000000001,0.00025600000000000004,0.0
public_trace_calibrated_simulation,vqc,111,classical_only,classical,20,-0.15009799999999998,-0.150098,0.0,0.0,0.15,0.0010000000000000002,0.0
public_trace_calibrated_simulation,vqc_cancer,100,sequential,remote_sim,20,-0.100876786176,-0.11400178617600004,0.0,0.0,0.099375,0.030001151999999996,0.0
public_trace_calibrated_simulation,vqc_cancer,100,joint_mf,remote_sim,20,-0.115875018606,-0.126500018606,0.0,0.0,0.11437500000000003,0.030000012000000003,0.0
public_trace_calibrated_simulation,vqc_cancer,100,capo_chance,local_sim,20,-0.12375156800000002,-0.125001568,0.0,0.0,0.12375,1.6000000000000003e-05,0.0
public_trace_calibrated_simulation,vqc_cancer,100,device_aware_sequential,remote_sim,20,-0.11775029769600003,-0.127750297696,0.0,0.0,0.11625,0.030000192000000002,0.0
public_trace_calibrated_simulation,vqc_cancer,100,fixed_design_scheduler,remote_sim,20,-0.12587509923200002,-0.126500099232,0.0,0.0,0.12437499999999999,0.030000064,0.0
public_trace_calibrated_simulation,vqc_cancer,100,classical_only,classical,20,-0.15009799999999998,-0.150098,0.0,0.0,0.15,0.0010000000000000002,0.0
public_trace_calibrated_simulation,vqc_cancer,101,sequential,remote_sim,20,-0.043376190784,-0.05150119078400004,0.0,0.0,0.041874999999999996,0.030000767999999994,0.0
public_trace_calibrated_simulation,vqc_cancer,101,joint_mf,remote_sim,20,-0.05525089308800004,-0.064000893088,0.0,0.0,0.053750000000000034,0.03000057599999999,0.0
public_trace_calibrated_simulation,vqc_cancer,101,capo_chance,classical,20,-0.06259799999999999,-0.062598,0.0,0.0,0.0625,0.0010000000000000002,0.0
public_trace_calibrated_simulation,vqc_cancer,101,device_aware_sequential,remote_sim,20,-0.057125893088000035,-0.064000893088,0.0,0.0,0.05562500000000002,0.03000057599999999,0.0
public_trace_calibrated_simulation,vqc_cancer,101,fixed_design_scheduler,local_sim,20,-0.06565008799999997,-0.07502508799999995,0.0,0.0,0.065625,0.00025600000000000004,0.0
public_trace_calibrated_simulation,vqc_cancer,101,classical_only,classical,20,-0.06259799999999999,-0.062598,0.0,0.0,0.0625,0.0010000000000000002,0.0
public_trace_calibrated_simulation,vqc_cancer,102,sequential,local_sim,20,-0.05066263200000003,-0.05003763200000004,0.0,0.0,0.050625000000000045,0.00038399999999999996,0.0
public_trace_calibrated_simulation,vqc_cancer,102,joint_mf,local_sim,20,-0.03945026399999999,-0.05007526400000004,0.0,0.0,0.039374999999999986,0.0007679999999999999,0.0
public_trace_calibrated_simulation,vqc_cancer,102,capo_chance,local_sim,20,-0.049450264000000035,-0.05132526400000004,0.0,0.0,0.04937500000000003,0.0007679999999999999,0.0
public_trace_calibrated_simulation,vqc_cancer,102,device_aware_sequential,local_sim,20,-0.05695026400000001,-0.06257526399999999,0.0,0.0,0.05687500000000002,0.0007679999999999999,0.0
public_trace_calibrated_simulation,vqc_cancer,102,fixed_design_scheduler,local_sim,20,-0.05190008800000003,-0.06252508799999999,0.0,0.0,0.05187500000000004,0.00025600000000000004,0.0
public_trace_calibrated_simulation,vqc_cancer,102,classical_only,classical,20,-0.06259799999999999,-0.062598,0.0,0.0,0.0625,0.0010000000000000002,0.0
public_trace_calibrated_simulation,vqc_cancer,103,sequential,local_sim,20,-0.057575264,-0.06257526399999999,0.0,0.0,0.057500000000000016,0.0007679999999999999,0.0
public_trace_calibrated_simulation,vqc_cancer,103,joint_mf,local_sim,20,-0.06502508799999998,-0.07627508799999995,0.0,0.0,0.065,0.00025600000000000004,0.0
public_trace_calibrated_simulation,vqc_cancer,103,capo_chance,local_sim,20,-0.065637544,-0.07751254399999996,0.0,0.0,0.06562499999999999,0.00012800000000000002,0.0
public_trace_calibrated_simulation,vqc_cancer,103,device_aware_sequential,remote_sim,20,-0.071500049616,-0.09025004961600001,0.0,0.0,0.06999999999999998,0.030000032,0.0
public_trace_calibrated_simulation,vqc_cancer,103,fixed_design_scheduler,local_sim,20,-0.08252508799999998,-0.10002508799999997,0.0,0.0,0.08249999999999998,0.00025600000000000004,0.0
public_trace_calibrated_simulation,vqc_cancer,103,classical_only,classical,20,-0.10009799999999998,-0.10009799999999998,0.0,0.0,0.1,0.0010000000000000002,0.0
public_trace_calibrated_simulation,vqc_cancer,104,sequential,local_sim,20,-0.03501254399999997,-0.037512543999999974,0.0,0.0,0.03499999999999999,0.00012800000000000002,0.0
public_trace_calibrated_simulation,vqc_cancer,104,joint_mf,classical,20,-0.05009800000000005,-0.050098000000000045,0.0,0.0,0.050000000000000044,0.0010000000000000002,0.0
public_trace_calibrated_simulation,vqc_cancer,104,capo_chance,remote_sim,20,-0.03900009923199998,-0.03900009923199998,0.0,0.0,0.03749999999999998,0.030000064,0.0
public_trace_calibrated_simulation,vqc_cancer,104,device_aware_sequential,local_sim,20,-0.04002508799999999,-0.050025088000000044,0.0,0.0,0.039999999999999994,0.00025600000000000004,0.0
public_trace_calibrated_simulation,vqc_cancer,104,fixed_design_scheduler,local_sim,20,-0.03752508799999998,-0.03752508799999998,0.0,0.0,0.03749999999999998,0.00025600000000000004,0.0
public_trace_calibrated_simulation,vqc_cancer,104,classical_only,classical,20,-0.05009800000000005,-0.050098000000000045,0.0,0.0,0.050000000000000044,0.0010000000000000002,0.0
public_trace_calibrated_simulation,vqc_cancer,105,sequential,remote_sim,20,-0.054001786176000044,-0.064001786176,0.0,0.0,0.05250000000000003,0.030001151999999996,0.0
public_trace_calibrated_simulation,vqc_cancer,105,joint_mf,classical,20,-0.06259799999999999,-0.062598,0.0,0.0,0.0625,0.0010000000000000002,0.0
public_trace_calibrated_simulation,vqc_cancer,105,capo_chance,classical,20,-0.06259799999999999,-0.062598,0.0,0.0,0.0625,0.0010000000000000002,0.0
public_trace_calibrated_simulation,vqc_cancer,105,device_aware_sequential,local_sim,20,-0.050451584000000035,-0.05045158400000004,0.0,0.0,0.050000000000000044,0.004608,0.0
public_trace_calibrated_simulation,vqc_cancer,105,fixed_design_scheduler,classical,20,-0.06259799999999999,-0.062598,0.0,0.0,0.0625,0.0010000000000000002,0.0
public_trace_calibrated_simulation,vqc_cancer,105,classical_only,classical,20,-0.06259799999999999,-0.062598,0.0,0.0,0.0625,0.0010000000000000002,0.0
public_trace_calibrated_simulation,vqc_cancer,106,sequential,local_sim,20,-0.052176056000000026,-0.06280105600000001,0.0,0.0,0.05187500000000004,0.0030719999999999996,0.0
public_trace_calibrated_simulation,vqc_cancer,106,joint_mf,remote_sim,20,-0.05150059539200004,-0.05150059539200005,0.0,0.0,0.050000000000000044,0.03000038400000001,0.0
public_trace_calibrated_simulation,vqc_cancer,106,capo_chance,local_sim,20,-0.06522579199999999,-0.07522579199999996,0.0,0.0,0.065,0.002304,0.0
public_trace_calibrated_simulation,vqc_cancer,106,device_aware_sequential,local_sim,20,-0.037801055999999965,-0.03780105599999997,0.0,0.0,0.03749999999999998,0.0030719999999999996,0.0
public_trace_calibrated_simulation,vqc_cancer,106,fixed_design_scheduler,classical,20,-0.06259799999999999,-0.062598,0.0,0.0,0.0625,0.0010000000000000002,0.0
public_trace_calibrated_simulation,vqc_cancer,106,classical_only,classical,20,-0.06259799999999999,-0.062598,0.0,0.0,0.0625,0.0010000000000000002,0.0
public_trace_calibrated_simulation,vqc_cancer,107,sequential,local_sim,20,-0.07757526399999995,-0.088825264,0.0,0.0,0.07749999999999999,0.0007679999999999999,0.0
public_trace_calibrated_simulation,vqc_cancer,107,joint_mf,classical,20,-0.07509799999999994,-0.07509799999999996,0.0,0.0,0.07499999999999996,0.0010000000000000002,0.0
public_trace_calibrated_simulation,vqc_cancer,107,capo_chance,classical,20,-0.07509799999999994,-0.07509799999999996,0.0,0.0,0.07499999999999996,0.0010000000000000002,0.0
public_trace_calibrated_simulation,vqc_cancer,107,device_aware_sequential,classical,20,-0.07509799999999994,-0.07509799999999996,0.0,0.0,0.07499999999999996,0.0010000000000000002,0.0
public_trace_calibrated_simulation,vqc_cancer,107,fixed_design_scheduler,local_sim,20,-0.11502508800000003,-0.125025088,0.0,0.0,0.11500000000000003,0.00025600000000000004,0.0
public_trace_calibrated_simulation,vqc_cancer,107,classical_only,classical,20,-0.07509799999999994,-0.07509799999999996,0.0,0.0,0.07499999999999996,0.0010000000000000002,0.0
public_trace_calibrated_simulation,vqc_cancer,108,sequential,classical,20,-0.06259799999999999,-0.062598,0.0,0.0,0.0625,0.0010000000000000002,0.0
public_trace_calibrated_simulation,vqc_cancer,108,joint_mf,remote_sim,20,-0.040250049616000004,-0.064000049616,0.0,0.0,0.03874999999999999,0.030000032,0.0
public_trace_calibrated_simulation,vqc_cancer,108,capo_chance,local_sim,20,-0.038775088000000006,-0.050025088000000044,0.0,0.0,0.03875000000000001,0.00025600000000000004,0.0
public_trace_calibrated_simulation,vqc_cancer,108,device_aware_sequential,local_sim,20,-0.03827552799999999,-0.03765052799999998,0.0,0.0,0.03812499999999998,0.0015359999999999998,0.0
public_trace_calibrated_simulation,vqc_cancer,108,fixed_design_scheduler,classical,20,-0.06259799999999999,-0.062598,0.0,0.0,0.0625,0.0010000000000000002,0.0
public_trace_calibrated_simulation,vqc_cancer,108,classical_only,classical,20,-0.06259799999999999,-0.062598,0.0,0.0,0.0625,0.0010000000000000002,0.0
public_trace_calibrated_simulation,vqc_cancer,109,sequential,local_sim,20,-0.05092605600000003,-0.05030105600000004,0.0,0.0,0.050625000000000045,0.0030719999999999996,0.0
public_trace_calibrated_simulation,vqc_cancer,109,joint_mf,classical,20,-0.08759800000000004,-0.08759800000000002,0.0,0.0,0.0875,0.0010000000000000002,0.0
public_trace_calibrated_simulation,vqc_cancer,109,capo_chance,local_sim,20,-0.07202552799999998,-0.07515052799999995,0.0,0.0,0.07187499999999998,0.0015359999999999998,0.0
public_trace_calibrated_simulation,vqc_cancer,109,device_aware_sequential,classical,20,-0.08759800000000004,-0.08759800000000002,0.0,0.0,0.0875,0.0010000000000000002,0.0
public_trace_calibrated_simulation,vqc_cancer,109,fixed_design_scheduler,classical,20,-0.08759800000000004,-0.08759800000000002,0.0,0.0,0.0875,0.0010000000000000002,0.0
public_trace_calibrated_simulation,vqc_cancer,109,classical_only,classical,20,-0.08759800000000004,-0.08759800000000002,0.0,0.0,0.0875,0.0010000000000000002,0.0
public_trace_calibrated_simulation,vqc_cancer,110,sequential,local_sim,20,-0.050700264000000037,-0.05007526400000004,0.0,0.0,0.050625000000000045,0.0007679999999999999,0.0
public_trace_calibrated_simulation,vqc_cancer,110,joint_mf,classical,20,-0.05009800000000005,-0.050098000000000045,0.0,0.0,0.050000000000000044,0.0010000000000000002,0.0
public_trace_calibrated_simulation,vqc_cancer,110,capo_chance,classical,20,-0.05009800000000005,-0.050098000000000045,0.0,0.0,0.050000000000000044,0.0010000000000000002,0.0
public_trace_calibrated_simulation,vqc_cancer,110,device_aware_sequential,classical,20,-0.05009800000000005,-0.050098000000000045,0.0,0.0,0.050000000000000044,0.0010000000000000002,0.0
public_trace_calibrated_simulation,vqc_cancer,110,fixed_design_scheduler,classical,20,-0.05009800000000005,-0.050098000000000045,0.0,0.0,0.050000000000000044,0.0010000000000000002,0.0
public_trace_calibrated_simulation,vqc_cancer,110,classical_only,classical,20,-0.05009800000000005,-0.050098000000000045,0.0,0.0,0.050000000000000044,0.0010000000000000002,0.0
public_trace_calibrated_simulation,vqc_cancer,111,sequential,classical,20,-0.037597999999999986,-0.03759799999999998,0.0,0.0,0.03749999999999998,0.0010000000000000002,0.0
public_trace_calibrated_simulation,vqc_cancer,111,joint_mf,local_sim,20,-0.05015052800000005,-0.05015052800000005,0.0,0.0,0.050000000000000044,0.0015359999999999998,0.0
public_trace_calibrated_simulation,vqc_cancer,111,capo_chance,classical,20,-0.037597999999999986,-0.03759799999999998,0.0,0.0,0.03749999999999998,0.0010000000000000002,0.0
public_trace_calibrated_simulation,vqc_cancer,111,device_aware_sequential,local_sim,20,-0.05195026400000004,-0.06257526399999999,0.0,0.0,0.05187500000000004,0.0007679999999999999,0.0
public_trace_calibrated_simulation,vqc_cancer,111,fixed_design_scheduler,classical,20,-0.037597999999999986,-0.03759799999999998,0.0,0.0,0.03749999999999998,0.0010000000000000002,0.0
public_trace_calibrated_simulation,vqc_cancer,111,classical_only,classical,20,-0.037597999999999986,-0.03759799999999998,0.0,0.0,0.03749999999999998,0.0010000000000000002,0.0
