workload,seed,winsor_floor,search_cost_units,utility,utility_p10,service_violation,quality_loss,delay_s
qaoa,210,-2,33.0,-0.14946747587750656,-0.14163733524465563,0.05,0.02384995406724831,0.24660800000000002
qaoa,210,-4,33.0,-0.14946747587750656,-0.14163733524465563,0.05,0.02384995406724831,0.24660800000000002
qaoa,210,-6,33.0,-0.14946747587750656,-0.14163733524465563,0.05,0.02384995406724831,0.24660800000000002
qaoa,210,-10,33.0,-0.14946747587750656,-0.14163733524465563,0.05,0.02384995406724831,0.24660800000000002
qaoa,210,none,33.0,-0.14946747587750656,-0.14163733524465563,0.05,0.02384995406724831,0.24660800000000002
qaoa,211,-2,33.0,-1.2149492154144372,-2.2544469280982615,0.5,0.0,1.0536672459138317
qaoa,211,-4,33.0,-1.2149492154144372,-2.2544469280982615,0.5,0.0,1.0536672459138317
qaoa,211,-6,33.0,-1.2149492154144372,-2.2544469280982615,0.5,0.0,1.0536672459138317
qaoa,211,-10,33.0,-1.2149492154144372,-2.2544469280982615,0.5,0.0,1.0536672459138317
qaoa,211,none,33.0,-1.2149492154144372,-2.2544469280982615,0.5,0.0,1.0536672459138317
qaoa,212,-2,33.0,-0.010197307447366726,-0.011627669878024752,0.0,0.0,0.04186579032987175
qaoa,212,-4,33.0,-0.010197307447366726,-0.011627669878024752,0.0,0.0,0.04186579032987175
qaoa,212,-6,33.0,-0.010197307447366726,-0.011627669878024752,0.0,0.0,0.04186579032987175
qaoa,212,-10,33.0,-0.010197307447366726,-0.011627669878024752,0.0,0.0,0.04186579032987175
qaoa,212,none,33.0,-0.010197307447366726,-0.011627669878024752,0.0,0.0,0.04186579032987175
qaoa,213,-2,33.0,-0.010185726730546775,-0.011593201658426816,0.0,0.0,0.03992485937828886
qaoa,213,-4,33.0,-0.010185726730546775,-0.011593201658426816,0.0,0.0,0.03992485937828886
qaoa,213,-6,33.0,-0.010185726730546775,-0.011593201658426816,0.0,0.0,0.03992485937828886
qaoa,213,-10,33.0,-0.010185726730546775,-0.011593201658426816,0.0,0.0,0.03992485937828886
qaoa,213,none,33.0,-0.010185726730546775,-0.011593201658426816,0.0,0.0,0.03992485937828886
qaoa,214,-2,33.0,-0.012236421261280106,-0.016477085140856954,0.0,0.0,0.06353786954669406
qaoa,214,-4,33.0,-0.012236421261280106,-0.016477085140856954,0.0,0.0,0.06353786954669406
qaoa,214,-6,33.0,-0.012236421261280106,-0.016477085140856954,0.0,0.0,0.06353786954669406
qaoa,214,-10,33.0,-0.012236421261280106,-0.016477085140856954,0.0,0.0,0.06353786954669406
qaoa,214,none,33.0,-0.012236421261280106,-0.016477085140856954,0.0,0.0,0.06353786954669406
qaoa,215,-2,33.0,-0.018561662688566648,-0.017682260241359535,0.05,0.0,0.14020502731483037
qaoa,215,-4,33.0,-0.0185610706927771,-0.017682260241359535,0.05,0.0,0.1401996525940446
qaoa,215,-6,33.0,-0.018561094786262666,-0.017682260241359535,0.05,0.0,0.1401998713384343
qaoa,215,-10,33.0,-0.018562192761277335,-0.017682260241359535,0.05,0.0,0.1402098398369232
qaoa,215,none,33.0,-0.018561347181231584,-0.017682260241359535,0.05,0.0,0.14020216282852532
qaoa_channel,210,-2,33.0,-0.008933754844150413,-0.002624170818640464,0.0,0.008384568426458423,0.005304416234139353
qaoa_channel,210,-4,33.0,-0.008942033040530253,-0.0026394521869475647,0.0,0.008384568426458423,0.005370645958464593
qaoa_channel,210,-6,33.0,-0.008945739984876078,-0.002654817530045015,0.0,0.008384568426458423,0.005384802469052374
qaoa_channel,210,-10,33.0,-0.008944858694073427,-0.0026453764851450934,0.0,0.008384568426458423,0.005390114558394998
qaoa_channel,210,none,33.0,-0.00894000202724891,-0.0026384835802369874,0.0,0.008384568426458423,0.005343468947103247
qaoa_channel,211,-2,33.0,-1.2149492154144372,-2.2544469280982615,0.5,0.0,1.0536672459138317
qaoa_channel,211,-4,33.0,-1.2149492154144372,-2.2544469280982615,0.5,0.0,1.0536672459138317
qaoa_channel,211,-6,33.0,-1.2149492154144372,-2.2544469280982615,0.5,0.0,1.0536672459138317
qaoa_channel,211,-10,33.0,-1.2149492154144372,-2.2544469280982615,0.5,0.0,1.0536672459138317
qaoa_channel,211,none,33.0,-1.2149492154144372,-2.2544469280982615,0.5,0.0,1.0536672459138317
qaoa_channel,212,-2,33.0,-0.010197307447366726,-0.011627669878024752,0.0,0.0,0.04186579032987175
qaoa_channel,212,-4,33.0,-0.010197307447366726,-0.011627669878024752,0.0,0.0,0.04186579032987175
qaoa_channel,212,-6,33.0,-0.010197307447366726,-0.011627669878024752,0.0,0.0,0.04186579032987175
qaoa_channel,212,-10,33.0,-0.010197307447366726,-0.011627669878024752,0.0,0.0,0.04186579032987175
qaoa_channel,212,none,33.0,-0.010197307447366726,-0.011627669878024752,0.0,0.0,0.04186579032987175
qaoa_channel,213,-2,33.0,-0.008075514287657227,-0.0008458766804717645,0.0,0.007478267024618052,0.005250730202533305
qaoa_channel,213,-4,33.0,-0.008095689280669538,-0.0008563873617928482,0.0,0.007478267024618052,0.005437520652776584
qaoa_channel,213,-6,33.0,-0.008088407832399532,-0.0008663872771198449,0.0,0.007478267024618052,0.0053728332568425685
qaoa_channel,213,-10,33.0,-0.008097580548716947,-0.0008729753065042003,0.0,0.007478267024618052,0.005451166594866663
qaoa_channel,213,none,33.0,-0.008099297071180159,-0.0009062456415923119,0.0,0.007478267024618052,0.005470677017001435
qaoa_channel,214,-2,33.0,-0.0007125049005033825,-0.0009382974744033827,0.0,0.0,0.006070604518754408
qaoa_channel,214,-4,33.0,-0.0006646599407254695,-0.0008591812571144396,0.0,0.0,0.005633645429043099
qaoa_channel,214,-6,33.0,-0.0006595700584408497,-0.0008786895795378995,0.0,0.0,0.005575885210419074
qaoa_channel,214,-10,33.0,-0.0006637827275460517,-0.0008725122015574984,0.0,0.0,0.005608739680610597
qaoa_channel,214,none,33.0,-0.0006644929147522121,-0.0008985550466065848,0.0,0.0,0.005606728984275833
qaoa_channel,215,-2,33.0,-0.0005890902941066335,-0.0008150337308733325,0.0,0.0,0.00542181299533695
qaoa_channel,215,-4,33.0,-0.0006019173190939827,-0.000843934740157356,0.0,0.0,0.005533041839953512
qaoa_channel,215,-6,33.0,-0.0005876118570212445,-0.0008192377641071762,0.0,0.0,0.005415990046458319
qaoa_channel,215,-10,33.0,-0.0005890702773778034,-0.0008186989355039469,0.0,0.0,0.005430854420410469
qaoa_channel,215,none,33.0,-0.000602955409890125,-0.0008282842527993803,0.0,0.0,0.00556242695893161
qaoa_place,210,-2,33.0,-0.12658158602782593,-0.2985280026852617,0.0,0.12605966101037291,0.005037063005147502
qaoa_place,210,-4,33.0,-0.12657174185018993,-0.29851771608638833,0.0,0.12605966101037291,0.004922968684695661
qaoa_place,210,-6,33.0,-0.12657828998658543,-0.29853132702593355,0.0,0.12605966101037291,0.00499831244815141
qaoa_place,210,-10,33.0,-0.12658158516777468,-0.2985300598015681,0.0,0.12605966101037291,0.0050170731847174466
qaoa_place,210,none,33.0,-0.1265860620361098,-0.2985477935337565,0.0,0.12605966101037291,0.005096656299429014
qaoa_place,211,-2,33.0,-1.2149492154144372,-2.2544469280982615,0.5,0.0,1.0536672459138317
qaoa_place,211,-4,33.0,-1.2149492154144372,-2.2544469280982615,0.5,0.0,1.0536672459138317
qaoa_place,211,-6,33.0,-1.2149492154144372,-2.2544469280982615,0.5,0.0,1.0536672459138317
qaoa_place,211,-10,33.0,-1.2149492154144372,-2.2544469280982615,0.5,0.0,1.0536672459138317
qaoa_place,211,none,33.0,-1.2149492154144372,-2.2544469280982615,0.5,0.0,1.0536672459138317
qaoa_place,212,-2,33.0,-0.012650840491766013,-0.015401007777540615,0.0,0.0,0.08186579032987176
qaoa_place,212,-4,33.0,-0.012650840491766013,-0.015401007777540615,0.0,0.0,0.08186579032987176
qaoa_place,212,-6,33.0,-0.012650840491766013,-0.015401007777540615,0.0,0.0,0.08186579032987176
qaoa_place,212,-10,33.0,-0.012650840491766013,-0.015401007777540615,0.0,0.0,0.08186579032987176
qaoa_place,212,none,33.0,-0.012650840491766013,-0.015401007777540615,0.0,0.0,0.08186579032987176
qaoa_place,213,-2,33.0,-0.0928457925041351,-0.338543331310428,0.0,0.09225726449303982,0.005183447676245123
qaoa_place,213,-4,33.0,-0.0928277657579474,-0.3385255251120472,0.0,0.09225726449303982,0.005031260574469343
qaoa_place,213,-6,33.0,-0.09283793405841335,-0.33853223059641074,0.0,0.09225726449303982,0.005120750021887943
qaoa_place,213,-10,33.0,-0.09284382435873342,-0.33854281148991255,0.0,0.09225726449303982,0.0051682922639884055
qaoa_place,213,none,33.0,-0.09284966515789418,-0.33854242715882144,0.0,0.09225726449303982,0.005246802233159542
qaoa_place,214,-2,33.0,-0.017537389795341498,-0.023550376175863457,0.0,0.0,0.148304
qaoa_place,214,-4,33.0,-0.017537389795341498,-0.023550376175863457,0.0,0.0,0.148304
qaoa_place,214,-6,33.0,-0.017537389795341498,-0.023550376175863457,0.0,0.0,0.148304
qaoa_place,214,-10,33.0,-0.017537389795341498,-0.023550376175863457,0.0,0.0,0.148304
qaoa_place,214,none,33.0,-0.017537389795341498,-0.023550376175863457,0.0,0.0,0.148304
qaoa_place,215,-2,33.0,-0.040818294555001196,-0.10196704449426021,0.0,0.02471506946962438,0.148304
qaoa_place,215,-4,33.0,-0.040818294555001196,-0.10196704449426021,0.0,0.02471506946962438,0.148304
qaoa_place,215,-6,33.0,-0.040818294555001196,-0.10196704449426021,0.0,0.02471506946962438,0.148304
qaoa_place,215,-10,33.0,-0.040818294555001196,-0.10196704449426021,0.0,0.02471506946962438,0.148304
qaoa_place,215,none,33.0,-0.040818294555001196,-0.10196704449426021,0.0,0.02471506946962438,0.148304
vqc,210,-2,33.0,-0.3126038795246312,-0.31265006231575027,0.0,0.3125,0.0010000000000000002
vqc,210,-4,33.0,-0.3126038795246312,-0.31265006231575027,0.0,0.3125,0.0010000000000000002
vqc,210,-6,33.0,-0.3126038795246312,-0.31265006231575027,0.0,0.3125,0.0010000000000000002
vqc,210,-10,33.0,-0.3126038795246312,-0.31265006231575027,0.0,0.3125,0.0010000000000000002
vqc,210,none,33.0,-0.3126038795246312,-0.31265006231575027,0.0,0.3125,0.0010000000000000002
vqc,211,-2,33.0,-0.10011836788842757,-0.10015813355831032,0.0,0.1,0.0010000000000000002
vqc,211,-4,33.0,-0.10011836788842757,-0.10015813355831032,0.0,0.1,0.0010000000000000002
vqc,211,-6,33.0,-0.10011836788842757,-0.10015813355831032,0.0,0.1,0.0010000000000000002
vqc,211,-10,33.0,-0.10011836788842757,-0.10015813355831032,0.0,0.1,0.0010000000000000002
vqc,211,none,33.0,-0.10011836788842757,-0.10015813355831032,0.0,0.1,0.0010000000000000002
vqc,212,-2,33.0,-0.23760933832611003,-0.23764233344748792,0.0,0.2375,0.0010000000000000002
vqc,212,-4,33.0,-0.23760933832611003,-0.23764233344748792,0.0,0.2375,0.0010000000000000002
vqc,212,-6,33.0,-0.23760933832611003,-0.23764233344748792,0.0,0.2375,0.0010000000000000002
vqc,212,-10,33.0,-0.23760933832611003,-0.23764233344748792,0.0,0.2375,0.0010000000000000002
vqc,212,none,33.0,-0.23760933832611003,-0.23764233344748792,0.0,0.2375,0.0010000000000000002
vqc,213,-2,33.0,-0.1626137463216763,-0.162659913067055,0.0,0.1625,0.0010000000000000002
vqc,213,-4,33.0,-0.1626137463216763,-0.162659913067055,0.0,0.1625,0.0010000000000000002
vqc,213,-6,33.0,-0.1626137463216763,-0.162659913067055,0.0,0.1625,0.0010000000000000002
vqc,213,-10,33.0,-0.1626137463216763,-0.162659913067055,0.0,0.1625,0.0010000000000000002
vqc,213,none,33.0,-0.1626137463216763,-0.162659913067055,0.0,0.1625,0.0010000000000000002
vqc,214,-2,33.0,-0.2164316365757204,-0.22521196001061292,0.0,0.21625000000000005,0.0015359999999999998
vqc,214,-4,33.0,-0.2164316365757204,-0.22521196001061292,0.0,0.21625000000000005,0.0015359999999999998
vqc,214,-6,33.0,-0.2164316365757204,-0.22521196001061292,0.0,0.21625000000000005,0.0015359999999999998
vqc,214,-10,33.0,-0.2164316365757204,-0.22521196001061292,0.0,0.21625000000000005,0.0015359999999999998
vqc,214,none,33.0,-0.2164316365757204,-0.22521196001061292,0.0,0.21625000000000005,0.0015359999999999998
vqc,215,-2,33.0,-0.2614167827821983,-0.27512371070196007,0.0,0.26125000000000004,0.0015359999999999998
vqc,215,-4,33.0,-0.2614167827821983,-0.27512371070196007,0.0,0.26125000000000004,0.0015359999999999998
vqc,215,-6,33.0,-0.2614167827821983,-0.27512371070196007,0.0,0.26125000000000004,0.0015359999999999998
vqc,215,-10,33.0,-0.2614167827821983,-0.27512371070196007,0.0,0.26125000000000004,0.0015359999999999998
vqc,215,none,33.0,-0.2614167827821983,-0.27512371070196007,0.0,0.26125000000000004,0.0015359999999999998
vqc_cancer,210,-2,33.0,-0.06260387952463123,-0.06265006231575027,0.0,0.0625,0.0010000000000000002
vqc_cancer,210,-4,33.0,-0.06260387952463123,-0.06265006231575027,0.0,0.0625,0.0010000000000000002
vqc_cancer,210,-6,33.0,-0.06260387952463123,-0.06265006231575027,0.0,0.0625,0.0010000000000000002
vqc_cancer,210,-10,33.0,-0.06260387952463123,-0.06265006231575027,0.0,0.0625,0.0010000000000000002
vqc_cancer,210,none,33.0,-0.06260387952463123,-0.06265006231575027,0.0,0.0625,0.0010000000000000002
vqc_cancer,211,-2,33.0,-0.06228354090462327,-0.06748900992484941,0.0,0.05937500000000001,0.03984024413423464
vqc_cancer,211,-4,33.0,-0.06228354090462327,-0.06748900992484941,0.0,0.05937500000000001,0.03984024413423464
vqc_cancer,211,-6,33.0,-0.06228354090462327,-0.06748900992484941,0.0,0.05937500000000001,0.03984024413423464
vqc_cancer,211,-10,33.0,-0.06228354090462327,-0.06748900992484941,0.0,0.05937500000000001,0.03984024413423464
vqc_cancer,211,none,33.0,-0.06228354090462327,-0.06748900992484941,0.0,0.05937500000000001,0.03984024413423464
vqc_cancer,212,-2,33.0,-0.06260933832610999,-0.0626423334474879,0.0,0.0625,0.0010000000000000002
vqc_cancer,212,-4,33.0,-0.06260933832610999,-0.0626423334474879,0.0,0.0625,0.0010000000000000002
vqc_cancer,212,-6,33.0,-0.06260933832610999,-0.0626423334474879,0.0,0.0625,0.0010000000000000002
vqc_cancer,212,-10,33.0,-0.06260933832610999,-0.0626423334474879,0.0,0.0625,0.0010000000000000002
vqc_cancer,212,none,33.0,-0.06260933832610999,-0.0626423334474879,0.0,0.0625,0.0010000000000000002
vqc_cancer,213,-2,33.0,-0.05011374632167639,-0.05015991306705507,0.0,0.050000000000000044,0.0010000000000000002
vqc_cancer,213,-4,33.0,-0.05011374632167639,-0.05015991306705507,0.0,0.050000000000000044,0.0010000000000000002
vqc_cancer,213,-6,33.0,-0.05011374632167639,-0.05015991306705507,0.0,0.050000000000000044,0.0010000000000000002
vqc_cancer,213,-10,33.0,-0.05011374632167639,-0.05015991306705507,0.0,0.050000000000000044,0.0010000000000000002
vqc_cancer,213,none,33.0,-0.05011374632167639,-0.05015991306705507,0.0,0.050000000000000044,0.0010000000000000002
vqc_cancer,214,-2,33.0,-0.05080663657572049,-0.05150248275072906,0.0,0.05062500000000003,0.0015359999999999998
vqc_cancer,214,-4,33.0,-0.05080663657572049,-0.05150248275072906,0.0,0.05062500000000003,0.0015359999999999998
vqc_cancer,214,-6,33.0,-0.05080663657572049,-0.05150248275072906,0.0,0.05062500000000003,0.0015359999999999998
vqc_cancer,214,-10,33.0,-0.05080663657572049,-0.05150248275072906,0.0,0.05062500000000003,0.0015359999999999998
vqc_cancer,214,none,33.0,-0.05080663657572049,-0.05150248275072906,0.0,0.05062500000000003,0.0015359999999999998
vqc_cancer,215,-2,33.0,-0.08760858254049372,-0.08765111092316172,0.0,0.0875,0.0010000000000000002
vqc_cancer,215,-4,33.0,-0.08760858254049372,-0.08765111092316172,0.0,0.0875,0.0010000000000000002
vqc_cancer,215,-6,33.0,-0.08760858254049372,-0.08765111092316172,0.0,0.0875,0.0010000000000000002
vqc_cancer,215,-10,33.0,-0.08760858254049372,-0.08765111092316172,0.0,0.0875,0.0010000000000000002
vqc_cancer,215,none,33.0,-0.08760858254049372,-0.08765111092316172,0.0,0.0875,0.0010000000000000002
