experiment,workload,seed,method,budget,search_cost_units,search_cost_modeled_s,cfg_n_qubits,cfg_layers,cfg_reupload,cfg_train_iters,cfg_lr,cfg_shots,cfg_mitigation,cfg_compile_level,cfg_placement,quality_loss,delay_s,deadline_miss,infeasible,energy_j,money,cost_scalar,realized_fail,utility,utility_p10
exp7,vqc,0,random,10.0,24.0,8.660174311086704,4,3,0,120,0.05,2048,1,0,remote_sim,0.25562500000000005,0.046282067010505676,0.0,0.0,2.3999999999999997e-05,9.6e-13,0.046282211058505676,0.0,-0.2581999405787273,-0.2659785270192343
exp7,vqc,0,joint_bo,10.0,24.0,1.3028542660634927,4,3,0,120,0.05,128,0,0,qpu_B,0.268125,0.09228158827836978,0.0,0.0,5.128,0.00012800000000000002,0.1294495882783698,0.0,-0.3103294109629335,-0.3287529122098274
exp7,vqc,0,joint_mf,10.0,24.0,1.274429166383794,2,3,1,60,0.05,512,0,2,classical,0.3875,0.0010000000000000002,0.0,0.0,0.008000000000000002,0.0,0.001048,0.0,-0.38759764523778273,-0.3876467940384664
exp7,vqc,0,random,60.0,72.0,16.597003600981076,6,3,1,120,0.15,128,0,0,local_sim,0.34500000000000003,0.004608,0.0,0.0,0.036864,0.0,0.004829184,0.0,-0.3455230179216995,-0.36442757727416014
exp7,vqc,0,joint_bo,60.0,72.0,1.8924816696361173,4,1,0,60,0.05,2048,1,2,classical,0.3875,0.0010000000000000002,0.0,0.0,0.008000000000000002,0.0,0.001048,0.0,-0.38759764523778273,-0.3876467940384664
exp7,vqc,0,joint_mf,60.0,72.72000000000014,3.9028812597779425,4,3,0,120,0.15,2048,1,2,remote_sim,0.21187500000000004,0.046282067010505676,0.0,0.0,2.3999999999999997e-05,9.6e-13,0.046282211058505676,0.0,-0.21444994057872738,-0.21839608537836552
exp7,vqc,1,random,10.0,24.0,2.1150121479355186,4,2,0,120,0.05,512,0,2,qpu_B,0.17562500000000006,0.0937370262055444,0.0,0.0,5.5120000000000005,0.0005120000000000001,0.15240902620554442,0.0,-0.2409657172948553,-0.2540157529140422
exp7,vqc,1,joint_bo,10.0,24.0,3.0964528009978762,6,1,1,60,0.05,2048,0,2,local_sim,0.179375,0.0015359999999999998,0.0,0.0,0.012287999999999999,0.0,0.0016097280000000002,0.0,-0.17954410447110797,-0.18897249346226264
exp7,vqc,1,joint_mf,10.0,24.0,9.839172414199911,6,2,0,60,0.15,2048,0,1,local_sim,0.15062499999999995,0.0015359999999999998,0.0,0.0,0.012287999999999999,0.0,0.0016097280000000002,0.0,-0.15079410447110791,-0.16265746188041647
exp7,vqc,1,random,60.0,72.0,8.894114464019616,6,2,0,60,0.05,512,1,0,local_sim,0.11875,0.0015359999999999998,0.0,0.0,0.012287999999999999,0.0,0.0016097280000000002,0.0,-0.11891910447110794,-0.1251858495990387
exp7,vqc,1,joint_bo,60.0,72.0,1.7400667957886693,2,2,0,120,0.05,2048,1,2,classical,0.1375,0.0010000000000000002,0.0,0.0,0.008000000000000002,0.0,0.001048,0.0,-0.1376241591280894,-0.1376606045089182
exp7,vqc,1,joint_mf,60.0,72.72000000000014,3.394695182223676,4,1,0,30,0.15,128,0,0,classical,0.1375,0.0010000000000000002,0.0,0.0,0.008000000000000002,0.0,0.001048,0.0,-0.1376241591280894,-0.1376606045089182
exp7,vqc,2,random,10.0,24.0,3.590058178648955,6,1,1,30,0.15,2048,1,0,remote_sim,0.175,0.020177886261282536,0.0,0.0,9.599999999999999e-05,3.84e-12,0.02017846245328253,0.0,-0.17647651540182813,-0.17780796599512047
exp7,vqc,2,joint_bo,10.0,24.0,2.7133743106504893,6,2,1,120,0.05,128,1,0,classical,0.15,0.0010000000000000002,0.0,0.0,0.008000000000000002,0.0,0.001048,0.0,-0.1501120781442339,-0.15013862396430436
exp7,vqc,2,joint_mf,10.0,24.0,2.251965824399584,2,1,0,120,0.05,128,1,2,classical,0.15,0.0010000000000000002,0.0,0.0,0.008000000000000002,0.0,0.001048,0.0,-0.1501120781442339,-0.15013862396430436
exp7,vqc,2,random,60.0,72.0,9.963512781805244,2,1,1,30,0.05,512,0,0,classical,0.15,0.0010000000000000002,0.0,0.0,0.008000000000000002,0.0,0.001048,0.0,-0.1501120781442339,-0.15013862396430436
exp7,vqc,2,joint_bo,60.0,72.0,8.518776351177499,6,1,0,60,0.15,2048,0,0,classical,0.15,0.0010000000000000002,0.0,0.0,0.008000000000000002,0.0,0.001048,0.0,-0.1501120781442339,-0.15013862396430436
exp7,vqc,2,joint_mf,60.0,72.72000000000014,2.4323250984757436,4,2,1,30,0.05,128,1,1,classical,0.15,0.0010000000000000002,0.0,0.0,0.008000000000000002,0.0,0.001048,0.0,-0.1501120781442339,-0.15013862396430436
exp7,vqc,3,random,10.0,24.0,7.277662886775741,4,1,0,60,0.15,128,1,2,classical,0.1875,0.0010000000000000002,0.0,0.0,0.008000000000000002,0.0,0.001048,0.0,-0.187613917233282,-0.18765932777218092
exp7,vqc,3,joint_bo,10.0,24.0,3.7228347740896797,4,1,0,120,0.15,2048,0,2,local_sim,0.1875,0.00012800000000000002,0.0,0.0,0.0010240000000000002,0.0,0.00013414400000000002,0.0,-0.1875143417390495,-0.1875189279867701
exp7,vqc,3,joint_mf,10.0,24.0,1.2411528236920502,4,3,1,30,0.05,128,0,1,classical,0.1875,0.0010000000000000002,0.0,0.0,0.008000000000000002,0.0,0.001048,0.0,-0.187613917233282,-0.18765932777218092
exp7,vqc,3,random,60.0,72.0,10.685192200843256,6,3,0,60,0.05,2048,1,0,local_sim,0.15625,0.002304,0.0,0.0,0.018432,0.0,0.002414592,0.0,-0.15649137778728756,-0.16276350049059296
exp7,vqc,3,joint_bo,60.0,72.0,10.071575784696215,6,3,0,60,0.05,128,1,1,remote_sim,0.14937499999999998,0.037380437875947525,0.0,0.0,0.000144,5.7600000000000005e-12,0.037381302163947534,0.0,-0.15139246310772997,-0.16467595414396352
exp7,vqc,3,joint_mf,60.0,72.72000000000014,15.328572602206469,4,3,1,120,0.15,512,0,2,local_sim,0.14562499999999998,0.0007679999999999999,0.0,0.0,0.006143999999999999,0.0,0.0008048640000000001,0.0,-0.1457110504342968,-0.17506192438294402
exp7,vqc,4,random,10.0,24.0,14.179826238332826,4,3,1,30,0.15,128,0,1,classical,0.1875,0.0010000000000000002,0.0,0.0,0.008000000000000002,0.0,0.001048,0.0,-0.1876151802631581,-0.18765168703806384
exp7,vqc,4,joint_bo,10.0,24.0,7.040900712488367,4,3,1,60,0.15,512,0,1,classical,0.1875,0.0010000000000000002,0.0,0.0,0.008000000000000002,0.0,0.001048,0.0,-0.1876151802631581,-0.18765168703806384
exp7,vqc,4,joint_mf,10.0,24.0,3.6512623261981303,4,1,0,120,0.05,2048,1,1,classical,0.1875,0.0010000000000000002,0.0,0.0,0.008000000000000002,0.0,0.001048,0.0,-0.1876151802631581,-0.18765168703806384
exp7,vqc,4,random,60.0,72.0,18.458097544879177,4,2,1,30,0.15,512,0,0,classical,0.1875,0.0010000000000000002,0.0,0.0,0.008000000000000002,0.0,0.001048,0.0,-0.1876151802631581,-0.18765168703806384
exp7,vqc,4,joint_bo,60.0,72.0,15.078543459877249,6,2,1,60,0.15,128,0,0,local_sim,0.209375,0.0030719999999999996,0.0,0.0,0.024575999999999997,0.0,0.0032194560000000003,0.0,-0.2097223279185955,-0.21419878968532832
exp7,vqc,4,joint_mf,60.0,72.72000000000014,2.331076252836164,2,2,0,120,0.15,2048,1,0,classical,0.1875,0.0010000000000000002,0.0,0.0,0.008000000000000002,0.0,0.001048,0.0,-0.1876151802631581,-0.18765168703806384
exp7,vqc,5,random,10.0,24.0,3.5670990644490232,4,2,0,30,0.15,512,1,2,local_sim,0.25875000000000004,0.00025600000000000004,0.0,0.0,0.0020480000000000003,0.0,0.00026828800000000004,0.0,-0.2587801638639203,-0.2625421601466405
exp7,vqc,5,joint_bo,10.0,24.0,1.051947957751233,6,1,1,120,0.05,2048,0,1,local_sim,0.12250000000000001,0.0015359999999999998,0.0,0.0,0.012287999999999999,0.0,0.0016097280000000002,0.0,-0.12268870011286363,-0.13769376868334524
exp7,vqc,5,joint_mf,10.0,24.0,4.668931816803267,2,2,0,120,0.15,512,1,2,classical,0.175,0.0010000000000000002,0.0,0.0,0.008000000000000002,0.0,0.001048,0.0,-0.1751239161515069,-0.1751596083371604
exp7,vqc,5,random,60.0,72.0,21.068595402680746,4,3,0,60,0.05,2048,0,1,classical,0.175,0.0010000000000000002,0.0,0.0,0.008000000000000002,0.0,0.001048,0.0,-0.1751239161515069,-0.1751596083371604
exp7,vqc,5,joint_bo,60.0,72.0,8.46531734588938,6,1,0,30,0.15,128,0,2,local_sim,0.11124999999999999,0.0007679999999999999,0.0,0.0,0.006143999999999999,0.0,0.0008048640000000001,0.0,-0.11134435005643184,-0.12507627319891423
exp7,vqc,5,joint_mf,60.0,72.72000000000014,10.513076859007104,6,3,0,60,0.05,128,1,1,remote_sim,0.146875,0.08162190380910458,0.0,0.0,0.000144,5.7600000000000005e-12,0.08162276809710457,0.05,-0.15114602341770542,-0.1410084777898985
exp7,vqc,6,random,10.0,24.0,1.7265327307821032,6,3,1,120,0.05,128,1,1,local_sim,0.171875,0.004608,0.0,0.0,0.036864,0.0,0.004829184,0.0,-0.17233706762881357,-0.18791816839747152
exp7,vqc,6,joint_bo,10.0,24.0,1.1249658399058557,4,2,0,60,0.05,2048,1,0,classical,0.2,0.0010000000000000002,0.0,0.0,0.008000000000000002,0.0,0.001048,0.0,-0.2001133666617553,-0.20015072788879565
exp7,vqc,6,joint_mf,10.0,24.0,1.3190233810075682,6,1,1,30,0.15,128,1,0,remote_sim,0.22562500000000005,0.01888657475969062,0.0,0.0,9.599999999999999e-05,3.84e-12,0.018887150951690617,0.0,-0.22661116356339947,-0.25045356863240786
exp7,vqc,6,random,60.0,72.0,27.96589058870604,6,3,0,120,0.15,2048,0,2,local_sim,0.09812500000000002,0.002304,0.0,0.0,0.018432,0.0,0.002414592,0.0,-0.09835603381440679,-0.1126623982267074
exp7,vqc,6,joint_bo,60.0,72.0,10.935470869655786,2,2,1,30,0.05,128,0,0,classical,0.2,0.0010000000000000002,0.0,0.0,0.008000000000000002,0.0,0.001048,0.0,-0.2001133666617553,-0.20015072788879565
exp7,vqc,6,joint_mf,60.0,72.72000000000014,13.29239703047807,6,3,1,120,0.05,512,0,2,local_sim,0.17,0.004608,0.0,0.0,0.036864,0.0,0.004829184,0.0,-0.1704620676288136,-0.18791816839747152
exp7,vqc,7,random,10.0,24.0,0.4761092468213758,4,2,0,30,0.15,128,1,2,remote_sim,0.18125,0.0317388515800828,0.0,0.0,1.6000000000000003e-05,6.400000000000002e-13,0.031738947612082805,0.0,-0.18361468162851535,-0.18942586760620286
exp7,vqc,7,joint_bo,10.0,24.0,6.651425134122809,2,3,1,120,0.15,512,0,2,qpu_B,0.185625,0.10927113613257275,0.0,0.0,5.5120000000000005,0.0005120000000000001,0.16794313613257272,0.0,-0.25291814209988384,-0.2671112356370252
exp7,vqc,7,joint_mf,10.0,24.0,3.252372429229871,6,3,1,60,0.05,2048,0,1,classical,0.2,0.0010000000000000002,0.0,0.0,0.008000000000000002,0.0,0.001048,0.0,-0.20011489957306433,-0.2001549748675904
exp7,vqc,7,random,60.0,72.0,19.919639154979425,2,1,1,60,0.15,2048,1,0,local_sim,0.175625,3.2000000000000005e-05,0.0,0.0,0.00025600000000000004,0.0,3.3536000000000006e-05,0.0,-0.1756286220308486,-0.17500503147464308
exp7,vqc,7,joint_bo,60.0,72.0,2.6293111674327725,2,1,0,120,0.05,128,1,2,local_sim,0.18062499999999998,1.6000000000000003e-05,0.0,0.0,0.00012800000000000002,0.0,1.6768000000000003e-05,0.0,-0.18062681101542433,-0.18875200076881624
exp7,vqc,7,joint_mf,60.0,72.72000000000014,5.209841064884007,2,2,1,60,0.15,128,0,2,local_sim,0.18437499999999996,6.400000000000001e-05,0.0,0.0,0.0005120000000000001,0.0,6.707200000000001e-05,0.0,-0.18438224406169718,-0.20000865226366726
exp7,vqc,8,random,10.0,24.0,2.912732604882228,6,3,0,30,0.15,2048,1,1,classical,0.125,0.0010000000000000002,0.0,0.0,0.008000000000000002,0.0,0.001048,0.0,-0.12511974743190035,-0.1251538671345697
exp7,vqc,8,joint_bo,10.0,24.0,1.8003202780611531,4,3,1,60,0.05,128,1,0,remote_sim,0.12000000000000002,0.05128305098811993,0.0,0.0,4.7999999999999994e-05,1.92e-12,0.05128333908411993,0.0,-0.12339869655647577,-0.1294281669253444
exp7,vqc,8,joint_mf,10.0,24.0,0.3355888183129686,6,1,0,120,0.05,128,1,2,local_sim,0.11187499999999999,0.0007679999999999999,0.0,0.0,0.006143999999999999,0.0,0.0008048640000000001,0.0,-0.11195754571824172,-0.12507546078976814
exp7,vqc,8,random,60.0,72.0,31.055830428503718,6,1,0,120,0.05,128,0,2,remote_sim,0.11687500000000002,0.050518990890086025,0.0,0.0,4.7999999999999994e-05,1.92e-12,0.05051927898608601,0.0,-0.11976574452282399,-0.1406225550024293
exp7,vqc,8,joint_bo,60.0,72.0,8.53821022199125,6,1,0,120,0.15,128,1,1,remote_sim,0.11187499999999999,0.050518990890086025,0.0,0.0,4.7999999999999994e-05,1.92e-12,0.05051927898608601,0.0,-0.11476574452282398,-0.12855396461548932
exp7,vqc,8,joint_mf,60.0,72.72000000000014,8.183331035928722,4,3,0,60,0.15,512,0,2,local_sim,0.09937500000000002,0.00038399999999999996,0.0,0.0,0.0030719999999999996,0.0,0.00040243200000000004,0.0,-0.09941943510127123,-0.10005956850126116
exp7,vqc,9,random,10.0,24.0,0.273052597466775,4,1,1,60,0.05,128,0,1,local_sim,0.185,0.00025600000000000004,0.0,0.0,0.0020480000000000003,0.0,0.00026828800000000004,0.0,-0.18502904496865405,-0.20002814395704904
exp7,vqc,9,joint_bo,10.0,24.0,1.027794667094583,4,3,0,60,0.15,512,0,0,local_sim,0.16499999999999998,0.00038399999999999996,0.0,0.0,0.0030719999999999996,0.0,0.00040243200000000004,0.0,-0.16504356745298113,-0.18752990199987352
exp7,vqc,9,joint_mf,10.0,24.0,16.919910096557967,2,2,1,30,0.05,128,0,2,local_sim,0.30124999999999996,6.400000000000001e-05,0.0,0.0,0.0005120000000000001,0.0,6.707200000000001e-05,0.0,-0.3012573459010903,-0.32500516449515865
exp7,vqc,9,random,60.0,72.0,14.109507655296916,6,1,1,60,0.05,512,1,0,remote_sim,0.141875,0.02839881636127988,0.0,0.0,9.599999999999999e-05,3.84e-12,0.028399392553279883,0.0,-0.14367967242947655,-0.15379559426733622
exp7,vqc,9,joint_bo,60.0,72.0,3.997309192194094,6,1,0,30,0.05,512,1,0,remote_sim,0.1375,0.028398624361279885,0.0,0.0,4.7999999999999994e-05,1.92e-12,0.02839891245727988,0.0,-0.139304372202321,-0.14129528481229808
exp7,vqc,9,joint_mf,60.0,72.72000000000014,6.320207639372253,6,1,1,30,0.05,2048,0,1,remote_sim,0.1375,0.02839881636127988,0.0,0.0,9.599999999999999e-05,3.84e-12,0.028399392553279883,0.0,-0.1393046724294765,-0.14129559426733615
exp7,vqc,10,random,10.0,24.0,9.972943608674267,4,2,1,30,0.05,128,1,1,local_sim,0.24812499999999998,0.0005120000000000001,0.0,0.0,0.004096000000000001,0.0,0.0005365760000000001,0.0,-0.24818028398599537,-0.26257950145229714
exp7,vqc,10,joint_bo,10.0,24.0,1.6034190009168587,4,1,1,120,0.15,128,0,1,qpu_B,0.26187499999999997,0.061802790929663606,0.0,0.0,5.128,0.00012800000000000002,0.0989707909296636,0.0,-0.3033684604561996,-0.31936092163883806
exp7,vqc,10,joint_mf,10.0,24.0,1.6902857125372397,6,1,1,30,0.15,128,1,0,local_sim,0.210625,0.0015359999999999998,0.0,0.0,0.012287999999999999,0.0,0.0016097280000000002,0.0,-0.21080690733162544,-0.21272716070913866
exp7,vqc,10,random,60.0,72.0,11.777062864447972,6,2,0,60,0.05,512,1,1,classical,0.1875,0.0010000000000000002,0.0,0.0,0.008000000000000002,0.0,0.001048,0.0,-0.1876176414520624,-0.18764045076227864
exp7,vqc,10,joint_bo,60.0,72.0,6.2962372734239125,2,2,0,120,0.05,128,0,2,classical,0.1875,0.0010000000000000002,0.0,0.0,0.008000000000000002,0.0,0.001048,0.0,-0.1876176414520624,-0.18764045076227864
exp7,vqc,10,joint_mf,60.0,72.72000000000014,21.42610185197735,6,3,0,30,0.05,128,0,1,remote_sim,0.14875000000000002,0.035635464685297505,0.0,0.0,0.000144,5.7600000000000005e-12,0.0356363289732975,0.0,-0.15138002642556408,-0.176615212443783
exp7,vqc,11,random,10.0,24.0,1.9570116309074725,4,2,0,60,0.05,2048,1,2,classical,0.2750000000000001,0.0010000000000000002,0.0,0.0,0.008000000000000002,0.0,0.001048,0.0,-0.2751118073281867,-0.2751508780271636
exp7,vqc,11,joint_bo,10.0,24.0,5.021041948561568,6,1,0,60,0.15,128,1,2,remote_sim,0.22812499999999997,0.03732583171065138,0.0,0.0,4.7999999999999994e-05,1.92e-12,0.03732611980665138,0.0,-0.230596505205214,-0.24276940603784422
exp7,vqc,11,joint_mf,10.0,24.0,6.325911637674641,6,1,0,30,0.05,512,1,0,remote_sim,0.25,0.03732583171065138,0.0,0.0,4.7999999999999994e-05,1.92e-12,0.03732611980665138,0.0,-0.25247150520521405,-0.2543119772754448
exp7,vqc,11,random,60.0,72.0,9.493151391594314,6,3,1,60,0.15,512,1,2,local_sim,0.24937499999999999,0.004608,0.0,0.0,0.036864,0.0,0.004829184,0.0,-0.24990090291136355,-0.2629220957789311
exp7,vqc,11,joint_bo,60.0,72.0,4.689111805849574,6,1,1,120,0.15,128,0,2,local_sim,0.22999999999999998,0.0015359999999999998,0.0,0.0,0.012287999999999999,0.0,0.0016097280000000002,0.0,-0.23017530097045452,-0.23774171681694642
exp7,vqc,11,joint_mf,60.0,72.72000000000014,0.8461119954405792,6,3,1,60,0.05,2048,0,2,classical,0.2750000000000001,0.0010000000000000002,0.0,0.0,0.008000000000000002,0.0,0.001048,0.0,-0.2751118073281867,-0.2751508780271636
