experiment,workload,seed,method,budget,search_cost_units,search_cost_modeled_s,wall_s,cfg_p,cfg_opt_iters,cfg_warm_start,cfg_shots,cfg_mitigation,cfg_compile_level,cfg_placement,quality_loss,delay_s,deadline_miss,infeasible,energy_j,money,cost_scalar,realized_fail,utility,utility_p10,window,oracle_utility,regret,config_id,u_fid0,u_fid1,u_fid2,u_fid3
exp1,qaoa,0,random,30.0,42.0,61.49306232007785,5.038148165913299,2.0,40.0,1.0,128.0,0.0,1.0,classical,0.0683137051478892,0.005032186949392781,0.0,0.0,0.040257495595142245,0.0,0.005273731922963635,0.0,-0.06889126873811868,-0.1325318527582209,,,,,,,,
exp1,qaoa,0,sequential,30.0,42.00000000000002,90.7509057549216,0.4067031660815701,2.0,40.0,1.0,128.0,0.0,1.0,remote_sim,0.06663036837100919,0.09978678043901802,0.0,0.0,1.2622880000000003,5.049152e-08,0.10736303301501801,0.0,-0.08155480200561985,-0.20548063012038179,,,,,,,,
exp1,qaoa,0,joint_bo,30.0,42.0,96.95911646254774,0.31666166707873344,3.0,80.0,1.0,128.0,1.0,0.0,local_sim,0.06663036837100919,0.30491199999999996,0.0,0.0,2.4392959999999997,0.0,0.31954777600000006,0.0,-0.10354320338629723,-0.2303366163259177,,,,,,,,
exp1,qaoa,0,joint_mf,30.0,44.16,626.3438942874996,0.26220304099842906,3.0,40.0,1.0,2048.0,0.0,0.0,remote_sim,0.0,0.059665203949076,0.0,0.0,1.2684320000000002,5.073728e-08,0.067278332813076,0.0,-0.011316912534034693,-0.013704214483840634,,,,,,,,
exp1,qaoa,0,accuracy_only,30.0,33.0,469.4963117022079,0.6484261659206823,3.0,80.0,1.0,128.0,1.0,0.0,qpu_A,0.09851425797892265,2.7512637246991383,0.55,0.0,5.384,0.001152,2.8411677246991376,0.0,-1.4771803461589657,-2.68774452049959,,,,,,,,
exp1,qaoa,0,hand_designed,30.0,0.0,0.0,0.15292045893147588,1.0,40.0,0.0,512.0,0.0,1.0,qpu_A,0.011529996549130037,9.229080575154534,1.0,0.9,220.48000000000002,0.061439999999999995,13.623960575154532,0.1,-11.50881266355534,-12.644593203265055,,,,,,,,
exp1,qaoa,0,always_simulator,30.0,0.0,0.0,0.15057004208210856,1.0,40.0,0.0,512.0,0.0,1.0,local_sim,0.005764998274565019,3.982159999999999,0.8,0.0,31.857279999999992,0.0,4.173303680000001,0.0,-2.0810144907013166,-2.6101407436407262,,,,,,,,
exp1,qaoa,0,classical_only,30.0,0.0,0.0,0.021130000008270144,1.0,40.0,0.0,512.0,0.0,1.0,classical,0.0683137051478892,0.005149822565726936,0.0,0.0,0.04119858052581549,0.0,0.0053970140488818295,0.0,-0.06890255911812253,-0.13252413886485834,,,,,,,,
exp1,qaoa,0,oracle_placement,30.0,0.0,0.0,0.0,3.0,80.0,1.0,128.0,1.0,0.0,classical,0.0683137051478892,0.005025895341532305,0.0,0.0,0.04020716273225844,0.0,0.005267138317925855,0.0,-0.06889093206255711,-0.13251401165087393,,,,,,,,
exp1,qaoa,1,random,30.0,42.0,609.818765223899,0.14230087492614985,3.0,80.0,0.0,2048.0,1.0,0.0,classical,0.053995897697301364,0.0050253540684934705,0.0,0.0,0.040202832547947764,0.0,0.005266571063781157,0.0,-0.054664062622950385,-0.17626285025461985,,,,,,,,
exp1,qaoa,1,sequential,30.0,42.00000000000002,672.1348273579177,2.215652292012237,3.0,80.0,0.0,128.0,1.0,2.0,local_sim,0.0737635579828432,23.79296,1.0,0.4,190.34368,0.0,24.935022080000003,0.0,-6.773273164720775,-9.831419608846685,,,,,,,,
exp1,qaoa,1,joint_bo,30.0,42.0,65.99382831201503,0.1650354580488056,3.0,40.0,1.0,128.0,1.0,1.0,remote_sim,0.04801023743244635,0.12883794315123373,0.05,0.0,1.2684320000000002,5.073728e-08,0.13645107201523374,0.05,-0.16240179368644134,-0.23673432084012025,,,,,,,,
exp1,qaoa,1,joint_mf,30.0,44.16,57.55514088887053,0.11793279100675136,2.0,40.0,0.0,512.0,0.0,1.0,classical,0.053995897697301364,0.0049753964703995734,0.0,0.0,0.03980317176319659,0.0,0.005214215500978753,0.0,-0.054657606210001666,-0.17626399399480955,,,,,,,,
exp1,qaoa,1,accuracy_only,30.0,33.0,335.43648826635695,0.3938855000305921,2.0,40.0,1.0,2048.0,1.0,2.0,local_sim,0.0,0.39660799999999996,0.05,0.0,3.1728639999999997,0.0,0.415645184,0.0,-0.142703654970968,-0.061457150087523824,,,,,,,,
exp1,qaoa,1,hand_designed,30.0,0.0,0.0,0.15270187496207654,1.0,40.0,0.0,512.0,0.0,1.0,qpu_A,0.007583184703934388,7.76816545440217,0.8,0.85,220.48000000000002,0.061439999999999995,12.16304545440217,0.1,-10.745989055045616,-12.112348009748654,,,,,,,,
exp1,qaoa,1,always_simulator,30.0,0.0,0.0,0.14950050006154925,1.0,40.0,0.0,512.0,0.0,1.0,local_sim,0.003791592351967194,3.982159999999999,0.8,0.0,31.857279999999992,0.0,4.173303680000001,0.0,-2.089969301599833,-2.5799188803162,,,,,,,,
exp1,qaoa,1,classical_only,30.0,0.0,0.0,0.021095167030580342,1.0,40.0,0.0,512.0,0.0,1.0,classical,0.053995897697301364,0.005136844818480313,0.0,0.0,0.0410947585478425,0.0,0.005383413369767368,0.0,-0.05467937768165434,-0.17627614615028192,,,,,,,,
exp1,qaoa,1,oracle_placement,30.0,0.0,0.0,0.0,3.0,40.0,1.0,128.0,1.0,1.0,classical,0.053995897697301364,0.005044384713983163,0.0,0.0,0.040355077711865306,0.0,0.005286515180254355,0.0,-0.054667160376118726,-0.17627894319856668,,,,,,,,
exp1,qaoa,2,random,30.0,42.0,61.98964610728356,0.19303312501870096,3.0,40.0,1.0,2048.0,1.0,0.0,remote_sim,0.0,0.037282549541353543,0.0,0.0,1.2684320000000002,5.073728e-08,0.044895678405353544,0.0,-0.010291062330998394,-0.011423242264780267,,,,,,,,
exp1,qaoa,2,sequential,30.0,42.00000000000002,1076.4406202234618,1.2146860409993678,3.0,40.0,0.0,512.0,1.0,1.0,qpu_A,0.012359719447955535,16.339548221091157,1.0,1.0,261.43999999999994,0.18432,27.124188221091156,0.05,-18.846230255207825,-19.229204491486307,,,,,,,,
exp1,qaoa,2,joint_bo,30.0,42.0,278.22413160712756,0.3915063750464469,2.0,40.0,1.0,512.0,0.0,0.0,classical,0.02471943889591107,0.005136614287039265,0.0,0.0,0.04109291429631412,0.0,0.00538317177281715,0.0,-0.025256376292755726,-0.02766166614396702,,,,,,,,
exp1,qaoa,2,joint_mf,30.0,44.16,75.99155242715268,0.16859579202719033,2.0,40.0,1.0,2048.0,1.0,0.0,remote_sim,0.0,0.037257973541353545,0.0,0.0,1.2622880000000003,5.049152e-08,0.04483422611735355,0.0,-0.010252423455064975,-0.011383531554478033,,,,,,,,
exp1,qaoa,2,accuracy_only,30.0,33.0,602.9573099380502,0.4239995420211926,2.0,40.0,1.0,2048.0,1.0,0.0,qpu_A,0.0,3.717552835291003,0.7,0.15,11.144000000000002,0.018432,4.706016835291004,0.0,-3.413815731321688,-6.287790671328969,,,,,,,,
exp1,qaoa,2,hand_designed,30.0,0.0,0.0,0.15249937504995614,1.0,40.0,0.0,512.0,0.0,1.0,qpu_A,0.013065143401146413,8.689305750977304,1.0,0.75,220.48000000000002,0.061439999999999995,13.084185750977307,0.05,-10.751328190398272,-12.299400606196935,,,,,,,,
exp1,qaoa,2,always_simulator,30.0,0.0,0.0,0.14965591707732528,1.0,40.0,0.0,512.0,0.0,1.0,local_sim,0.00014108479063817524,3.982159999999999,0.85,0.0,31.857279999999992,0.0,4.173303680000001,0.0,-2.1270975040012674,-2.5618702409548737,,,,,,,,
exp1,qaoa,2,classical_only,30.0,0.0,0.0,0.020966832991689444,1.0,40.0,0.0,512.0,0.0,1.0,classical,0.02471943889591107,0.005101989198010415,0.0,0.0,0.04081591358408332,0.0,0.0053468846795149145,0.0,-0.025252923330790333,-0.027638076784272297,,,,,,,,
exp1,qaoa,2,oracle_placement,30.0,0.0,0.0,0.0,2.0,40.0,1.0,512.0,0.0,0.0,remote_sim,0.0,0.03560894837310394,0.0,0.0,1.2622880000000003,5.049152e-08,0.04318520094910395,0.0,-0.009516266495223458,-0.010924923317670615,,,,,,,,
exp1,qaoa,3,random,30.0,42.0,96.32781312204386,0.14613108395133168,3.0,80.0,1.0,512.0,0.0,0.0,remote_sim,0.004434574453239361,0.05158251120845694,0.0,0.0,1.2684320000000002,5.073728e-08,0.05919564007245694,0.0,-0.01558123863808169,-0.019266874317409338,,,,,,,,
exp1,qaoa,3,sequential,30.0,42.00000000000002,83.33828160503633,0.5437548330519348,2.0,20.0,1.0,2048.0,1.0,0.0,remote_sim,0.0,0.051906684445127214,0.0,0.0,1.2622880000000003,5.049152e-08,0.059482937021127204,0.0,-0.010958764163796542,-0.01236145027882221,,,,,,,,
exp1,qaoa,3,joint_bo,30.0,42.0,88.30607782571433,0.30177554104011506,2.0,20.0,0.0,128.0,1.0,0.0,classical,0.06941228622115993,0.005082521034637466,0.0,0.1,0.04066016827709973,0.0,0.005326482044300064,0.0,-0.5700459514378112,-0.698321009249913,,,,,,,,
exp1,qaoa,3,joint_mf,30.0,44.16,127.15504471411089,0.2703762920573354,1.0,80.0,1.0,128.0,1.0,1.0,classical,0.06941228622115993,0.0050780002202373,0.0,0.1,0.0406240017618984,0.0,0.0053217442308086905,0.0,-0.5700455945531264,-0.6983219867408503,,,,,,,,
exp1,qaoa,3,accuracy_only,30.0,33.0,178.95488679035554,0.3563195000169799,1.0,40.0,1.0,512.0,0.0,0.0,classical,0.06941228622115993,0.005113780964165926,0.0,0.1,0.04091024771332741,0.0,0.00535924245044589,0.0,-0.5700495274122865,-0.6983112184920331,,,,,,,,
exp1,qaoa,3,hand_designed,30.0,0.0,0.0,0.15235037507954985,1.0,40.0,0.0,512.0,0.0,1.0,qpu_A,0.03192894324683194,7.266601639252666,0.95,0.75,220.48000000000002,0.061439999999999995,11.661481639252663,0.15,-10.64430925454852,-12.366102804064631,,,,,,,,
exp1,qaoa,3,always_simulator,30.0,0.0,0.0,0.15008549997583032,1.0,40.0,0.0,512.0,0.0,1.0,local_sim,0.004434574453239361,3.982159999999999,0.75,0.0,31.857279999999992,0.0,4.173303680000001,0.0,-1.9071205425117514,-2.5280180570325985,,,,,,,,
exp1,qaoa,3,classical_only,30.0,0.0,0.0,0.021115333074703813,1.0,40.0,0.0,512.0,0.0,1.0,classical,0.06941228622115993,0.005154729005880654,0.0,0.1,0.04123783204704523,0.0,0.005402155998162924,0.0,-0.5700550045252879,-0.6983314896671045,,,,,,,,
exp1,qaoa,3,oracle_placement,30.0,0.0,0.0,0.0,2.0,20.0,0.0,128.0,1.0,0.0,classical,0.06941228622115993,0.0051874057680834085,0.0,0.1,0.04149924614466727,0.0,0.005436401244951412,0.0,-0.5700588336662549,-0.6983158795433886,,,,,,,,
exp1,qaoa,4,random,30.0,42.0,90.91045694610385,0.13408491597510874,2.0,20.0,1.0,128.0,1.0,1.0,local_sim,0.05042492122710622,0.24660800000000002,0.05,0.05,1.9728640000000002,0.0,0.25844518400000005,0.0,-0.4306459370005542,-0.2871987632648873,,,,,,,,
exp1,qaoa,4,sequential,30.0,42.00000000000002,190.3153388288067,0.7821352920727804,1.0,80.0,0.0,2048.0,0.0,2.0,classical,0.05568648905199882,0.005161114269867539,0.0,0.0,0.041288914158940315,0.0,0.005408847754821181,0.0,-0.05628387093145586,-0.2851046440829067,,,,,,,,
exp1,qaoa,4,joint_bo,30.0,42.0,117.34506982069567,0.24678412498906255,1.0,40.0,0.0,128.0,1.0,0.0,classical,0.05568648905199882,0.005051447980804369,0.0,0.0,0.04041158384643495,0.0,0.005293917483882979,0.0,-0.056272193553277505,-0.28508572331364984,,,,,,,,
exp1,qaoa,4,joint_mf,30.0,44.16,52.16723084606071,0.2506828340701759,3.0,40.0,0.0,2048.0,0.0,1.0,classical,0.05568648905199882,0.0050789892848115414,0.0,0.0,0.04063191427849233,0.0,0.0053227807704824956,0.0,-0.05627483701094179,-0.28511053908817513,,,,,,,,
exp1,qaoa,4,accuracy_only,30.0,33.0,291.81865057304384,1.0586967910639942,2.0,80.0,0.0,2048.0,0.0,2.0,qpu_A,0.015559393952587219,37.17263641600549,1.0,1.0,563.84,0.49151999999999996,65.13167641600549,0.2,-38.01468345957331,-39.31691312528076,,,,,,,,
exp1,qaoa,4,hand_designed,30.0,0.0,0.0,0.1498838330153376,1.0,40.0,0.0,512.0,0.0,1.0,qpu_A,0.0021245199191804688,6.753694651120007,1.0,0.7,220.48000000000002,0.061439999999999995,11.148574651120004,0.1,-10.37571875231995,-12.142799879741418,,,,,,,,
exp1,qaoa,4,always_simulator,30.0,0.0,0.0,0.14782725006807595,1.0,40.0,0.0,512.0,0.0,1.0,local_sim,0.0016418271810601838,3.982159999999999,0.9,0.0,31.857279999999992,0.0,4.173303680000001,0.0,-2.2209886152829768,-2.5669950695507224,,,,,,,,
exp1,qaoa,4,classical_only,30.0,0.0,0.0,0.020908458973281085,1.0,40.0,0.0,512.0,0.0,1.0,classical,0.05568648905199882,0.0050933341844938695,0.0,0.0,0.040746673475950956,0.0,0.005337814225349574,0.0,-0.056277058694588974,-0.2850960196738571,,,,,,,,
exp1,qaoa,4,oracle_placement,30.0,0.0,0.0,0.0,1.0,40.0,0.0,128.0,1.0,0.0,classical,0.05568648905199882,0.0049243019602727145,0.0,0.0,0.039394415682181716,0.0,0.005160668454365805,0.0,-0.05625792535224665,-0.28508005786528995,,,,,,,,
exp1,qaoa,5,random,30.0,42.0,184.2111792356371,0.2811385829700157,2.0,80.0,1.0,2048.0,1.0,1.0,local_sim,0.0,0.24660800000000002,0.05,0.0,1.9728640000000002,0.0,0.25844518400000005,0.0,-0.12491744148830182,-0.03854034371901456,,,,,,,,
exp1,qaoa,5,sequential,30.0,42.00000000000002,87.83867662238026,0.5180844170972705,3.0,20.0,1.0,128.0,1.0,0.0,remote_sim,0.0728566423596886,0.043395465037610895,0.0,0.45,1.2684320000000002,5.073728e-08,0.051008593901610874,0.0,-2.332759916292907,-5.1228869531617525,,,,,,,,
exp1,qaoa,5,joint_bo,30.0,42.0,63.039351240224796,0.08242308301851153,2.0,40.0,1.0,2048.0,1.0,0.0,remote_sim,0.0,0.046048332022211626,0.0,0.0,1.2622880000000003,5.049152e-08,0.053624584598211636,0.0,-0.009924007988799565,-0.011400163980111776,,,,,,,,
exp1,qaoa,5,joint_mf,30.0,44.16,591.2138676352616,0.2776147919939831,3.0,80.0,1.0,2048.0,0.0,1.0,remote_sim,0.0,0.08607290802221164,0.0,0.0,1.2684320000000002,5.073728e-08,0.09368603688621162,0.0,-0.012083815243921903,-0.015710525215184196,,,,,,,,
exp1,qaoa,5,accuracy_only,30.0,33.0,157.60281077967318,0.9028752919984981,3.0,40.0,0.0,2048.0,0.0,1.0,remote_sim,0.003099370989175107,1.4911205911899996,0.35,0.05,50.73728000000001,2.029491200000001e-06,1.7956457457499997,0.1,-1.349653864263976,-2.482960968161076,,,,,,,,
exp1,qaoa,5,hand_designed,30.0,0.0,0.0,0.14854370802640915,1.0,40.0,0.0,512.0,0.0,1.0,qpu_A,0.014255320790185298,11.95094254553811,0.95,0.8,220.48000000000002,0.061439999999999995,16.34582254553811,0.05,-11.225858225805307,-12.560450834467384,,,,,,,,
exp1,qaoa,5,always_simulator,30.0,0.0,0.0,0.15162958297878504,1.0,40.0,0.0,512.0,0.0,1.0,local_sim,0.003099370989175107,3.982159999999999,0.85,0.0,31.857279999999992,0.0,4.173303680000001,0.0,-2.170089907651402,-2.569161759399848,,,,,,,,
exp1,qaoa,5,classical_only,30.0,0.0,0.0,0.0211068750359118,1.0,40.0,0.0,512.0,0.0,1.0,classical,0.04598828716567185,0.005141083791386336,0.0,0.3,0.04112867033109069,0.0,0.00538785581337288,0.0,-1.5465843238304242,-5.100722527711093,,,,,,,,
exp1,qaoa,5,oracle_placement,30.0,0.0,0.0,0.0,2.0,40.0,1.0,2048.0,1.0,0.0,remote_sim,0.0,0.046048332022211626,0.0,0.0,1.2622880000000003,5.049152e-08,0.053624584598211636,0.0,-0.009924007988799565,-0.011400163980111776,,,,,,,,
exp2,qaoa,0,ablate_full,,42.0,,,1.0,40.0,0.0,128.0,0.0,1.0,classical,0.0683137051478892,0.0049794375081546605,0.0,0.0,0.039835500065237284,0.0,0.005218450508546085,0.0,-0.06888552950580244,-0.1325137552480936,,,,,,,,
exp2,qaoa,0,ablate_no_latency,,42.0,,,1.0,40.0,1.0,512.0,0.0,2.0,qpu_B,0.0325113373478061,1.1568288293815476,0.25,0.0,5.5120000000000005,0.0005120000000000001,1.2155008293815475,0.0,-0.6759698234735052,-2.1863347885455853,,,,,,,,
exp2,qaoa,0,ablate_no_energy,,42.0,,,1.0,40.0,1.0,512.0,0.0,0.0,classical,0.0683137051478892,0.005013479763874784,0.0,0.0,0.04010783811099827,0.0,0.005254126792540775,0.0,-0.0688891240615978,-0.13252596543739636,,,,,,,,
exp2,qaoa,0,ablate_no_money,,42.0,,,1.0,20.0,1.0,2048.0,0.0,0.0,local_sim,0.0,0.108304,0.0,0.0,0.866432,0.0,0.11350259200000001,0.0,-0.011803070423723916,-0.015005071355374894,,,,,,,,
exp2,qaoa,0,ablate_no_failure,,42.0,,,2.0,80.0,1.0,2048.0,0.0,1.0,classical,0.0683137051478892,0.005127969314344227,0.0,0.0,0.04102375451475382,0.0,0.00537411184143275,0.0,-0.06890289654405274,-0.13250546387910328,,,,,,,,
exp2,qaoa,0,ablate_no_staleness,,42.0,,,2.0,20.0,1.0,2048.0,1.0,0.0,local_sim,0.0,0.20660800000000004,0.0,0.0,1.6528640000000003,0.0,0.21652518400000004,0.0,-0.022516331567668336,-0.028624684061450145,,,,,,,,
exp2,qaoa,1,ablate_full,,42.0,,,2.0,80.0,1.0,512.0,0.0,0.0,remote_sim,0.001895796175983597,0.03838913229951947,0.0,0.0,1.2622880000000003,5.049152e-08,0.045965384875519474,0.0,-0.011778122814237032,-0.012774841978100488,,,,,,,,
exp2,qaoa,1,ablate_no_latency,,42.0,,,1.0,80.0,0.0,512.0,1.0,0.0,classical,0.053995897697301364,0.005046958307502791,0.0,0.0,0.04037566646002233,0.0,0.0052892123062629245,0.0,-0.05466762118427093,-0.17625629179508573,,,,,,,,
exp2,qaoa,1,ablate_no_energy,,42.0,,,3.0,20.0,1.0,512.0,0.0,1.0,remote_sim,0.001895796175983597,0.07841370829951946,0.0,0.0,1.2684320000000002,5.073728e-08,0.08602683716351947,0.0,-0.014213823482146762,-0.017299382303966205,,,,,,,,
exp2,qaoa,1,ablate_no_money,,42.0,,,2.0,80.0,1.0,2048.0,1.0,0.0,remote_sim,0.0,0.039731694529764966,0.0,0.0,1.2622880000000003,5.049152e-08,0.04730794710576497,0.0,-0.010054715284278464,-0.012645396760021048,,,,,,,,
exp2,qaoa,1,ablate_no_failure,,42.0,,,3.0,80.0,0.0,2048.0,1.0,1.0,classical,0.053995897697301364,0.005062229174654931,0.0,0.0,0.04049783339723945,0.0,0.005305216175038367,0.0,-0.05466971564077565,-0.17626420415300792,,,,,,,,
exp2,qaoa,1,ablate_no_staleness,,42.0,,,1.0,40.0,1.0,2048.0,0.0,0.0,local_sim,0.0,0.108304,0.0,0.0,0.866432,0.0,0.11350259200000001,0.0,-0.011661329695759327,-0.01671100406388488,,,,,,,,
exp2,qaoa,2,ablate_full,,42.0,,,1.0,40.0,1.0,128.0,0.0,0.0,classical,0.02471943889591107,0.005469042022014037,0.0,0.0,0.043752336176112294,0.0,0.005731556039070711,0.0,-0.025292004645853728,-0.027678926344916116,,,,,,,,
exp2,qaoa,2,ablate_no_latency,,42.0,,,1.0,80.0,1.0,512.0,1.0,1.0,classical,0.02471943889591107,0.005122540984302759,0.0,0.0,0.04098032787442207,0.0,0.005368422951549291,0.0,-0.025254152879768947,-0.027638035818729798,,,,,,,,
exp2,qaoa,2,ablate_no_energy,,42.0,,,1.0,40.0,0.0,512.0,0.0,2.0,classical,0.02471943889591107,0.005085353826871142,0.0,0.0,0.040682830614969134,0.0,0.005329450810560956,0.0,-0.02525198658418798,-0.027655433779090677,,,,,,,,
exp2,qaoa,2,ablate_no_money,,42.0,,,1.0,80.0,1.0,2048.0,1.0,0.0,classical,0.02471943889591107,0.0053809476958122104,0.0,0.0,0.043047581566497684,0.0,0.0056392331852111975,0.0,-0.0252814981051939,-0.027680282067394497,,,,,,,,
exp2,qaoa,2,ablate_no_failure,,42.0,,,1.0,80.0,1.0,2048.0,1.0,0.0,local_sim,0.0,0.108304,0.0,0.0,0.866432,0.0,0.11350259200000001,0.0,-0.012966142599812361,-0.017174854056196797,,,,,,,,
exp2,qaoa,2,ablate_no_staleness,,42.0,,,2.0,20.0,1.0,512.0,0.0,0.0,classical,0.02471943889591107,0.004980833298759535,0.0,0.0,0.03984666639007628,0.0,0.005219913297099992,0.0,-0.025240315690271985,-0.02762698680285522,,,,,,,,
exp2,qaoa,3,ablate_full,,42.0,,,3.0,80.0,1.0,2048.0,0.0,0.0,classical,0.06941228622115993,0.005101093644043431,0.0,0.1,0.040808749152347445,0.0,0.0053459461389575155,0.0,-0.5700471444162976,-0.6983242261705158,,,,,,,,
exp2,qaoa,3,ablate_no_latency,,42.0,,,2.0,20.0,1.0,128.0,1.0,2.0,classical,0.06941228622115993,0.005034301517298445,0.0,0.1,0.04027441213838756,0.0,0.00527594799012877,0.0,-0.5700402659712701,-0.6983094950459906,,,,,,,,
exp2,qaoa,3,ablate_no_energy,,42.0,,,3.0,80.0,1.0,2048.0,0.0,1.0,remote_sim,0.0022172872266196806,0.09193126044512721,0.0,0.0,1.2684320000000002,5.073728e-08,0.09954438930912721,0.0,-0.015869797729905745,-0.01646665576522373,,,,,,,,
exp2,qaoa,3,ablate_no_money,,42.0,,,1.0,20.0,1.0,512.0,1.0,2.0,remote_sim,0.01597447902692546,0.24153335920845698,0.0,0.0,1.256144,5.024576000000001e-08,0.2490727354964569,0.0,-0.04027986725564304,-0.07858894435342444,,,,,,,,
exp2,qaoa,3,ablate_no_failure,,42.0,,,1.0,80.0,1.0,128.0,1.0,1.0,classical,0.06941228622115993,0.005405707488534972,0.0,0.1,0.04324565990827978,0.0,0.00566518144798465,0.0,-0.5700853508839725,-0.6983436704856523,,,,,,,,
exp2,qaoa,3,ablate_no_staleness,,42.0,,,1.0,20.0,1.0,2048.0,1.0,1.0,classical,0.06941228622115993,0.0051125005120411515,0.0,0.1,0.04090000409632921,0.0,0.005357900536619126,0.0,-0.5700501660673567,-0.69833991986805,,,,,,,,
exp2,qaoa,4,ablate_full,,42.0,,,3.0,20.0,1.0,2048.0,0.0,1.0,local_sim,0.0010945514540401226,0.344912,0.0,0.0,2.759296,0.0,0.3614677759999999,0.0,-0.0404703307774464,-0.057341982003222894,,,,,,,,
exp2,qaoa,4,ablate_no_latency,,42.0,,,1.0,80.0,0.0,2048.0,0.0,1.0,classical,0.05568648905199882,0.005135916260769591,0.0,0.0,0.041087330086156726,0.0,0.005382440241286531,0.0,-0.05628076093667027,-0.2850955120447398,,,,,,,,
exp2,qaoa,4,ablate_no_energy,,42.0,,,3.0,80.0,1.0,128.0,1.0,2.0,classical,0.05568648905199882,0.005223239248152822,0.0,0.0,0.04178591398522258,0.0,0.005473954732064158,0.0,-0.056292956110791915,-0.28510619665274395,,,,,,,,
exp2,qaoa,4,ablate_no_money,,42.0,,,1.0,40.0,0.0,2048.0,0.0,2.0,classical,0.05568648905199882,0.004984114522812888,0.0,0.0,0.039872916182503104,0.0,0.005223352019907906,0.0,-0.05626471898146266,-0.2850814678935555,,,,,,,,
exp2,qaoa,4,ablate_no_failure,,42.0,,,1.0,40.0,0.0,2048.0,0.0,1.0,classical,0.05568648905199882,0.005138292472111061,0.0,0.0,0.04110633977688849,0.0,0.005384930510772393,0.0,-0.05628296667822939,-0.28509866052054766,,,,,,,,
exp2,qaoa,4,ablate_no_staleness,,42.0,,,1.0,40.0,0.0,128.0,1.0,1.0,classical,0.05568648905199882,0.005127448006533086,0.0,0.0,0.04101958405226469,0.0,0.005373565510846675,0.0,-0.056282043213116674,-0.28509727139194924,,,,,,,,
exp2,qaoa,5,ablate_full,,42.0,,,2.0,80.0,1.0,512.0,0.0,0.0,remote_sim,0.017354691779360405,0.043970308132180426,0.0,0.05,1.2622880000000003,5.049152e-08,0.051546560708180436,0.0,-0.27746651991354504,-0.07217452652019898,,,,,,,,
exp2,qaoa,5,ablate_no_latency,,42.0,,,2.0,20.0,0.0,2048.0,0.0,1.0,local_sim,0.0,3.982159999999999,0.9,0.0,31.857279999999992,0.0,4.173303680000001,0.0,-2.321132133225469,-2.657726474254372,,,,,,,,
exp2,qaoa,5,ablate_no_energy,,42.0,,,3.0,40.0,0.0,2048.0,0.0,2.0,classical,0.04598828716567185,0.005169479496544227,0.0,0.3,0.041355835972353816,0.0,0.005417614512378351,0.0,-1.5465891792951598,-5.1007474626745175,,,,,,,,
exp2,qaoa,5,ablate_no_money,,42.0,,,3.0,20.0,1.0,2048.0,1.0,1.0,qpu_B,0.0,1.2502457026750153,0.45,0.0,11.144000000000002,0.006143999999999999,1.6243097026750157,0.0,-1.3475870892285602,-2.4699420885163272,,,,,,,,
exp2,qaoa,5,ablate_no_failure,,42.0,,,2.0,80.0,1.0,512.0,0.0,1.0,classical,0.04598828716567185,0.0052075729763600975,0.0,0.3,0.04166058381088078,0.0,0.005457536479225382,0.0,-1.5465930393575353,-5.100743300983988,,,,,,,,
exp2,qaoa,5,ablate_no_staleness,,42.0,,,2.0,40.0,1.0,2048.0,1.0,1.0,remote_sim,0.0,0.08604833202221163,0.0,0.0,1.2622880000000003,5.049152e-08,0.09362458459821164,0.0,-0.012045635428023244,-0.015670940112170722,,,,,,,,
exp3,qaoa,0,single_snapshot,,,,,,,,,,,,0.0,0.042281794445997035,0.0,0.0,1.262288,5.049152000000001e-08,0.04985804702199704,0.0,-0.010636423836549102,-0.011809034487113755,0.0,-0.010636423836549102,0.0,,,,,
exp3,qaoa,0,multi_env,,,,,,,,,,,,0.0,0.20660800000000004,0.0,0.0,1.6528640000000003,0.0,0.216525184,0.0,-0.02686558073625406,-0.030724426817067513,0.0,-0.010636423836549102,0.016229156899704958,,,,,
exp3,qaoa,0,cvar,,,,,,,,,,,,0.03843332183043346,0.005001178942620754,0.0,0.0,0.040009431540966034,0.0,0.00524123553186655,0.0,-0.03900080384765279,-0.11576558090964414,0.0,-0.010636423836549102,0.02836438001110369,,,,,
exp3,qaoa,0,single_snapshot,,,,,,,,,,,,0.0,0.05406302311574968,0.0,0.0,1.262288,5.049152000000001e-08,0.0616392756917497,0.0,-0.011491185256307964,-0.012966492886791837,1.0,-0.011491185256307964,0.0,,,,,
exp3,qaoa,0,multi_env,,,,,,,,,,,,0.0,0.20660800000000004,0.0,0.0,1.6528640000000003,0.0,0.216525184,0.0,-0.02686558073625406,-0.030724426817067513,1.0,-0.011491185256307964,0.015374395479946098,,,,,
exp3,qaoa,0,cvar,,,,,,,,,,,,0.03843332183043346,0.005308437490991007,0.0,0.0,0.04246749992792805,0.0,0.005563242490558575,0.0,-0.03903409065623178,-0.11580641554784021,1.0,-0.011491185256307964,0.027542905399923816,,,,,
exp3,qaoa,0,single_snapshot,,,,,,,,,,,,0.0,0.055478111058675915,0.0,0.0,1.262288,5.049152000000001e-08,0.06305436363467593,0.0,-0.011593853883926128,-0.013105519593745445,2.0,-0.011593853883926128,0.0,,,,,
exp3,qaoa,0,multi_env,,,,,,,,,,,,0.0,0.20660800000000004,0.0,0.0,1.6528640000000003,0.0,0.216525184,0.0,-0.02686558073625406,-0.030724426817067513,2.0,-0.011593853883926128,0.015271726852327933,,,,,
exp3,qaoa,0,cvar,,,,,,,,,,,,0.03843332183043346,0.005887605075258762,0.0,0.0,0.04710084060207009,0.0,0.006170210118871183,0.0,-0.03911577332113738,-0.11578622568184616,2.0,-0.011593853883926128,0.027521919437211252,,,,,
exp3,qaoa,0,single_snapshot,,,,,,,,,,,,0.0,0.06549682076353124,0.0,0.0,1.262288,5.049152000000001e-08,0.07307307333953122,0.0,-0.012320739573995142,-0.014089817583953675,3.0,-0.012320739573995142,0.0,,,,,
exp3,qaoa,0,multi_env,,,,,,,,,,,,0.0,0.20660800000000004,0.0,0.0,1.6528640000000003,0.0,0.216525184,0.0,-0.02686558073625406,-0.030724426817067513,3.0,-0.012320739573995142,0.01454484116225892,,,,,
exp3,qaoa,0,cvar,,,,,,,,,,,,0.03843332183043346,0.0050975699559785426,0.0,0.0,0.04078055964782834,0.0,0.005342253313865512,0.0,-0.03901089496065204,-0.11578249517830508,3.0,-0.012320739573995142,0.0266901553866569,,,,,
exp3,qaoa,0,single_snapshot,,,,,,,,,,,,0.0,0.05321288154589446,0.0,0.0,1.262288,5.049152000000001e-08,0.06078913412189446,0.0,-0.01142950508392398,-0.012882969891989877,4.0,-0.01142950508392398,0.0,,,,,
exp3,qaoa,0,multi_env,,,,,,,,,,,,0.0,0.20660800000000004,0.0,0.0,1.6528640000000003,0.0,0.216525184,0.0,-0.02686558073625406,-0.030724426817067513,4.0,-0.01142950508392398,0.015436075652330081,,,,,
exp3,qaoa,0,cvar,,,,,,,,,,,,0.03843332183043346,0.0057679858097496135,0.0,0.0,0.04614388647799691,0.0,0.006044849128617595,0.0,-0.039101582642635996,-0.11580008793429689,4.0,-0.01142950508392398,0.027672077558712017,,,,,
exp3,qaoa,0,single_snapshot,,,,,,,,,,,,0.0,0.05756685591971985,0.0,0.0,1.262288,5.049152000000001e-08,0.06514310849571985,0.0,-0.011745398223908575,-0.013310730387285748,5.0,-0.011745398223908575,0.0,,,,,
exp3,qaoa,0,multi_env,,,,,,,,,,,,0.0,0.20660800000000004,0.0,0.0,1.6528640000000003,0.0,0.216525184,0.0,-0.02686558073625406,-0.030724426817067513,5.0,-0.011745398223908575,0.015120182512345487,,,,,
exp3,qaoa,0,cvar,,,,,,,,,,,,0.03843332183043346,0.005458124990885456,0.0,0.0,0.04366499992708365,0.0,0.005720114990447958,0.0,-0.039052325847272265,-0.11580786538839202,5.0,-0.011745398223908575,0.02730692762336369,,,,,
exp3,qaoa,0,single_snapshot,,,,,,,,,,,,0.0,0.06922053810182018,0.0,0.0,1.262288,5.049152000000001e-08,0.07679679067782019,0.0,-0.012590905785693279,-0.014455657856818863,6.0,-0.012590905785693279,0.0,,,,,
exp3,qaoa,0,multi_env,,,,,,,,,,,,0.0,0.20660800000000004,0.0,0.0,1.6528640000000003,0.0,0.216525184,0.0,-0.02686558073625406,-0.030724426817067513,6.0,-0.012590905785693279,0.014274674950560782,,,,,
exp3,qaoa,0,cvar,,,,,,,,,,,,0.03843332183043346,0.005304790781034778,0.0,0.0,0.04243832624827822,0.0,0.005559420738524448,0.0,-0.0390357103364373,-0.11579444813678708,6.0,-0.012590905785693279,0.026444804550744022,,,,,
exp3,qaoa,0,single_snapshot,,,,,,,,,,,,0.0,0.07364305058509671,0.0,0.0,1.262288,5.049152000000001e-08,0.08121930316109673,0.0,-0.012911771559125899,-0.014890151946097673,7.0,-0.012911771559125899,0.0,,,,,
exp3,qaoa,0,multi_env,,,,,,,,,,,,0.0,0.20660800000000004,0.0,0.0,1.6528640000000003,0.0,0.216525184,0.0,-0.02686558073625406,-0.030724426817067513,7.0,-0.012911771559125899,0.013953809177128162,,,,,
exp3,qaoa,0,cvar,,,,,,,,,,,,0.03843332183043346,0.005264096544124186,0.0,0.0,0.04211277235299349,0.0,0.005516773178242147,0.0,-0.039029970216323075,-0.1157926724273246,7.0,-0.012911771559125899,0.026118198657197174,,,,,
exp3,qaoa,0,single_snapshot,,,,,,,,,,,,0.0,0.04714292931438064,0.0,0.0,1.262288,5.049152000000001e-08,0.05471918189038064,0.0,-0.01098911290304747,-0.012286621464083682,8.0,-0.01098911290304747,0.0,,,,,
exp3,qaoa,0,multi_env,,,,,,,,,,,,0.0,0.20660800000000004,0.0,0.0,1.6528640000000003,0.0,0.216525184,0.0,-0.02686558073625406,-0.030724426817067513,8.0,-0.01098911290304747,0.015876467833206592,,,,,
exp3,qaoa,0,cvar,,,,,,,,,,,,0.03843332183043346,0.005627048182456444,0.0,0.0,0.04501638545965155,0.0,0.005897146495214352,0.0,-0.039070682827085396,-0.11582396301329953,8.0,-0.01098911290304747,0.028081569924037923,,,,,
exp3,qaoa,1,single_snapshot,,,,,,,,,,,,0.0,0.2336430581623478,0.16666666666666666,0.0,1.268432,5.0737280000000016e-08,0.2412561870263478,0.0,-0.3561820792694815,-1.0217989228932276,0.0,-0.011084209940004199,0.3450978693294773,,,,,
exp3,qaoa,1,multi_env,,,,,,,,,,,,0.0658295690883129,0.005425694980658591,0.0,0.0,0.043405559845268726,0.0,0.0056861283397302035,0.0,-0.06648861818844404,-0.1981798586038062,0.0,-0.011084209940004199,0.05540440824843984,,,,,
exp3,qaoa,1,cvar,,,,,,,,,,,,0.0658295690883129,0.005121007561683655,0.0,0.0,0.04096806049346924,0.0,0.00536681592464447,0.0,-0.06645386795618614,-0.19818444181550976,0.0,-0.011084209940004199,0.05536965801618195,,,,,
exp3,qaoa,1,single_snapshot,,,,,,,,,,,,0.0,0.23697713467046091,0.16666666666666666,0.0,1.268432,5.0737280000000016e-08,0.24459026353446092,0.0,-0.3563963672896085,-1.0219850381028854,1.0,-0.01121922627455609,0.3451771410150524,,,,,
exp3,qaoa,1,multi_env,,,,,,,,,,,,0.0658295690883129,0.004958229255862534,0.0,0.0,0.03966583404690027,0.0,0.005196224260143936,0.0,-0.06643162810161352,-0.1981442323589394,1.0,-0.01121922627455609,0.055212401827057424,,,,,
exp3,qaoa,1,cvar,,,,,,,,,,,,0.0658295690883129,0.004973160879065593,0.0,0.0,0.03978528703252474,0.0,0.005211872601260742,0.0,-0.06643455674393892,-0.19815130491950866,1.0,-0.01121922627455609,0.055215330469382824,,,,,
exp3,qaoa,1,single_snapshot,,,,,,,,,,,,0.0,0.22655935543155578,0.16666666666666666,0.0,1.268432,5.0737280000000016e-08,0.2341724842955558,0.0,-0.3557267949862159,-1.0214034956090343,2.0,-0.01079734922296923,0.3449294457632467,,,,,
exp3,qaoa,1,multi_env,,,,,,,,,,,,0.0658295690883129,0.005356145848054439,0.0,0.0,0.04284916678443551,0.0,0.005613240848761052,0.0,-0.06648132522143367,-0.1982007775433938,2.0,-0.01079734922296923,0.05568397599846444,,,,,
exp3,qaoa,1,cvar,,,,,,,,,,,,0.0658295690883129,0.005327500111889094,0.0,0.0,0.04262000089511275,0.0,0.005583220117259771,0.0,-0.06647853203411762,-0.19820601612747524,2.0,-0.01079734922296923,0.05568118281114839,,,,,
exp3,qaoa,1,single_snapshot,,,,,,,,,,,,0.0,0.241311572695474,0.16666666666666666,0.0,1.268432,5.0737280000000016e-08,0.24892470155947408,0.0,-0.3566749506215996,-1.0222269956104026,3.0,-0.011394753120762394,0.3452801975008372,,,,,
exp3,qaoa,1,multi_env,,,,,,,,,,,,0.0658295690883129,0.005477500768999259,0.0,0.0,0.04382000615199407,0.0,0.005740420805911223,0.0,-0.06649049856994022,-0.1982154720789242,3.0,-0.011394753120762394,0.05509574544917782,,,,,
exp3,qaoa,1,cvar,,,,,,,,,,,,0.0658295690883129,0.0051528473462288575,0.0,0.0,0.04122277876983086,0.0,0.005400184018847842,0.0,-0.0664561506225162,-0.1981766369127758,3.0,-0.011394753120762394,0.0550613975017538,,,,,
exp3,qaoa,1,single_snapshot,,,,,,,,,,,,0.0,0.23666131486913192,0.16666666666666666,0.0,1.268432,5.0737280000000016e-08,0.24427444373313192,0.0,-0.35637606889520196,-1.0219674083729153,4.0,-0.011206436876397233,0.34516963201880474,,,,,
exp3,qaoa,1,multi_env,,,,,,,,,,,,0.0658295690883129,0.005374548491090536,0.0,0.0,0.04299638792872429,0.0,0.005632526818662882,0.0,-0.06648556870333032,-0.19822291356776434,4.0,-0.011206436876397233,0.05527913182693309,,,,,
exp3,qaoa,1,cvar,,,,,,,,,,,,0.0658295690883129,0.005505173370086898,0.0,0.0,0.044041386960695185,0.0,0.00576942169185107,0.0,-0.06649921035070154,-0.19823133867384327,4.0,-0.011206436876397233,0.05529277347430431,,,,,
exp3,qaoa,1,single_snapshot,,,,,,,,,,,,0.0,0.2280265364900066,0.16666666666666666,0.0,1.268432,5.0737280000000016e-08,0.2356396653540066,0.0,-0.35582109375932985,-1.021485396762063,5.0,-0.010856763998891123,0.3449643297604387,,,,,
exp3,qaoa,1,multi_env,,,,,,,,,,,,0.0658295690883129,0.00513569510076195,0.0,0.0,0.0410855608060956,0.0,0.005382208465598524,0.0,-0.0664531912579412,-0.1981668597486197,5.0,-0.010856763998891123,0.055596427259050084,,,,,
exp3,qaoa,1,cvar,,,,,,,,,,,,0.0658295690883129,0.005182257737033069,0.0,0.0,0.04145806189626455,0.0,0.005431006108410657,0.0,-0.06645985405664555,-0.19817464293848558,5.0,-0.010856763998891123,0.05560309005775443,,,,,
exp3,qaoa,1,single_snapshot,,,,,,,,,,,,0.0,0.22365118491882183,0.16666666666666666,0.0,1.268432,5.0737280000000016e-08,0.23126431378282183,0.0,-0.3555398808287726,-1.0212411553737755,6.0,-0.010679580322967756,0.34486030050580485,,,,,
exp3,qaoa,1,multi_env,,,,,,,,,,,,0.0658295690883129,0.005152118295275916,0.0,0.0,0.04121694636220733,0.0,0.005399419973449161,0.0,-0.06645532935030057,-0.19817232895384804,6.0,-0.010679580322967756,0.055775749027332816,,,,,
exp3,qaoa,1,cvar,,,,,,,,,,,,0.0658295690883129,0.005150695117966582,0.0,0.0,0.04120556094373266,0.0,0.005397928483628978,0.0,-0.06645620545882437,-0.19817579831706533,6.0,-0.010679580322967756,0.055776625135856614,,,,,
exp3,qaoa,1,single_snapshot,,,,,,,,,,,,0.0,0.22212035814391395,0.16666666666666666,0.0,1.268432,5.0737280000000016e-08,0.22973348700791396,0.0,-0.35544149141330655,-1.0211557013821024,7.0,-0.010617588158277172,0.3448239032550294,,,,,
exp3,qaoa,1,multi_env,,,,,,,,,,,,0.0658295690883129,0.0051796533322582645,0.0,0.0,0.041437226658066116,0.0,0.005428276692206662,0.0,-0.06645928671286261,-0.1981814325958977,7.0,-0.010617588158277172,0.055841698554585435,,,,,
exp3,qaoa,1,cvar,,,,,,,,,,,,0.0658295690883129,0.00536676913422222,0.0,0.0,0.04293415307377776,0.0,0.005624374052664885,0.0,-0.06648380994026223,-0.1982129727432176,7.0,-0.010617588158277172,0.05586622178198506,,,,,
exp3,qaoa,1,single_snapshot,,,,,,,,,,,,0.0,0.21613413333126905,0.16666666666666666,0.0,1.268432,5.0737280000000016e-08,0.22374726219526905,0.0,-0.3550567443146677,-1.020821537638903,8.0,-0.010375170766222687,0.34468157354844503,,,,,
exp3,qaoa,1,multi_env,,,,,,,,,,,,0.0658295690883129,0.005273610877338797,0.0,0.0,0.042188887018710375,0.0,0.005526744199451059,0.0,-0.06647136820361858,-0.19816683865173126,8.0,-0.010375170766222687,0.0560961974373959,,,,,
exp3,qaoa,1,cvar,,,,,,,,,,,,0.0658295690883129,0.005232048182127376,0.0,0.0,0.04185638545701901,0.0,0.00548318649486949,0.0,-0.06646583187847897,-0.19818822841960818,8.0,-0.010375170766222687,0.05609066111225629,,,,,
exp3,qaoa,2,single_snapshot,,,,,,,,,,,,0.04072878219105786,0.005540659088486184,0.0,0.0,0.044325272707889475,0.0,0.005806610724733521,0.0,-0.041332615181297466,-0.1229284941460812,0.0,-0.00977795198685007,0.0315546631944474,,,,,
exp3,qaoa,2,multi_env,,,,,,,,,,,,0.08239812965303689,0.09436334556728025,0.0,0.0,1.268432,5.0737280000000016e-08,0.10197647443128023,0.0,-0.09654141509664325,-0.2574197536356566,0.0,-0.00977795198685007,0.08676346310979319,,,,,
exp3,qaoa,2,cvar,,,,,,,,,,,,0.04072878219105786,0.005408679232156525,0.0,0.0,0.0432694338572522,0.0,0.005668295835300039,0.0,-0.041317164981813786,-0.12289936478855107,0.0,-0.00977795198685007,0.03153921299496372,,,,,
exp3,qaoa,2,single_snapshot,,,,,,,,,,,,0.04072878219105786,0.00508451407464842,0.0,0.0,0.04067611259718736,0.0,0.005328570750231545,0.0,-0.041282724755649335,-0.1228682458307715,1.0,-0.009512260385542221,0.03177046437010711,,,,,
exp3,qaoa,2,multi_env,,,,,,,,,,,,0.08239812965303689,0.08722444994788241,0.0,0.0,1.268432,5.0737280000000016e-08,0.09483757881188241,0.0,-0.09605188550156853,-0.2570881992090066,1.0,-0.009512260385542221,0.08653962511602631,,,,,
exp3,qaoa,2,cvar,,,,,,,,,,,,0.04072878219105786,0.005018333516394098,0.0,0.0,0.040146668131152786,0.0,0.005259213525181015,0.0,-0.041275954992839405,-0.12286162078989296,1.0,-0.009512260385542221,0.03176369460729718,,,,,
exp3,qaoa,2,single_snapshot,,,,,,,,,,,,0.04072878219105786,0.005456701619550586,0.0,0.0,0.043653612956404686,0.0,0.005718623297289013,0.0,-0.041324741929601845,-0.12290803691074814,2.0,-0.009020693296157253,0.03230404863344459,,,,,
exp3,qaoa,2,multi_env,,,,,,,,,,,,0.08239812965303689,0.07401648204909866,0.0,0.0,1.268432,5.0737280000000016e-08,0.08162961091309866,0.0,-0.09514618642401325,-0.2564747765653145,2.0,-0.009020693296157253,0.086125493127856,,,,,
exp3,qaoa,2,cvar,,,,,,,,,,,,0.04072878219105786,0.005365139222703874,0.0,0.0,0.04292111378163099,0.0,0.005622665905393661,0.0,-0.04131239739703641,-0.12292189493453169,2.0,-0.009020693296157253,0.03229170410087916,,,,,
exp3,qaoa,2,single_snapshot,,,,,,,,,,,,0.04072878219105786,0.00639649253571406,0.0,0.0,0.05117194028571248,0.0,0.006703524177428336,0.0,-0.04142861507172144,-0.12305634717989707,3.0,-0.008872003866826272,0.03255661120489517,,,,,
exp3,qaoa,2,multi_env,,,,,,,,,,,,0.08239812965303689,0.07002133011175227,0.0,0.0,1.268432,5.0737280000000016e-08,0.07763445897575226,0.0,-0.09487223016881363,-0.25628922821433886,3.0,-0.008872003866826272,0.08600022630198736,,,,,
exp3,qaoa,2,cvar,,,,,,,,,,,,0.04072878219105786,0.005489375131825606,0.0,0.0,0.04391500105460485,0.0,0.005752865138153235,0.0,-0.04132685278601203,-0.12292113490878574,3.0,-0.008872003866826272,0.03245484891918576,,,,,
exp3,qaoa,2,single_snapshot,,,,,,,,,,,,0.04072878219105786,0.005090521687331299,0.0,0.0,0.040724173498650394,0.0,0.005334866728323201,0.0,-0.04128271101717851,-0.1228683881367697,4.0,-0.008940895805408982,0.03234181521176953,,,,,
exp3,qaoa,2,multi_env,,,,,,,,,,,,0.08239812965303689,0.07187239486554584,0.0,0.0,1.268432,5.0737280000000016e-08,0.07948552372954583,0.0,-0.0949991617038426,-0.25637519791411545,4.0,-0.008940895805408982,0.08605826589843361,,,,,
exp3,qaoa,2,cvar,,,,,,,,,,,,0.04072878219105786,0.005063368104553471,0.0,0.0,0.04050694483642777,0.0,0.005306409773572038,0.0,-0.04128076204339328,-0.12286361564239279,4.0,-0.008940895805408982,0.0323398662379843,,,,,
exp3,qaoa,2,single_snapshot,,,,,,,,,,,,0.04072878219105786,0.005477083323057741,0.0,0.0,0.04381666658446193,0.0,0.005739983322564513,0.0,-0.04132584888883097,-0.12292251195613135,5.0,-0.00910875202766752,0.032217096861163454,,,,,
exp3,qaoa,2,multi_env,,,,,,,,,,,,0.08239812965303689,0.07638254138079725,0.0,0.0,1.268432,5.0737280000000016e-08,0.08399567024479725,0.0,-0.09530843225702727,-0.25658466435286104,5.0,-0.00910875202766752,0.08619968022935975,,,,,
exp3,qaoa,2,cvar,,,,,,,,,,,,0.04072878219105786,0.005377708390975992,0.0,0.0,0.04302166712780794,0.0,0.00563583839374284,0.0,-0.04131464001531412,-0.12290433049732355,5.0,-0.00910875202766752,0.0322058879876466,,,,,
exp3,qaoa,2,single_snapshot,,,,,,,,,,,,0.04072878219105786,0.005167117342352867,0.0,0.0,0.04133693873882294,0.0,0.005415138974785805,0.0,-0.04129181904470691,-0.12287693910494783,6.0,-0.009095619340794297,0.03219619970391262,,,,,
exp3,qaoa,2,multi_env,,,,,,,,,,,,0.08239812965303689,0.07602967783400583,0.0,0.0,1.268432,5.0737280000000016e-08,0.08364280669800582,0.0,-0.09528423563637517,-0.25656827617782957,6.0,-0.009095619340794297,0.08618861629558087,,,,,
exp3,qaoa,2,cvar,,,,,,,,,,,,0.04072878219105786,0.0051286111314160126,0.0,0.0,0.0410288890513281,0.0,0.005374784465723982,0.0,-0.0412874090031335,-0.12287204675557915,6.0,-0.009095619340794297,0.0321917896623392,,,,,
exp3,qaoa,2,single_snapshot,,,,,,,,,,,,0.04072878219105786,0.005297846704100569,0.0,0.0,0.04238277363280455,0.0,0.0055521433458973965,0.0,-0.04130386145255794,-0.12289326575888719,7.0,-0.00897434968263837,0.03232951176991957,,,,,
exp3,qaoa,2,multi_env,,,,,,,,,,,,0.08239812965303689,0.072771270616338,0.0,0.0,1.268432,5.0737280000000016e-08,0.08038439948033799,0.0,-0.09506079956854425,-0.25641694474024546,7.0,-0.00897434968263837,0.08608644988590589,,,,,
exp3,qaoa,2,cvar,,,,,,,,,,,,0.04072878219105786,0.005384305162200083,0.0,0.0,0.043074441297600664,0.0,0.005642751809985688,0.0,-0.04131557772615216,-0.12290560830989253,7.0,-0.00897434968263837,0.03234122804351379,,,,,
exp3,qaoa,2,single_snapshot,,,,,,,,,,,,0.04072878219105786,0.005211840907577425,0.0,0.0,0.0416947272606194,0.0,0.005462009271141141,0.0,-0.04129634653156681,-0.12289135008116574,8.0,-0.008919623813703197,0.03237672271786361,,,,,
exp3,qaoa,2,multi_env,,,,,,,,,,,,0.08239812965303689,0.07130083547993941,0.0,0.0,1.268432,5.0737280000000016e-08,0.0789139643439394,0.0,-0.09495996863400182,-0.2563486527656087,8.0,-0.008919623813703197,0.08604034482029863,,,,,
exp3,qaoa,2,cvar,,,,,,,,,,,,0.04072878219105786,0.0051965614936004085,0.0,0.0,0.04157249194880327,0.0,0.0054459964452932275,0.0,-0.041295400770685435,-0.1228821517761746,8.0,-0.008919623813703197,0.03237577695698224,,,,,
exp3,qaoa,3,single_snapshot,,,,,,,,,,,,0.0,0.07781395146000689,0.0,0.0,1.262288,5.049152000000001e-08,0.08539020403600689,0.0,-0.013526516410725118,-0.01580447004602009,0.0,-0.010184970742550726,0.003341545668174392,,,,,
exp3,qaoa,3,multi_env,,,,,,,,,,,,0.0,0.038345750731001126,0.0,0.0,1.2561440000000001,5.024576000000001e-08,0.04588512701900113,0.0,-0.010184970742550726,-0.01177232248780509,0.0,-0.010184970742550726,0.0,,,,,
exp3,qaoa,3,cvar,,,,,,,,,,,,0.1064209211301268,0.005813020882972826,0.0,0.16666666666666666,0.04650416706378261,0.0,0.006092045885355522,0.0,-0.9404749943139881,-2.7979415469830125,0.0,-0.010184970742550726,0.9302900235714373,,,,,
exp3,qaoa,3,single_snapshot,,,,,,,,,,,,0.0,0.09259185445373741,0.0,0.0,1.262288,5.049152000000001e-08,0.10016810702973743,0.0,-0.014662439760053637,-0.017464924837644353,1.0,-0.01123601476365637,0.0034264249963972676,,,,,
exp3,qaoa,3,multi_env,,,,,,,,,,,,0.0,0.053484827992807606,0.0,0.0,1.2561440000000001,5.024576000000001e-08,0.061024204280807605,0.0,-0.01123601476365637,-0.013506983004805647,1.0,-0.01123601476365637,0.0,,,,,
exp3,qaoa,3,cvar,,,,,,,,,,,,0.1064209211301268,0.005367359068865578,0.0,0.16666666666666666,0.04293887255092462,0.0,0.005624992304171125,0.0,-0.9404196564710018,-2.797870822593822,1.0,-0.01123601476365637,0.9291836417073455,,,,,
exp3,qaoa,3,single_snapshot,,,,,,,,,,,,0.0,0.10116206423063602,0.0,0.0,1.262288,5.049152000000001e-08,0.10873831680663602,0.0,-0.015321200437962588,-0.01842787918206748,2.0,-0.011845551025293213,0.003475649412669375,,,,,
exp3,qaoa,3,multi_env,,,,,,,,,,,,0.0,0.0622644950414681,0.0,0.0,1.2561440000000001,5.024576000000001e-08,0.0698038713294681,0.0,-0.011845551025293213,-0.01451297177930939,2.0,-0.011845551025293213,0.0,,,,,
exp3,qaoa,3,cvar,,,,,,,,,,,,0.1064209211301268,0.005460729104621957,0.0,0.16666666666666666,0.043685832836975656,0.0,0.00572284410164381,0.0,-0.9404299190446311,-2.7978828615666633,2.0,-0.011845551025293213,0.928584368019338,,,,,
exp3,qaoa,3,single_snapshot,,,,,,,,,,,,0.0,0.09473283728087341,0.0,0.0,1.262288,5.049152000000001e-08,0.10230908985687341,0.0,-0.014827009278806529,-0.017705487060553207,3.0,-0.011388287193696398,0.0034387220851101307,,,,,
exp3,qaoa,3,multi_env,,,,,,,,,,,,0.0,0.05567813677619613,0.0,0.0,1.2561440000000001,5.024576000000001e-08,0.06321751306419614,0.0,-0.011388287193696398,-0.013758295953563307,3.0,-0.011388287193696398,0.0,,,,,
exp3,qaoa,3,cvar,,,,,,,,,,,,0.1064209211301268,0.005204339977353811,0.0,0.16666666666666666,0.04163471981883049,0.0,0.005454148296266795,0.0,-0.9403985978026436,-2.797842639249181,3.0,-0.011388287193696398,0.9290103106089471,,,,,
exp3,qaoa,3,single_snapshot,,,,,,,,,,,,0.0,0.1061592865542061,0.0,0.0,1.262288,5.049152000000001e-08,0.11373553913020612,0.0,-0.01570531863941087,-0.01898937033243597,4.0,-0.01220096685442352,0.0035043517849873505,,,,,
exp3,qaoa,3,multi_env,,,,,,,,,,,,0.0,0.06738385026277706,0.0,0.0,1.2561440000000001,5.024576000000001e-08,0.07492322655077706,0.0,-0.01220096685442352,-0.01509955596943761,4.0,-0.01220096685442352,0.0,,,,,
exp3,qaoa,3,cvar,,,,,,,,,,,,0.1064209211301268,0.005445973268554856,0.0,0.16666666666666666,0.04356778614843885,0.0,0.0057073799854454885,0.0,-0.9404300226371718,-2.797897071679073,4.0,-0.01220096685442352,0.9282290557827483,,,,,
exp3,qaoa,3,single_snapshot,,,,,,,,,,,,0.0,0.10422293180200269,0.0,0.0,1.262288,5.049152000000001e-08,0.11179918437800272,0.0,-0.015556478132300747,-0.018771800253112494,5.0,-0.012063248120858528,0.0034932300114422186,,,,,
exp3,qaoa,3,multi_env,,,,,,,,,,,,0.0,0.06540017069658216,0.0,0.0,1.2561440000000001,5.024576000000001e-08,0.07293954698458216,0.0,-0.012063248120858528,-0.014872262683172389,5.0,-0.012063248120858528,0.0,,,,,
exp3,qaoa,3,cvar,,,,,,,,,,,,0.1064209211301268,0.005418472477079679,0.0,0.16666666666666666,0.043347779816637434,0.0,0.005678559155979504,0.0,-0.940425285803073,-2.7978638979715806,5.0,-0.012063248120858528,0.9283620376822145,,,,,
exp3,qaoa,3,single_snapshot,,,,,,,,,,,,0.0,0.09794758870757297,0.0,0.0,1.262288,5.049152000000001e-08,0.10552384128357299,0.0,-0.015074115462236234,-0.018066698621666363,6.0,-0.011616928920997414,0.0034571865412388204,,,,,
exp3,qaoa,3,multi_env,,,,,,,,,,,,0.0,0.05897145723221447,0.0,0.0,1.2561440000000001,5.024576000000001e-08,0.06651083352021446,0.0,-0.011616928920997414,-0.014135650059503286,6.0,-0.011616928920997414,0.0,,,,,
exp3,qaoa,3,cvar,,,,,,,,,,,,0.1064209211301268,0.005186493411504974,0.0,0.16666666666666666,0.04149194729203979,0.0,0.005435445095257212,0.0,-0.9403957108147648,-2.797842815282559,6.0,-0.011616928920997414,0.9287787818937674,,,,,
exp3,qaoa,3,single_snapshot,,,,,,,,,,,,0.0,0.09787029325857681,0.0,0.0,1.262288,5.049152000000001e-08,0.1054465458345768,0.0,-0.015068174043798935,-0.01805801365474576,7.0,-0.011611431461746223,0.003456742582052712,,,,,
exp3,qaoa,3,multi_env,,,,,,,,,,,,0.0,0.058892272670315826,0.0,0.0,1.2561440000000001,5.024576000000001e-08,0.06643164895831581,0.0,-0.011611431461746223,-0.014126576961407136,7.0,-0.011611431461746223,0.0,,,,,
exp3,qaoa,3,cvar,,,,,,,,,,,,0.1064209211301268,0.005116596682152401,0.0,0.16666666666666666,0.040932773457219206,0.0,0.005362193322895716,0.0,-0.9403878772200879,-2.7978384627426407,7.0,-0.011611431461746223,0.9287764457583416,,,,,
exp3,qaoa,3,single_snapshot,,,,,,,,,,,,0.0,0.09401162441495482,0.0,0.0,1.262288,5.049152000000001e-08,0.10158787699095483,0.0,-0.014771572283816063,-0.01762445111387636,8.0,-0.011336992603997861,0.003434579679818202,,,,,
exp3,qaoa,3,multi_env,,,,,,,,,,,,0.0,0.05493929735466369,0.0,0.0,1.2561440000000001,5.024576000000001e-08,0.06247867364266369,0.0,-0.011336992603997861,-0.013673638510393422,8.0,-0.011336992603997861,0.0,,,,,
exp3,qaoa,3,cvar,,,,,,,,,,,,0.1064209211301268,0.005544339946936816,0.0,0.16666666666666666,0.04435471957549453,0.0,0.005810468264389783,0.0,-0.9404481798120427,-2.797963630409407,8.0,-0.011336992603997861,0.9291111872080448,,,,,
exp3,qaoa,4,single_snapshot,,,,,,,,,,,,0.0,0.396608,0.16666666666666666,0.0,3.172864,0.0,0.415645184,0.0,-0.37852460997068066,-1.0621398011602967,0.0,-0.01331849159452661,0.365206118376154,,,,,
exp3,qaoa,4,multi_env,,,,,,,,,,,,0.07348821336595299,0.005739653230799983,0.0,0.0,0.045917225846399866,0.0,0.006015156585878382,0.0,-0.07419653996236776,-0.21015130781794766,0.0,-0.01331849159452661,0.06087804836784115,,,,,
exp3,qaoa,4,cvar,,,,,,,,,,,,0.07348821336595299,0.005524063211244841,0.0,0.0,0.04419250568995873,0.0,0.005789218245384594,0.0,-0.07417515758509216,-0.21014392702837445,0.0,-0.01331849159452661,0.06085666599056555,,,,,
exp3,qaoa,4,single_snapshot,,,,,,,,,,,,0.0,0.396608,0.16666666666666666,0.0,3.172864,0.0,0.415645184,0.0,-0.37852460997068066,-1.0621398011602967,1.0,-0.013322220602072927,0.3652023893686077,,,,,
exp3,qaoa,4,multi_env,,,,,,,,,,,,0.07348821336595299,0.0055494075058959424,0.0,0.0,0.04439526004716754,0.0,0.005815779066178948,0.0,-0.07418333301434228,-0.21020000284730575,1.0,-0.013322220602072927,0.06086111241226935,,,,,
exp3,qaoa,4,cvar,,,,,,,,,,,,0.07348821336595299,0.005359965143725276,0.0,0.0,0.04287972114980221,0.0,0.005617243470624089,0.0,-0.07415434915977741,-0.21011159445385702,1.0,-0.013322220602072927,0.06083212855770448,,,,,
exp3,qaoa,4,single_snapshot,,,,,,,,,,,,0.0,0.396608,0.16666666666666666,0.0,3.172864,0.0,0.415645184,0.0,-0.37852460997068066,-1.0621398011602967,2.0,-0.013878395082179903,0.36464621488850074,,,,,
exp3,qaoa,4,multi_env,,,,,,,,,,,,0.07348821336595299,0.005258090774683903,0.0,0.0,0.042064726197471224,0.0,0.005510479131868731,0.0,-0.07414304605012394,-0.21012691859705837,2.0,-0.013878395082179903,0.06026465096794403,,,,,
exp3,qaoa,4,cvar,,,,,,,,,,,,0.07348821336595299,0.0052357282644758625,0.0,0.0,0.0418858261158069,0.0,0.005487043221170704,0.0,-0.0741380893521552,-0.21011141400063338,2.0,-0.013878395082179903,0.060259694269975295,,,,,
exp3,qaoa,4,single_snapshot,,,,,,,,,,,,0.0,0.396608,0.16666666666666666,0.0,3.172864,0.0,0.415645184,0.0,-0.37852460997068066,-1.0621398011602967,3.0,-0.014179898940404846,0.3643447110302758,,,,,
exp3,qaoa,4,multi_env,,,,,,,,,,,,0.07348821336595299,0.005186076547640066,0.0,0.0,0.041488612381120525,0.0,0.005435008221926788,0.0,-0.07413452772483593,-0.21012908962882731,3.0,-0.014179898940404846,0.059954628784431085,,,,,
exp3,qaoa,4,cvar,,,,,,,,,,,,0.07348821336595299,0.005127604235894978,0.0,0.0,0.041020833887159824,0.0,0.005373729239217937,0.0,-0.07412492362553859,-0.21009763482855892,3.0,-0.014179898940404846,0.05994502468513374,,,,,
exp3,qaoa,4,single_snapshot,,,,,,,,,,,,0.0,0.396608,0.16666666666666666,0.0,3.172864,0.0,0.415645184,0.0,-0.37852460997068066,-1.0621398011602967,4.0,-0.014388853100647315,0.36413575687003336,,,,,
exp3,qaoa,4,multi_env,,,,,,,,,,,,0.07348821336595299,0.005265381575251619,0.0,0.0,0.042123052602012954,0.0,0.005518119890863696,0.0,-0.07413473963134908,-0.2101253379696117,4.0,-0.014388853100647315,0.05974588653070176,,,,,
exp3,qaoa,4,cvar,,,,,,,,,,,,0.07348821336595299,0.005305276717990637,0.0,0.0,0.042442213743925095,0.0,0.005559930000454187,0.0,-0.07415358411359209,-0.21018552415740058,4.0,-0.014388853100647315,0.05976473101294477,,,,,
exp3,qaoa,4,single_snapshot,,,,,,,,,,,,0.0,0.396608,0.16666666666666666,0.0,3.172864,0.0,0.415645184,0.0,-0.37852460997068066,-1.0621398011602967,5.0,-0.013210264207693846,0.3653143457629868,,,,,
exp3,qaoa,4,multi_env,,,,,,,,,,,,0.07348821336595299,0.005090658281308909,0.0,0.0,0.04072526625047127,0.0,0.005335009878811737,0.0,-0.07412016722266243,-0.21009498229274098,5.0,-0.013210264207693846,0.06090990301496858,,,,,
exp3,qaoa,4,cvar,,,,,,,,,,,,0.07348821336595299,0.005225035032102217,0.0,0.0,0.041800280256817736,0.0,0.0054758367136431224,0.0,-0.07414316620835121,-0.21009071137890817,5.0,-0.013210264207693846,0.06093290200065736,,,,,
exp3,qaoa,4,single_snapshot,,,,,,,,,,,,0.0,0.396608,0.16666666666666666,0.0,3.172864,0.0,0.415645184,0.0,-0.37852460997068066,-1.0621398011602967,6.0,-0.01251803049019807,0.3660065794804826,,,,,
exp3,qaoa,4,multi_env,,,,,,,,,,,,0.07348821336595299,0.005398992604265611,0.0,0.0,0.043191940834124885,0.0,0.005658144249270361,0.0,-0.07415903725677382,-0.21012827592080593,6.0,-0.01251803049019807,0.06164100676657575,,,,,
exp3,qaoa,4,cvar,,,,,,,,,,,,0.07348821336595299,0.00552322919247672,0.0,0.0,0.04418583353981376,0.0,0.0057883441937156025,0.0,-0.07417255133088184,-0.21015019007738703,6.0,-0.01251803049019807,0.06165452084068377,,,,,
exp3,qaoa,4,single_snapshot,,,,,,,,,,,,0.0,0.396608,0.16666666666666666,0.0,3.172864,0.0,0.415645184,0.0,-0.37852460997068066,-1.0621398011602967,7.0,-0.012218855647188893,0.3663057543234918,,,,,
exp3,qaoa,4,multi_env,,,,,,,,,,,,0.07348821336595299,0.005757674128593256,0.0,0.0,0.046061393028746046,0.0,0.006034042486765732,0.0,-0.07420778413390332,-0.21018968465147397,7.0,-0.012218855647188893,0.061988928486714424,,,,,
exp3,qaoa,4,cvar,,,,,,,,,,,,0.07348821336595299,0.006523714885891725,0.0,0.0,0.0521897190871338,0.0,0.006836853200414528,0.0,-0.07428990654993471,-0.21033483357863092,7.0,-0.012218855647188893,0.06207105090274582,,,,,
exp3,qaoa,4,single_snapshot,,,,,,,,,,,,0.0,0.396608,0.16666666666666666,0.0,3.172864,0.0,0.415645184,0.0,-0.37852460997068066,-1.0621398011602967,8.0,-0.011796197092313658,0.366728412878367,,,,,
exp3,qaoa,4,multi_env,,,,,,,,,,,,0.07348821336595299,0.007628263459385683,0.0,0.0,0.06102610767508546,0.0,0.007994420105436195,0.0,-0.07443660995059406,-0.21033088125531835,8.0,-0.011796197092313658,0.0626404128582804,,,,,
exp3,qaoa,4,cvar,,,,,,,,,,,,0.07348821336595299,0.007632813261200984,0.0,0.0,0.06106250608960787,0.0,0.007999188297738631,0.0,-0.07443678028746499,-0.21038197336482237,8.0,-0.011796197092313658,0.06264058319515134,,,,,
exp3,qaoa,5,single_snapshot,,,,,,,,,,,,0.0,0.22698698384317914,0.0,0.0,1.262288,5.049152000000001e-08,0.23456323641917912,0.0,-0.01790909143387359,-0.02177888706013515,0.0,-0.011051502200236436,0.006857589233637152,,,,,
exp3,qaoa,5,multi_env,,,,,,,,,,,,0.016524026075533254,0.108304,0.0,0.16666666666666666,0.866432,0.0,0.113502592,0.0,-0.8614285378626317,-2.563347897653143,0.0,-0.011051502200236436,0.8503770356623953,,,,,
exp3,qaoa,5,cvar,,,,,,,,,,,,0.0,0.148304,0.0,0.0,1.186432,0.0,0.155422592,0.0,-0.01386108072857852,-0.016402118671455263,0.0,-0.011051502200236436,0.0028095785283420837,,,,,
exp3,qaoa,5,single_snapshot,,,,,,,,,,,,0.0,0.2296439983106088,0.0,0.0,1.262288,5.049152000000001e-08,0.2372202508866088,0.0,-0.01803147759697872,-0.021944449411637857,1.0,-0.011173888363341572,0.0068575892336371486,,,,,
exp3,qaoa,5,multi_env,,,,,,,,,,,,0.016524026075533254,0.108304,0.0,0.16666666666666666,0.866432,0.0,0.113502592,0.0,-0.8614285378626317,-2.563347897653143,1.0,-0.011173888363341572,0.8502546494992902,,,,,
exp3,qaoa,5,cvar,,,,,,,,,,,,0.0,0.148304,0.0,0.0,1.186432,0.0,0.155422592,0.0,-0.01386108072857852,-0.016402118671455263,1.0,-0.011173888363341572,0.002687192365236948,,,,,
exp3,qaoa,5,single_snapshot,,,,,,,,,,,,0.0,0.23771925985050787,0.0,0.0,1.262288,5.049152000000001e-08,0.24529551242650782,0.0,-0.018403436533617392,-0.022447630446567793,2.0,-0.011545847299980242,0.00685758923363715,,,,,
exp3,qaoa,5,multi_env,,,,,,,,,,,,0.016524026075533254,0.108304,0.0,0.16666666666666666,0.866432,0.0,0.113502592,0.0,-0.8614285378626317,-2.563347897653143,2.0,-0.011545847299980242,0.8498826905626515,,,,,
exp3,qaoa,5,cvar,,,,,,,,,,,,0.0,0.148304,0.0,0.0,1.186432,0.0,0.155422592,0.0,-0.01386108072857852,-0.016402118671455263,2.0,-0.011545847299980242,0.0023152334285982783,,,,,
exp3,qaoa,5,single_snapshot,,,,,,,,,,,,0.0,0.24161117322202488,0.0,0.0,1.262288,5.049152000000001e-08,0.2491874257980249,0.0,-0.018582704034986443,-0.022690141105629627,3.0,-0.011725114801349293,0.00685758923363715,,,,,
exp3,qaoa,5,multi_env,,,,,,,,,,,,0.016524026075533254,0.108304,0.0,0.16666666666666666,0.866432,0.0,0.113502592,0.0,-0.8614285378626317,-2.563347897653143,3.0,-0.011725114801349293,0.8497034230612824,,,,,
exp3,qaoa,5,cvar,,,,,,,,,,,,0.0,0.148304,0.0,0.0,1.186432,0.0,0.155422592,0.0,-0.01386108072857852,-0.016402118671455263,3.0,-0.011725114801349293,0.0021359659272292275,,,,,
exp3,qaoa,5,single_snapshot,,,,,,,,,,,,0.0,0.2518659677470642,0.0,0.0,1.262288,5.049152000000001e-08,0.25944222032306424,0.0,-0.01905505560504214,-0.023329131941605404,4.0,-0.012197466371404989,0.00685758923363715,,,,,
exp3,qaoa,5,multi_env,,,,,,,,,,,,0.016524026075533254,0.108304,0.0,0.16666666666666666,0.866432,0.0,0.113502592,0.0,-0.8614285378626317,-2.563347897653143,4.0,-0.012197466371404989,0.8492310714912268,,,,,
exp3,qaoa,5,cvar,,,,,,,,,,,,0.0,0.148304,0.0,0.0,1.186432,0.0,0.155422592,0.0,-0.01386108072857852,-0.016402118671455263,4.0,-0.012197466371404989,0.001663614357173531,,,,,
exp3,qaoa,5,single_snapshot,,,,,,,,,,,,0.0,0.24326150358419696,0.0,0.0,1.262288,5.049152000000001e-08,0.25083775616019693,0.0,-0.018658720783618427,-0.022792975538361133,5.0,-0.011801131549981277,0.00685758923363715,,,,,
exp3,qaoa,5,multi_env,,,,,,,,,,,,0.016524026075533254,0.108304,0.0,0.16666666666666666,0.866432,0.0,0.113502592,0.0,-0.8614285378626317,-2.563347897653143,5.0,-0.011801131549981277,0.8496274063126504,,,,,
exp3,qaoa,5,cvar,,,,,,,,,,,,0.0,0.148304,0.0,0.0,1.186432,0.0,0.155422592,0.0,-0.01386108072857852,-0.016402118671455263,5.0,-0.011801131549981277,0.002059949178597243,,,,,
exp3,qaoa,5,single_snapshot,,,,,,,,,,,,0.0,0.2506058435912202,0.0,0.0,1.262288,5.049152000000001e-08,0.2581820961672202,0.0,-0.018997012352978463,-0.023250611812722276,6.0,-0.012139423119341316,0.006857589233637147,,,,,
exp3,qaoa,5,multi_env,,,,,,,,,,,,0.016524026075533254,0.108304,0.0,0.16666666666666666,0.866432,0.0,0.113502592,0.0,-0.8614285378626317,-2.563347897653143,6.0,-0.012139423119341316,0.8492891147432904,,,,,
exp3,qaoa,5,cvar,,,,,,,,,,,,0.0,0.148304,0.0,0.0,1.186432,0.0,0.155422592,0.0,-0.01386108072857852,-0.016402118671455263,6.0,-0.012139423119341316,0.0017216576092372038,,,,,
exp3,qaoa,5,single_snapshot,,,,,,,,,,,,0.0,0.23635771568095654,0.0,0.0,1.262288,5.049152000000001e-08,0.24393396825695654,0.0,-0.018340721720110652,-0.02236279069234403,7.0,-0.011483132486473506,0.006857589233637147,,,,,
exp3,qaoa,5,multi_env,,,,,,,,,,,,0.016524026075533254,0.108304,0.0,0.16666666666666666,0.866432,0.0,0.113502592,0.0,-0.8614285378626317,-2.563347897653143,7.0,-0.011483132486473506,0.8499454053761583,,,,,
exp3,qaoa,5,cvar,,,,,,,,,,,,0.0,0.148304,0.0,0.0,1.186432,0.0,0.155422592,0.0,-0.01386108072857852,-0.016402118671455263,7.0,-0.011483132486473506,0.0023779482421050144,,,,,
exp3,qaoa,5,single_snapshot,,,,,,,,,,,,0.0,0.2309938690427417,0.0,0.0,1.262288,5.049152000000001e-08,0.23857012161874167,0.0,-0.01809365471404707,-0.022028561777368706,8.0,-0.011236065480409918,0.00685758923363715,,,,,
exp3,qaoa,5,multi_env,,,,,,,,,,,,0.016524026075533254,0.108304,0.0,0.16666666666666666,0.866432,0.0,0.113502592,0.0,-0.8614285378626317,-2.563347897653143,8.0,-0.011236065480409918,0.8501924723822218,,,,,
exp3,qaoa,5,cvar,,,,,,,,,,,,0.0,0.148304,0.0,0.0,1.186432,0.0,0.155422592,0.0,-0.01386108072857852,-0.016402118671455263,8.0,-0.011236065480409918,0.0026250152481686016,,,,,
exp4,qaoa,0,zero_shot,,,,,,,,,,,,0.0,0.06878922997158246,0.0,0.0,1.2622880000000003,5.049152e-08,0.07636548254758245,0.0,-0.011904972275622119,-0.014807354848309333,,,,,,,,
exp4,qaoa,0,warm_start_half_budget,,,,,,,,,,,,0.0,0.06878922997158246,0.0,0.0,1.2622880000000003,5.049152e-08,0.07636548254758245,0.0,-0.011904972275622119,-0.014807354848309333,,,,,,,,
exp4,qaoa,0,fresh_full_budget,,,,,,,,,,,,0.0683137051478892,0.005146156530827284,0.0,0.0,0.04116925224661827,0.0,0.005393172044306994,0.0,-0.06890547897174952,-0.13256935663647082,,,,,,,,
exp4,qaoa,1,zero_shot,,,,,,,,,,,,0.001895796175983597,0.08355626741719266,0.0,0.0,1.256144,5.024576000000001e-08,0.09109564370519264,0.0,-0.014436714653204466,-0.01797885491747493,,,,,,,,
exp4,qaoa,1,warm_start_half_budget,,,,,,,,,,,,0.001895796175983597,0.08355626741719266,0.0,0.0,1.256144,5.024576000000001e-08,0.09109564370519264,0.0,-0.014436714653204466,-0.01797885491747493,,,,,,,,
exp4,qaoa,1,fresh_full_budget,,,,,,,,,,,,0.0,0.08546218539961391,0.0,0.0,1.256144,5.024576000000001e-08,0.0930015616876139,0.0,-0.012755494195108704,-0.01752446950767258,,,,,,,,
exp4,qaoa,2,zero_shot,,,,,,,,,,,,0.02471943889591107,0.005220499791903421,0.0,0.0,0.04176399833522737,0.0,0.005471083781914786,0.0,-0.025264888139968217,-0.027754349794137705,,,,,,,,
exp4,qaoa,2,warm_start_half_budget,,,,,,,,,,,,0.02471943889591107,0.005444469483336434,0.0,0.0,0.04355575586669147,0.0,0.005705804018536583,0.0,-0.025288781351049356,-0.027701601873245576,,,,,,,,
exp4,qaoa,2,fresh_full_budget,,,,,,,,,,,,0.05743492364551479,0.39660799999999996,0.05,0.0,3.1728639999999997,0.0,0.415645184,0.0,-0.20386760612541593,-0.31080212658369516,,,,,,,,
exp4,qaoa,3,zero_shot,,,,,,,,,,,,0.0022172872266196806,0.08679364331676434,0.0,0.0,1.2684320000000002,5.073728e-08,0.09440677218076432,0.0,-0.015552505279976852,-0.016234122301971562,,,,,,,,
exp4,qaoa,3,warm_start_half_budget,,,,,,,,,,,,0.0022172872266196806,0.04679364331676433,0.0,0.0,1.2684320000000002,5.073728e-08,0.054406772180764326,0.0,-0.012897266607127927,-0.012312990258086132,,,,,,,,
exp4,qaoa,3,fresh_full_budget,,,,,,,,,,,,0.06941228622115993,0.005709677265258506,0.0,0.1,0.04567741812206805,0.0,0.005983741773990915,0.0,-0.570129696683748,-0.6985702910616148,,,,,,,,
exp4,qaoa,4,zero_shot,,,,,,,,,,,,0.0005472757270200613,0.035693173604704254,0.0,0.0,1.2622880000000003,5.049152e-08,0.04326942618070425,0.0,-0.010431925042414997,-0.01141566832448287,,,,,,,,
exp4,qaoa,4,warm_start_half_budget,,,,,,,,,,,,0.05568648905199882,0.00568870929419063,0.0,0.0,0.04550967435352504,0.0,0.00596176734031178,0.0,-0.05634245708888373,-0.28512649984561506,,,,,,,,
exp4,qaoa,4,fresh_full_budget,,,,,,,,,,,,0.05568648905199882,0.005229676753515378,0.0,0.0,0.04183741402812302,0.0,0.005480701237684115,0.0,-0.05629470673493475,-0.2851036509021595,,,,,,,,
exp4,qaoa,5,zero_shot,,,,,,,,,,,,0.0,1.2547681953453023,0.45,0.0,11.144000000000002,0.006143999999999999,1.6288321953453022,0.0,-1.3511211878747207,-2.501724942330537,,,,,,,,
exp4,qaoa,5,warm_start_half_budget,,,,,,,,,,,,0.0,0.030493598994595715,0.0,0.0,1.2622880000000003,5.049152e-08,0.03806985157059571,0.0,-0.009124895170290769,-0.010171949458625824,,,,,,,,
exp4,qaoa,5,fresh_full_budget,,,,,,,,,,,,0.017354691779360405,0.06978511292881727,0.0,0.05,1.2622880000000003,5.049152e-08,0.07736136550481729,0.0,-0.27883962639116583,-0.07359369846609226,,,,,,,,
exp6,qaoa,0,,,,,,2.0,80.0,1.0,512.0,0.0,2.0,qpu_A,,,,,,,,,,,,,,0.0,-0.4894927900401198,-1.046272917442127,-1.046272917442127,-1.4800650246402374
exp6,qaoa,0,,,,,,1.0,20.0,1.0,2048.0,1.0,2.0,qpu_A,,,,,,,,,,,,,,1.0,-1.5229397623917145,-3.328997478784869,-3.328997478784869,-4.520368487446535
exp6,qaoa,0,,,,,,1.0,80.0,0.0,512.0,0.0,2.0,remote_sim,,,,,,,,,,,,,,2.0,-3.0988242469358256,-2.21035826382266,-2.21035826382266,-4.565491594895874
exp6,qaoa,0,,,,,,1.0,20.0,0.0,512.0,0.0,0.0,classical,,,,,,,,,,,,,,3.0,-0.11583817952611564,-0.07752923256747087,-0.07754691187418217,-0.0775330763180883
exp6,qaoa,0,,,,,,1.0,20.0,0.0,128.0,0.0,2.0,local_sim,,,,,,,,,,,,,,4.0,-2.7080711456003215,-1.6803843569399393,-1.6803843569399393,-1.960234754234288
exp6,qaoa,0,,,,,,3.0,20.0,0.0,512.0,0.0,1.0,qpu_A,,,,,,,,,,,,,,5.0,-4.552706992523291,-4.952464006414448,-4.952464006414448,-7.694055598276353
exp6,qaoa,0,,,,,,3.0,40.0,1.0,2048.0,1.0,1.0,local_sim,,,,,,,,,,,,,,6.0,-0.21659201785248278,-0.036898513568085045,-0.036898513568085045,-0.04034395075934236
exp6,qaoa,0,,,,,,2.0,20.0,0.0,128.0,0.0,0.0,local_sim,,,,,,,,,,,,,,7.0,-2.6528558881514073,-2.1249976899710488,-2.1249976899710488,-2.1278509857043972
exp6,qaoa,0,,,,,,2.0,80.0,1.0,512.0,0.0,0.0,qpu_A,,,,,,,,,,,,,,8.0,-2.524630689344973,-1.1883782519983763,-1.1883782519983763,-1.6631659211261682
exp6,qaoa,0,,,,,,2.0,20.0,0.0,512.0,0.0,1.0,classical,,,,,,,,,,,,,,9.0,-0.0005204033469592064,-0.03897081453130096,-0.03897126850548508,-0.038973386170462254
exp6,qaoa,0,,,,,,2.0,80.0,0.0,2048.0,1.0,1.0,remote_sim,,,,,,,,,,,,,,10.0,-3.2469054577156484,-2.4989732193530867,-2.4989732193530867,-2.966379514854428
exp6,qaoa,0,,,,,,3.0,40.0,0.0,512.0,0.0,0.0,local_sim,,,,,,,,,,,,,,11.0,-4.016629364469664,-4.295275019528226,-4.295275019528226,-4.2445257128530365
exp6,qaoa,0,,,,,,1.0,20.0,1.0,128.0,0.0,1.0,local_sim,,,,,,,,,,,,,,12.0,-0.47833825385808576,-0.0964738892429254,-0.0964738892429254,-0.0952762761602614
exp6,qaoa,0,,,,,,2.0,20.0,0.0,128.0,1.0,1.0,local_sim,,,,,,,,,,,,,,13.0,-2.7264507749849645,-1.925989557777596,-1.925989557777596,-2.2171156170130453
exp6,qaoa,0,,,,,,3.0,80.0,0.0,128.0,0.0,2.0,qpu_A,,,,,,,,,,,,,,14.0,-12.327335070691273,-11.712930454501034,-11.6744971326706,-11.810505179197854
exp6,qaoa,0,,,,,,3.0,40.0,0.0,128.0,1.0,0.0,qpu_B,,,,,,,,,,,,,,15.0,-4.409176910220063,-7.792218611851169,-7.92070261860361,-7.785405555118577
exp6,qaoa,0,,,,,,1.0,80.0,0.0,128.0,0.0,0.0,local_sim,,,,,,,,,,,,,,16.0,-3.470259585628128,-3.0812288400587136,-3.0812288400587136,-3.523249374306715
exp6,qaoa,0,,,,,,3.0,80.0,0.0,2048.0,1.0,2.0,qpu_A,,,,,,,,,,,,,,17.0,-95.40929429210249,-93.06986795917834,-93.06986795917834,-92.56031225706617
exp6,qaoa,0,,,,,,1.0,20.0,0.0,2048.0,1.0,0.0,local_sim,,,,,,,,,,,,,,18.0,-2.581217513137981,-1.204298766163745,-1.204298766163745,-1.2232514771413996
exp6,qaoa,0,,,,,,2.0,40.0,0.0,512.0,0.0,2.0,local_sim,,,,,,,,,,,,,,19.0,-3.4304167896892714,-2.5350585890373734,-2.5350585890373734,-2.9286223685861246
exp6,qaoa,0,,,,,,2.0,40.0,0.0,512.0,1.0,2.0,remote_sim,,,,,,,,,,,,,,20.0,-7.728794527997277,-2.6340808507669853,-2.6340808507669853,-2.957347335347516
exp6,qaoa,0,,,,,,2.0,40.0,0.0,512.0,0.0,0.0,classical,,,,,,,,,,,,,,21.0,-0.11570335940886196,-0.07058276974746998,-0.07047732833617515,-0.0704775395410952
exp6,qaoa,0,,,,,,3.0,40.0,0.0,512.0,0.0,0.0,classical,,,,,,,,,,,,,,22.0,-0.2801864178221754,-0.04720802201264244,-0.047206520035829064,-0.047213494020622755
exp6,qaoa,0,,,,,,2.0,20.0,1.0,2048.0,1.0,1.0,local_sim,,,,,,,,,,,,,,23.0,-0.2468564251297643,-0.026733445330687524,-0.026733445330687524,-0.028247520777367325
exp6,qaoa,1,,,,,,2.0,40.0,1.0,512.0,1.0,1.0,qpu_A,,,,,,,,,,,,,,0.0,-0.572761927639101,-1.3904150223362468,-1.409372984096083,-1.6163637677219562
exp6,qaoa,1,,,,,,3.0,20.0,1.0,2048.0,1.0,2.0,qpu_A,,,,,,,,,,,,,,1.0,-3.2293332031069983,-3.7164603850423497,-3.7164603850423497,-3.7757589679952237
exp6,qaoa,1,,,,,,3.0,80.0,1.0,128.0,1.0,0.0,local_sim,,,,,,,,,,,,,,2.0,-0.301298670174665,-0.06391049043818131,-0.06391049043818131,-0.4105379863163629
exp6,qaoa,1,,,,,,1.0,20.0,0.0,128.0,0.0,0.0,local_sim,,,,,,,,,,,,,,3.0,-2.6165890945552785,-1.6371712755057881,-1.6371712755057881,-2.036693187103664
exp6,qaoa,1,,,,,,1.0,40.0,0.0,512.0,1.0,2.0,qpu_A,,,,,,,,,,,,,,4.0,-18.6602356385333,-18.784488547654245,-18.732649634825037,-18.685612627934173
exp6,qaoa,1,,,,,,1.0,80.0,0.0,2048.0,0.0,1.0,classical,,,,,,,,,,,,,,5.0,-0.18504344191663102,-0.04391675348655625,-0.043912970548374564,-0.043898732994065076
exp6,qaoa,1,,,,,,2.0,40.0,1.0,2048.0,1.0,1.0,classical,,,,,,,,,,,,,,6.0,-0.03886860156156082,-0.036017582529739516,-0.03604564559891393,-0.03603648405098154
exp6,qaoa,1,,,,,,3.0,40.0,1.0,128.0,1.0,1.0,qpu_B,,,,,,,,,,,,,,7.0,-0.3442974754316051,-0.15417032273613915,-0.09037709988464827,-0.12074869489682476
exp6,qaoa,1,,,,,,2.0,20.0,1.0,512.0,1.0,2.0,local_sim,,,,,,,,,,,,,,8.0,-0.3181295846520086,-0.04882353395054525,-0.04882353395054525,-0.3813452453738841
exp6,qaoa,1,,,,,,1.0,40.0,1.0,2048.0,0.0,1.0,remote_sim,,,,,,,,,,,,,,9.0,-0.3926221364922281,-0.013233073970429207,-0.013233073970429207,-0.01382580680494095
exp6,qaoa,1,,,,,,3.0,20.0,0.0,2048.0,0.0,0.0,local_sim,,,,,,,,,,,,,,10.0,-2.9780601480041224,-2.7194295632084238,-2.7194295632084238,-3.401748921566045
exp6,qaoa,1,,,,,,2.0,80.0,0.0,128.0,1.0,1.0,remote_sim,,,,,,,,,,,,,,11.0,-3.2154686977060987,-4.551716411272597,-4.551716411272597,-2.7558697201319275
exp6,qaoa,1,,,,,,3.0,20.0,1.0,128.0,1.0,0.0,remote_sim,,,,,,,,,,,,,,12.0,-0.2661018611320404,-0.11170461115663403,-0.11170461115663403,-0.11104947341715406
exp6,qaoa,1,,,,,,3.0,80.0,0.0,512.0,1.0,1.0,qpu_A,,,,,,,,,,,,,,13.0,-31.65187134740918,-30.01639042065355,-30.022709741240163,-30.855420522894903
exp6,qaoa,1,,,,,,2.0,80.0,0.0,128.0,0.0,2.0,remote_sim,,,,,,,,,,,,,,14.0,-2.8943275891179145,-3.8197516059069963,-3.8197516059069963,-3.343216880672655
exp6,qaoa,1,,,,,,2.0,80.0,0.0,512.0,0.0,2.0,classical,,,,,,,,,,,,,,15.0,-0.1753284103253032,-0.11857153637102673,-0.11855808328011841,-0.11855650578450216
exp6,qaoa,1,,,,,,2.0,20.0,1.0,2048.0,0.0,2.0,remote_sim,,,,,,,,,,,,,,16.0,-0.2405146489806498,-0.020217712793285773,-0.020217712793285773,-0.02159972605945333
exp6,qaoa,1,,,,,,2.0,40.0,1.0,128.0,1.0,2.0,remote_sim,,,,,,,,,,,,,,17.0,-0.3209202897632744,-0.04595269093588341,-0.04595269093588341,-0.04952196727967753
exp6,qaoa,1,,,,,,2.0,80.0,1.0,2048.0,0.0,1.0,qpu_B,,,,,,,,,,,,,,18.0,-2.392639940288637,-0.8374025643679296,-0.8374025643679296,-0.5086372717007138
exp6,qaoa,1,,,,,,3.0,20.0,1.0,2048.0,0.0,0.0,qpu_B,,,,,,,,,,,,,,19.0,-0.35823613502247975,-0.18260433410818433,-0.18260433410818433,-0.1767413967965279
exp6,qaoa,1,,,,,,1.0,20.0,0.0,128.0,1.0,0.0,classical,,,,,,,,,,,,,,20.0,-0.000399914090827529,-0.029639475395937327,-0.029638183613152787,-0.029647853101997135
exp6,qaoa,1,,,,,,3.0,40.0,1.0,512.0,0.0,1.0,remote_sim,,,,,,,,,,,,,,21.0,-0.21323226991470137,-0.019934130730909137,-0.019934130730909137,-0.02009199670857407
exp6,qaoa,1,,,,,,3.0,80.0,1.0,128.0,1.0,0.0,qpu_B,,,,,,,,,,,,,,22.0,-0.3452209302509241,-0.09080534395181127,-0.10724581948649776,-0.450485200800784
exp6,qaoa,1,,,,,,1.0,20.0,0.0,2048.0,0.0,0.0,qpu_A,,,,,,,,,,,,,,23.0,-14.782479518062956,-14.733680903691296,-14.733680903691296,-14.684805428973993
exp6,qaoa,2,,,,,,1.0,20.0,0.0,512.0,1.0,2.0,local_sim,,,,,,,,,,,,,,0.0,-2.590457261998737,-0.6396146514333981,-0.6396146514333981,-1.8905342100142526
exp6,qaoa,2,,,,,,1.0,40.0,0.0,128.0,1.0,0.0,classical,,,,,,,,,,,,,,1.0,-0.24500759047634738,-0.12269015167648523,-0.1226942825144155,-0.12268506144294967
exp6,qaoa,2,,,,,,2.0,20.0,1.0,2048.0,1.0,0.0,local_sim,,,,,,,,,,,,,,2.0,-0.2543040361703002,-0.021337527423045875,-0.021337527423045875,-0.02247646469830406
exp6,qaoa,2,,,,,,3.0,40.0,0.0,2048.0,0.0,1.0,qpu_B,,,,,,,,,,,,,,3.0,-13.341706560454142,-13.265511686832161,-13.265511686832161,-12.515805758631467
exp6,qaoa,2,,,,,,3.0,80.0,1.0,512.0,1.0,2.0,classical,,,,,,,,,,,,,,4.0,-0.0032872664080566883,-0.04175809177831539,-0.04178284643424324,-0.041771654895046535
exp6,qaoa,2,,,,,,3.0,40.0,1.0,2048.0,1.0,0.0,qpu_A,,,,,,,,,,,,,,5.0,-3.406078579515924,-2.5292042714171274,-2.5292042714171274,-2.5204225538531033
exp6,qaoa,2,,,,,,1.0,40.0,1.0,128.0,1.0,2.0,remote_sim,,,,,,,,,,,,,,6.0,-0.4881313947673714,-0.07054835360904414,-0.07054835360904414,-0.06434397494551893
exp6,qaoa,2,,,,,,3.0,40.0,0.0,128.0,0.0,2.0,classical,,,,,,,,,,,,,,7.0,-0.0006262798817865298,-0.04176887608342384,-0.04188146033651551,-0.041801538198707605
exp6,qaoa,2,,,,,,2.0,40.0,0.0,2048.0,1.0,2.0,classical,,,,,,,,,,,,,,8.0,-0.0008664032571176756,-0.08261737761463002,-0.08260666855710994,-0.0826491815024154
exp6,qaoa,2,,,,,,3.0,20.0,0.0,128.0,1.0,1.0,qpu_B,,,,,,,,,,,,,,9.0,-1.5318599558992894,-3.4276789149206848,-5.950552568429142,-4.3590460243251306
exp6,qaoa,2,,,,,,2.0,80.0,1.0,512.0,1.0,2.0,classical,,,,,,,,,,,,,,10.0,-0.0034076588557883096,-0.18522267837949236,-0.18521284142353056,-0.18520523053079085
exp6,qaoa,2,,,,,,2.0,40.0,1.0,512.0,1.0,0.0,local_sim,,,,,,,,,,,,,,11.0,-0.2740343125652741,-0.02130210165726537,-0.02130210165726537,-0.021092956954841518
exp6,qaoa,2,,,,,,3.0,20.0,0.0,512.0,0.0,0.0,classical,,,,,,,,,,,,,,12.0,-0.003581579972946685,-0.04231617498808948,-0.04230313393371535,-0.04230415844022864
exp6,qaoa,2,,,,,,3.0,20.0,1.0,2048.0,1.0,1.0,classical,,,,,,,,,,,,,,13.0,-0.00033411433004970067,-0.04231538941902921,-0.042287326733238824,-0.04228099432292573
exp6,qaoa,2,,,,,,1.0,80.0,0.0,2048.0,1.0,0.0,local_sim,,,,,,,,,,,,,,14.0,-3.051479494770715,-2.8127123613089324,-2.8127123613089324,-3.0064653342020704
exp6,qaoa,2,,,,,,3.0,80.0,1.0,512.0,1.0,1.0,classical,,,,,,,,,,,,,,15.0,-0.0003276693182045142,-0.10336242798883333,-0.10336002130938642,-0.1033630353694765
exp6,qaoa,2,,,,,,2.0,20.0,0.0,128.0,1.0,0.0,remote_sim,,,,,,,,,,,,,,16.0,-0.491508747539414,-1.2023354351828368,-1.2023354351828368,-0.9795035763750225
exp6,qaoa,2,,,,,,2.0,20.0,0.0,128.0,0.0,1.0,qpu_B,,,,,,,,,,,,,,17.0,-3.1005409707352776,-2.7668700797054107,-2.6854125153232946,-5.221503373597295
exp6,qaoa,2,,,,,,3.0,40.0,0.0,128.0,0.0,0.0,remote_sim,,,,,,,,,,,,,,18.0,-0.6146347239766661,-2.461051940866614,-2.461051940866614,-3.3032712684346563
exp6,qaoa,2,,,,,,1.0,80.0,1.0,2048.0,0.0,2.0,qpu_B,,,,,,,,,,,,,,19.0,-2.5358371957493056,-1.8625777624796136,-1.8625777624796136,-0.8756813133736115
exp6,qaoa,2,,,,,,3.0,80.0,1.0,2048.0,1.0,0.0,remote_sim,,,,,,,,,,,,,,20.0,-0.18813892084779232,-0.010463521221058555,-0.010463521221058555,-0.010533985685535504
exp6,qaoa,2,,,,,,2.0,20.0,1.0,2048.0,1.0,1.0,remote_sim,,,,,,,,,,,,,,21.0,-0.23486705433666022,-0.01354342949183171,-0.01354342949183171,-0.01150116312048661
exp6,qaoa,2,,,,,,2.0,40.0,1.0,128.0,0.0,0.0,remote_sim,,,,,,,,,,,,,,22.0,-0.31689376384801854,-0.09118600692440178,-0.09118600692440178,-0.09194840337205874
exp6,qaoa,2,,,,,,3.0,20.0,1.0,2048.0,0.0,0.0,qpu_B,,,,,,,,,,,,,,23.0,-2.336334983124806,-1.2093824926625039,-1.2093824926625039,-0.8713961075967386
exp6,qaoa,3,,,,,,3.0,20.0,1.0,2048.0,0.0,0.0,qpu_B,,,,,,,,,,,,,,0.0,-0.3385089232737869,-0.5077298679488288,-0.5077298679488288,-0.1872070503472495
exp6,qaoa,3,,,,,,3.0,40.0,1.0,512.0,0.0,0.0,qpu_A,,,,,,,,,,,,,,1.0,-0.36648163027741476,-0.4931391292657425,-0.4931391292657425,-0.8454744468894441
exp6,qaoa,3,,,,,,3.0,20.0,0.0,128.0,0.0,1.0,local_sim,,,,,,,,,,,,,,2.0,-2.8943636355580464,-4.342298122230912,-4.342298122230912,-5.838891906117716
exp6,qaoa,3,,,,,,2.0,20.0,1.0,2048.0,1.0,2.0,local_sim,,,,,,,,,,,,,,3.0,-0.2545253498268011,-0.37518636306562025,-0.37518636306562025,-0.03928041557301376
exp6,qaoa,3,,,,,,2.0,40.0,0.0,128.0,0.0,1.0,qpu_B,,,,,,,,,,,,,,4.0,-8.93728224439489,-7.624111256594927,-7.0278733442584445,-4.773552408250203
exp6,qaoa,3,,,,,,2.0,80.0,1.0,128.0,1.0,1.0,qpu_A,,,,,,,,,,,,,,5.0,-0.4274624640097284,-0.8606840208764593,-0.9065413268774787,-0.8445226458496133
exp6,qaoa,3,,,,,,3.0,20.0,0.0,128.0,0.0,1.0,classical,,,,,,,,,,,,,,6.0,-0.0005719530727474893,-1.8465327920240604,-1.8465289713651252,-1.8465210705930801
exp6,qaoa,3,,,,,,1.0,20.0,1.0,128.0,0.0,0.0,remote_sim,,,,,,,,,,,,,,7.0,-0.4677886651763474,-0.9596590375244259,-0.9596590375244259,-0.9583789296054516
exp6,qaoa,3,,,,,,1.0,40.0,1.0,2048.0,1.0,1.0,qpu_B,,,,,,,,,,,,,,8.0,-0.8168467905449981,-0.7802596215067855,-0.7802596215067855,-1.1165104569789532
exp6,qaoa,3,,,,,,2.0,40.0,1.0,128.0,0.0,1.0,local_sim,,,,,,,,,,,,,,9.0,-0.34676410522215817,-1.837105866606595,-1.837105866606595,-1.8369437372315212
exp6,qaoa,3,,,,,,3.0,20.0,1.0,2048.0,1.0,0.0,qpu_B,,,,,,,,,,,,,,10.0,-2.627220645399006,-1.4451333166947309,-1.4451333166947309,-1.7878732400286923
exp6,qaoa,3,,,,,,2.0,40.0,0.0,128.0,0.0,0.0,local_sim,,,,,,,,,,,,,,11.0,-3.2628965172788233,-3.053439374447237,-3.053439374447237,-3.781601012400715
exp6,qaoa,3,,,,,,3.0,40.0,0.0,128.0,0.0,0.0,qpu_A,,,,,,,,,,,,,,12.0,-4.50823657983658,-8.523702274913244,-7.412615602000922,-7.948447739113739
exp6,qaoa,3,,,,,,1.0,40.0,1.0,512.0,1.0,1.0,remote_sim,,,,,,,,,,,,,,13.0,-0.4220327815579363,-0.021266409198737558,-0.021266409198737558,-0.020653562998530293
exp6,qaoa,3,,,,,,2.0,20.0,1.0,2048.0,0.0,0.0,remote_sim,,,,,,,,,,,,,,14.0,-0.2390955598096804,-0.012094765374647973,-0.012094765374647973,-0.0121775022259416
exp6,qaoa,3,,,,,,2.0,40.0,0.0,2048.0,0.0,1.0,local_sim,,,,,,,,,,,,,,15.0,-7.703608802314731,-3.69706648557024,-3.69706648557024,-4.49032555895982
exp6,qaoa,3,,,,,,1.0,80.0,0.0,512.0,1.0,1.0,qpu_B,,,,,,,,,,,,,,16.0,-18.123293912208478,-17.30272760970783,-17.302727609707834,-17.081155038444034
exp6,qaoa,3,,,,,,3.0,80.0,1.0,2048.0,1.0,0.0,local_sim,,,,,,,,,,,,,,17.0,-0.22673649280055805,-0.36902435113044746,-0.36902435113044746,-0.042766651739369506
exp6,qaoa,3,,,,,,1.0,40.0,0.0,512.0,1.0,0.0,local_sim,,,,,,,,,,,,,,18.0,-2.8575824940016217,-2.196792441040014,-2.196792441040014,-1.483629118734645
exp6,qaoa,3,,,,,,1.0,40.0,1.0,512.0,0.0,2.0,qpu_B,,,,,,,,,,,,,,19.0,-0.5057400873075742,-0.13517742749470704,-0.10561359780644465,-0.10631704412762334
exp6,qaoa,3,,,,,,3.0,40.0,1.0,512.0,1.0,1.0,qpu_A,,,,,,,,,,,,,,20.0,-0.5159547271553866,-1.3425290188259016,-1.3499199762479674,-0.9990356694014176
exp6,qaoa,3,,,,,,1.0,20.0,0.0,512.0,0.0,2.0,local_sim,,,,,,,,,,,,,,21.0,-0.6858812381837494,-1.2578593107449836,-1.2578593107449836,-1.9180879406302376
exp6,qaoa,3,,,,,,2.0,80.0,1.0,512.0,0.0,1.0,classical,,,,,,,,,,,,,,22.0,-0.0006771663251381265,-0.01538286983939823,-0.015401022605494441,-0.0154008251517392
exp6,qaoa,3,,,,,,2.0,20.0,1.0,2048.0,1.0,0.0,qpu_B,,,,,,,,,,,,,,23.0,-2.6141013825370756,-1.4338660348925203,-1.4338660348925203,-2.0937123463330436
