experiment,workload,seed,method,budget,search_cost_units,search_cost_modeled_s,cfg_p,cfg_opt_iters,cfg_warm_start,cfg_shots,cfg_mitigation,cfg_compile_level,cfg_placement,quality_loss,delay_s,deadline_miss,infeasible,energy_j,money,cost_scalar,realized_fail,utility,utility_p10,size,eval_wall_s,search_wall_s
exp7,qaoa,0,random,10.0,24.0,213.20368775625164,2.0,40.0,0.0,128.0,0.0,0.0,classical,0.0683137051478892,0.005193374556256458,0.0,0.0,0.041546996450051665,0.0,0.005442656534956768,0.0,-0.06891393402017107,-0.13269527900127853,,,
exp7,qaoa,0,joint_bo,10.0,24.0,98.31430671257183,3.0,20.0,0.0,512.0,1.0,0.0,classical,0.0683137051478892,0.00513065597624518,0.0,0.0,0.04104524780996144,0.0,0.005376927463104949,0.0,-0.06890235252443958,-0.13254705912899725,,,
exp7,qaoa,0,joint_mf,10.0,24.0,64.15969546527464,1.0,80.0,1.0,512.0,0.0,1.0,remote_sim,0.017294994823695054,0.09770788409498996,0.0,0.0,1.256144,5.024576000000001e-08,0.10524726038298997,0.0,-0.03153650814017153,-0.12450470879792935,,,
exp7,qaoa,0,random,60.0,72.0,495.08690081073405,1.0,40.0,1.0,2048.0,1.0,1.0,local_sim,0.0,0.148304,0.0,0.0,1.186432,0.0,0.15542259199999997,0.0,-0.01616230754284193,-0.02054690595257348,,,
exp7,qaoa,0,joint_bo,60.0,72.0,51.60340533392377,2.0,40.0,1.0,2048.0,1.0,0.0,remote_sim,0.0,0.059640627949075986,0.0,0.0,1.2622880000000003,5.049152e-08,0.06721688052507599,0.0,-0.011278537578748709,-0.013665202363198736,,,
exp7,qaoa,0,joint_mf,60.0,72.72000000000014,130.99491856904103,3.0,40.0,1.0,512.0,1.0,0.0,remote_sim,0.0,0.057757036094989944,0.0,0.0,1.2684320000000002,5.073728e-08,0.06537016495898995,0.0,-0.011620026784222632,-0.014130286376372517,,,
exp7,qaoa,1,random,10.0,24.0,68.41323093651009,1.0,80.0,1.0,512.0,1.0,1.0,remote_sim,0.001895796175983597,0.07836455629951948,0.0,0.0,1.256144,5.024576000000001e-08,0.08590393258751947,0.0,-0.01413712504068847,-0.01722011867238903,,,
exp7,qaoa,1,joint_bo,10.0,24.0,15.97531231885521,3.0,20.0,1.0,512.0,0.0,2.0,local_sim,0.001895796175983597,0.4949119999999999,0.05,0.0,3.9592959999999993,0.0,0.5186677760000002,0.0,-0.15531352216165953,-0.08210793636431792,,,
exp7,qaoa,1,joint_mf,10.0,24.0,141.8235346187481,1.0,20.0,0.0,512.0,0.0,2.0,classical,0.053995897697301364,0.005380406219046563,0.0,0.0,0.0430432497523725,0.0,0.005638665717560798,0.0,-0.05471131655999177,-0.17632070186832102,,,
exp7,qaoa,1,random,60.0,72.0,258.0094618945414,2.0,40.0,1.0,512.0,0.0,0.0,classical,0.053995897697301364,0.005265989602776244,0.0,0.0,0.042127916822209954,0.0,0.005518757103709504,0.0,-0.05469731749309324,-0.17634750754121853,,,
exp7,qaoa,1,joint_bo,60.0,72.0,421.1136547339923,1.0,20.0,1.0,2048.0,0.0,0.0,remote_sim,0.0,0.03970711852976497,0.0,0.0,1.256144,5.024576000000001e-08,0.04724649481776497,0.0,-0.010016372492348685,-0.012605908112007735,,,
exp7,qaoa,1,joint_mf,60.0,72.72000000000014,192.49155053292023,1.0,80.0,1.0,512.0,1.0,0.0,classical,0.053995897697301364,0.005242333252681419,0.0,0.0,0.041938666021451354,0.0,0.005493965248810127,0.0,-0.05469419629079921,-0.17629498920288297,,,
exp7,qaoa,2,random,10.0,24.0,41.78442310722969,1.0,40.0,1.0,512.0,0.0,2.0,classical,0.02471943889591107,0.0055775626096874475,0.0,0.0,0.04462050087749958,0.0,0.005845285614952444,0.0,-0.025307171519801424,-0.02770181067603953,,,
exp7,qaoa,2,joint_bo,10.0,24.0,233.98149418938377,1.0,80.0,1.0,128.0,1.0,1.0,local_sim,0.30229521952048144,0.148304,0.05,0.05,1.186432,0.0,0.15542259199999997,0.0,-0.6696578358633167,-0.8307384763781905,,,
exp7,qaoa,2,joint_mf,10.0,24.0,97.56523278588014,3.0,40.0,0.0,512.0,1.0,0.0,classical,0.02471943889591107,0.005480083491420373,0.0,0.0,0.04384066793136299,0.0,0.005743127499008551,0.0,-0.025293387441706987,-0.027693956982590178,,,
exp7,qaoa,2,random,60.0,72.0,339.8177640215804,1.0,20.0,1.0,512.0,0.0,0.0,remote_sim,0.0002821695812763505,0.03558437237310394,0.0,0.0,1.256144,5.024576000000001e-08,0.043123748661103946,0.0,-0.009760225821965392,-0.011536667581406281,,,
exp7,qaoa,2,joint_bo,60.0,72.0,100.70740394656315,2.0,80.0,1.0,512.0,0.0,2.0,classical,0.02471943889591107,0.005500332918018103,0.0,0.0,0.04400266334414482,0.0,0.005764348898082971,0.0,-0.02529525281878897,-0.02769845662716127,,,
exp7,qaoa,2,joint_mf,60.0,72.72000000000014,155.0904782375381,2.0,80.0,1.0,2048.0,0.0,0.0,remote_sim,0.0,0.037257973541353545,0.0,0.0,1.2622880000000003,5.049152e-08,0.04483422611735355,0.0,-0.010252423455064975,-0.011383531554478033,,,
exp7,qaoa,3,random,10.0,24.0,6.82098594167267,2.0,20.0,0.0,512.0,1.0,0.0,classical,0.06941228622115993,0.005338707793271169,0.0,0.1,0.04270966234616935,0.0,0.005594965767348186,0.0,-0.5700770137392458,-0.698356632344271,,,
exp7,qaoa,3,joint_bo,10.0,24.0,132.87030390176633,3.0,40.0,1.0,512.0,1.0,1.0,classical,0.06941228622115993,0.005718385858926922,0.0,0.1,0.04574708687141538,0.0,0.005992868380155414,0.0,-0.5701239209246833,-0.6984294853853639,,,
exp7,qaoa,3,joint_mf,10.0,24.0,4.094268939493637,1.0,40.0,1.0,512.0,0.0,0.0,classical,0.06941228622115993,0.005664728436386213,0.0,0.1,0.0453178274910897,0.0,0.005936635401332751,0.0,-0.570118612245214,-0.6983839546670606,,,
exp7,qaoa,3,random,60.0,72.0,296.74780538334863,2.0,20.0,1.0,2048.0,0.0,0.0,remote_sim,0.0,0.051906684445127214,0.0,0.0,1.2622880000000003,5.049152e-08,0.059482937021127204,0.0,-0.010958764163796542,-0.01236145027882221,,,
exp7,qaoa,3,joint_bo,60.0,72.0,965.4605245599474,1.0,80.0,1.0,512.0,1.0,0.0,local_sim,0.01597447902692546,0.108304,0.0,0.0,0.866432,0.0,0.11350259200000001,0.0,-0.028717813063765273,-0.061684171675570526,,,
exp7,qaoa,3,joint_mf,60.0,72.72000000000014,464.31309836567306,1.0,20.0,1.0,2048.0,1.0,0.0,remote_sim,0.0,0.05188210844512721,0.0,0.0,1.256144,5.024576000000001e-08,0.059421484733127194,0.0,-0.010920256497155943,-0.012322509192846916,,,
exp7,qaoa,4,random,10.0,24.0,16.23043298703532,1.0,40.0,0.0,128.0,0.0,2.0,classical,0.05568648905199882,0.005588770814938471,0.0,0.0,0.044710166519507766,0.0,0.005857031814055517,0.0,-0.05633495799756562,-0.28513910590335295,,,
exp7,qaoa,4,joint_bo,10.0,24.0,114.70961718257585,3.0,20.0,0.0,2048.0,1.0,2.0,classical,0.05568648905199882,0.005480417283251882,0.0,0.0,0.04384333826601505,0.0,0.005743477312847972,0.0,-0.05632298262142664,-0.2851397027284316,,,
exp7,qaoa,4,joint_mf,10.0,24.0,59.69685688423066,2.0,20.0,1.0,2048.0,1.0,0.0,local_sim,0.0005472757270200613,0.20660800000000004,0.0,0.0,1.6528640000000003,0.0,0.21652518400000004,0.0,-0.024134019634017567,-0.03434879684592556,,,
exp7,qaoa,4,random,60.0,72.0,494.21638323436554,1.0,80.0,1.0,128.0,1.0,1.0,classical,0.05568648905199882,0.0053447188111022115,0.0,0.0,0.04275775048881769,0.0,0.005601265314035118,0.0,-0.05630683922362495,-0.28513083144940476,,,
exp7,qaoa,4,joint_bo,60.0,72.0,133.35136229298686,3.0,20.0,1.0,128.0,0.0,0.0,classical,0.05568648905199882,0.0055677087511867285,0.0,0.0,0.04454167000949383,0.0,0.005834958771243692,0.0,-0.05633152056741438,-0.28513557368372894,,,
exp7,qaoa,4,joint_mf,60.0,72.72000000000014,641.2827756242821,2.0,80.0,1.0,128.0,0.0,0.0,classical,0.05568648905199882,0.005306291684973985,0.0,0.0,0.04245033347979188,0.0,0.005560993685852736,0.0,-0.056302374591469584,-0.28511773595615486,,,
exp7,qaoa,5,random,10.0,24.0,42.784808877238774,2.0,40.0,0.0,128.0,0.0,2.0,classical,0.04598828716567185,0.005387217970564961,0.0,0.3,0.04309774376451969,0.0,0.005645804433152079,0.0,-1.5466139601410047,-5.100772279668494,,,
exp7,qaoa,5,joint_bo,10.0,24.0,301.0457637634184,1.0,80.0,1.0,512.0,0.0,0.0,remote_sim,0.013013786634495058,0.043945732132180435,0.0,0.1,1.256144,5.024576000000001e-08,0.05148510842018043,0.0,-0.5230873471715983,-0.5750453723051493,,,
exp7,qaoa,5,joint_mf,10.0,24.0,98.05964536599922,3.0,20.0,0.0,2048.0,0.0,0.0,classical,0.04598828716567185,0.0056552917521912605,0.0,0.3,0.045242334017530084,0.0,0.005926745756296441,0.0,-1.546643450120497,-5.1008091851453985,,,
exp7,qaoa,5,random,60.0,72.0,337.852478430852,2.0,20.0,1.0,2048.0,0.0,0.0,remote_sim,0.0,0.046048332022211626,0.0,0.0,1.2622880000000003,5.049152e-08,0.053624584598211636,0.0,-0.009924007988799565,-0.011400163980111776,,,
exp7,qaoa,5,joint_bo,60.0,72.0,38.05789935903603,1.0,40.0,1.0,2048.0,0.0,0.0,remote_sim,0.0,0.04602375602221163,0.0,0.0,1.256144,5.024576000000001e-08,0.05356313231021163,0.0,-0.009885828172900905,-0.011361129887531764,,,
exp7,qaoa,5,joint_mf,60.0,72.72000000000014,138.48764401571717,3.0,20.0,0.0,512.0,1.0,1.0,classical,0.04598828716567185,0.0053578852384816855,0.0,0.3,0.042863081907853484,0.0,0.005615063729928807,0.0,-1.54661073977491,-5.100779994461293,,,
exp7,qaoa,6,random,10.0,24.0,3.543324006272442,1.0,80.0,1.0,512.0,1.0,1.0,remote_sim,0.023696578487228052,0.07330236100708581,0.0,0.0,1.256144,5.024576000000001e-08,0.08084173729508581,0.0,-0.035483948054158373,-0.08196509999259441,,,
exp7,qaoa,6,joint_bo,10.0,24.0,26.930266255136594,3.0,40.0,1.0,512.0,1.0,1.0,remote_sim,0.010362277818042009,0.07335151300708581,0.0,0.0,1.2684320000000002,5.073728e-08,0.08096464187108579,0.0,-0.02222627853732642,-0.022175653873695578,,,
exp7,qaoa,6,joint_mf,10.0,24.0,137.74663900660047,2.0,80.0,1.0,512.0,0.0,1.0,qpu_B,0.016926127490877182,2.0976711612377152,0.45,0.0,5.5120000000000005,0.0005120000000000001,2.1563431612377153,0.0,-1.1251721019329444,-2.397089181510316,,,
exp7,qaoa,6,random,60.0,72.0,455.93214404783254,1.0,40.0,1.0,2048.0,0.0,2.0,remote_sim,0.0,0.22436111599769498,0.05,0.0,1.256144,5.024576000000001e-08,0.23190049228569495,0.0,-0.1186019745024904,-0.03224249091882405,,,
exp7,qaoa,6,joint_bo,60.0,72.0,180.14442372161224,1.0,80.0,1.0,128.0,0.0,2.0,classical,0.14991317047558095,0.005461051739985123,0.0,0.1,0.043688413919880986,0.0,0.005723182223504409,0.0,-0.6505452087740959,-0.799961182505418,,,
exp7,qaoa,6,joint_mf,60.0,72.72000000000014,37.75326544683039,3.0,40.0,0.0,128.0,1.0,0.0,classical,0.14991317047558095,0.005418324290076271,0.0,0.1,0.043346594320610166,0.0,0.005678403855999931,0.0,-0.6505407312492997,-0.7999556677553101,,,
exp7,qaoa,7,random,10.0,24.0,21.96689076942991,3.0,20.0,1.0,2048.0,1.0,1.0,classical,0.016555898761720034,0.005386666278354824,0.0,0.0,0.04309333022683859,0.0,0.005645226259715855,0.0,-0.01712868511254379,-0.02460983621807044,,,
exp7,qaoa,7,joint_bo,10.0,24.0,2.566614313104537,3.0,20.0,1.0,128.0,1.0,2.0,classical,0.016555898761720034,0.0055734791967552155,0.0,0.0,0.044587833574041724,0.0,0.005841006198199466,0.0,-0.017150772082086412,-0.02464831561515824,,,
exp7,qaoa,7,joint_mf,10.0,24.0,50.65553952231225,3.0,40.0,0.0,512.0,0.0,1.0,classical,0.016555898761720034,0.00552768720081076,0.0,0.0,0.04422149760648608,0.0,0.005793016186449677,0.0,-0.017144573862936704,-0.02462998658359128,,,
exp7,qaoa,7,random,60.0,72.0,471.0312157039744,1.0,20.0,0.0,2048.0,1.0,2.0,classical,0.016555898761720034,0.005334833724191412,0.0,0.0,0.0426786697935313,0.0,0.005590905742952601,0.0,-0.01712394889091528,-0.02460969740920701,,,
exp7,qaoa,7,joint_bo,60.0,72.0,379.7096587143677,3.0,40.0,1.0,2048.0,1.0,0.0,classical,0.016555898761720034,0.005506479210453108,0.0,0.0,0.044051833683624864,0.0,0.005770790212554857,0.0,-0.01714241649920994,-0.024629314659933906,,,
exp7,qaoa,7,joint_mf,60.0,72.72000000000014,40.63213316863122,1.0,80.0,0.0,512.0,1.0,0.0,classical,0.016555898761720034,0.005373665917431936,0.0,0.0,0.042989327339455485,0.0,0.005631601881468668,0.0,-0.017128064687331957,-0.024614079444266013,,,
exp7,qaoa,8,random,10.0,24.0,21.63940343165512,1.0,80.0,1.0,512.0,0.0,0.0,classical,0.06450418858972079,0.005368541227653623,0.0,0.0,0.04294832982122898,0.0,0.005626231206580996,0.0,-0.06517367318625884,-0.20888062084601453,,,
exp7,qaoa,8,joint_bo,10.0,24.0,63.306040741911936,2.0,80.0,1.0,512.0,0.0,0.0,qpu_B,0.051613040813686485,0.7754663557687502,0.15,0.0,5.5120000000000005,0.0005120000000000001,0.8341383557687502,0.0,-0.46324176395905586,-2.104853609939869,,,
exp7,qaoa,8,joint_mf,10.0,24.0,80.81979663432577,1.0,20.0,0.0,2048.0,1.0,0.0,local_sim,0.0,1.9760800000000007,0.7,0.0,15.808640000000006,0.0,2.07093184,0.0,-1.6330891312185538,-2.311875433766122,,,
exp7,qaoa,8,random,60.0,72.0,375.37736996041235,1.0,80.0,1.0,2048.0,1.0,1.0,remote_sim,0.0,0.10508400831768536,0.0,0.0,1.256144,5.024576000000001e-08,0.11262338460568537,0.0,-0.014879636475759971,-0.019267600457713804,,,
exp7,qaoa,8,joint_bo,60.0,72.0,336.37783470230795,1.0,20.0,1.0,2048.0,0.0,0.0,remote_sim,0.0,0.06508400831768538,0.0,0.0,1.256144,5.024576000000001e-08,0.07262338460568533,0.0,-0.012069318727491592,-0.014863328673892083,,,
exp7,qaoa,8,joint_mf,60.0,72.72000000000014,331.5063495570701,2.0,80.0,1.0,2048.0,0.0,1.0,local_sim,0.0,0.24660800000000002,0.0,0.0,1.9728640000000002,0.0,0.25844518400000005,0.0,-0.02916335498162423,-0.04005917470020535,,,
exp7,qaoa,9,random,10.0,24.0,318.4468761892644,2.0,20.0,0.0,512.0,1.0,1.0,classical,0.07235210489237658,0.005348792066797614,0.0,0.1,0.04279033653438091,0.0,0.0056055340860039,0.0,-0.5729525739164502,-0.7291301244271722,,,
exp7,qaoa,9,joint_bo,10.0,24.0,48.53143247294683,1.0,20.0,1.0,2048.0,1.0,1.0,local_sim,0.0,0.148304,0.0,0.0,1.186432,0.0,0.15542259199999997,0.0,-0.016281050295612078,-0.024089239698129348,,,
exp7,qaoa,9,joint_mf,10.0,24.0,9.041167902721646,2.0,20.0,1.0,2048.0,1.0,2.0,remote_sim,0.0,0.2370380657220778,0.0,0.0,1.2622880000000003,5.049152e-08,0.24461431829807787,0.0,-0.022395463451127466,-0.034424599099012264,,,
exp7,qaoa,9,random,60.0,72.0,300.08657817046964,3.0,80.0,1.0,128.0,0.0,2.0,classical,0.07235210489237658,0.005850583052961156,0.0,0.1,0.046804664423689246,0.0,0.006131411039503291,0.0,-0.5730070658130291,-0.7291512499202324,,,
exp7,qaoa,9,joint_bo,60.0,72.0,130.82384793303783,3.0,20.0,0.0,512.0,1.0,2.0,classical,0.07235210489237658,0.005430072749732062,0.0,0.1,0.0434405819978565,0.0,0.005690716241719201,0.0,-0.5729654319684636,-0.7291445783342102,,,
exp7,qaoa,9,joint_mf,60.0,72.72000000000014,102.01131889384946,1.0,20.0,1.0,2048.0,1.0,0.0,remote_sim,0.0,0.04701348972207779,0.0,0.0,1.256144,5.024576000000001e-08,0.054552866010077805,0.0,-0.010618564960480416,-0.013574705765428456,,,
exp7,qaoa,10,random,10.0,24.0,27.76297594455022,3.0,20.0,1.0,2048.0,1.0,0.0,local_sim,0.003736840147316011,0.30491199999999996,0.0,0.0,2.4392959999999997,0.0,0.31954777600000006,0.0,-0.038218730227176874,-0.04938414808632583,,,
exp7,qaoa,10,joint_bo,10.0,24.0,3.972957470799505,3.0,20.0,0.0,2048.0,1.0,0.0,classical,0.06990408798997225,0.0053458229813259095,0.0,0.0,0.042766583850607276,0.0,0.005602422484429553,0.0,-0.07053768881969336,-0.10816661310229389,,,
exp7,qaoa,10,joint_mf,10.0,24.0,3.2201111730239154,2.0,20.0,1.0,2048.0,0.0,1.0,classical,0.06990408798997225,0.00535644797491841,0.0,0.0,0.04285158379934728,0.0,0.005613557477714494,0.0,-0.07053795722718074,-0.10813673182476476,,,
exp7,qaoa,10,random,60.0,72.0,248.30394818659852,2.0,20.0,1.0,512.0,0.0,1.0,remote_sim,0.026157881031212075,0.09131878130571022,0.0,0.0,1.2622880000000003,5.049152e-08,0.09889503388171024,0.0,-0.039903533711841035,-0.08822034958891722,,,
exp7,qaoa,10,joint_bo,60.0,72.0,176.7803439508849,2.0,20.0,1.0,2048.0,0.0,1.0,classical,0.06990408798997225,0.005495104705914855,0.0,0.0,0.04396083764731884,0.0,0.005758869731798768,0.0,-0.07055340845754068,-0.10815439842828381,,,
exp7,qaoa,10,joint_mf,60.0,72.72000000000014,17.393888682371394,3.0,80.0,1.0,2048.0,0.0,0.0,remote_sim,0.004810390558196685,0.10345239197900344,0.0,0.0,1.2684320000000002,5.073728e-08,0.11106552084300345,0.05,-0.019179085521903567,-0.013918871183492136,,,
exp7,qaoa,11,random,10.0,24.0,13.176701162424573,2.0,80.0,1.0,512.0,0.0,1.0,classical,0.01268773082537652,0.005448874726425856,0.0,0.0,0.04359099781140685,0.0,0.005710420713294298,0.0,-0.013284701149131658,-0.043389613190610805,,,
exp7,qaoa,11,joint_bo,10.0,24.0,76.5621981080912,1.0,80.0,1.0,2048.0,0.0,0.0,qpu_B,0.0,1.141272558158922,0.4,0.0,7.048,0.0020480000000000003,1.2859605581589217,0.0,-1.0239951653411896,-2.248104857755461,,,
exp7,qaoa,11,joint_mf,10.0,24.0,127.97325478984594,1.0,80.0,1.0,128.0,0.0,2.0,qpu_B,0.13191607236804703,1.105776062843486,0.45,0.25,5.128,0.00012800000000000002,1.142944062843486,0.0,-2.3963022953341353,-7.399238435112538,,,
exp7,qaoa,11,random,60.0,72.0,271.14855959175117,1.0,40.0,0.0,128.0,0.0,2.0,classical,0.01268773082537652,0.0056088127312250435,0.0,0.0,0.04487050184980035,0.0,0.005878035742323846,0.0,-0.013301763672776343,-0.04341491681740734,,,
exp7,qaoa,11,joint_bo,60.0,72.0,120.74362276505613,3.0,20.0,1.0,2048.0,1.0,1.0,remote_sim,0.0,0.0984979033223615,0.0,0.0,1.2684320000000002,5.073728e-08,0.10611103218636146,0.0,-0.012600352300985804,-0.01686272019783734,,,
exp7,qaoa,11,joint_mf,60.0,72.72000000000014,245.8595351924526,3.0,80.0,1.0,128.0,1.0,2.0,classical,0.01268773082537652,0.005885323422262445,0.0,0.0,0.04708258737809956,0.0,0.006167818946531043,0.0,-0.013333580502138962,-0.04344740816130571,,,
exp8,qaoa,0,,,24.0,,,,,,,,,,,,,,,,,,,6.0,0.0036709513321208456,0.5281219169264659
exp8,qaoa,1,,,24.0,,,,,,,,,,,,,,,,,,,6.0,0.001078989579885577,0.025988916982896626
exp8,qaoa,2,,,24.0,,,,,,,,,,,,,,,,,,,6.0,0.001090593752451241,0.031659499974921346
exp8,qaoa,3,,,24.0,,,,,,,,,,,,,,,,,,,6.0,0.001093256917859738,0.017581333057023585
exp8,qaoa,0,,,24.0,,,,,,,,,,,,,,,,,,,8.0,0.005760975667120268,0.021445207996293902
exp8,qaoa,1,,,24.0,,,,,,,,,,,,,,,,,,,8.0,0.0015243472492632766,0.022427082993090153
exp8,qaoa,2,,,24.0,,,,,,,,,,,,,,,,,,,8.0,0.001618548665040483,0.2823896670015529
exp8,qaoa,3,,,24.0,,,,,,,,,,,,,,,,,,,8.0,0.0015239617496263236,0.6016299170441926
exp8,qaoa,0,,,24.0,,,,,,,,,,,,,,,,,,,9.0,0.007829791662516072,0.3630763749824837
exp8,qaoa,1,,,24.0,,,,,,,,,,,,,,,,,,,9.0,0.002005628504169484,0.7831140419002622
exp8,qaoa,2,,,24.0,,,,,,,,,,,,,,,,,,,9.0,0.002060006915902098,0.018064207979477942
exp8,qaoa,3,,,24.0,,,,,,,,,,,,,,,,,,,9.0,0.0020423263291983553,0.03505691699683666
exp8,qaoa,0,,,24.0,,,,,,,,,,,,,,,,,,,12.0,0.008011861083408197,0.020607124897651374
exp8,qaoa,1,,,24.0,,,,,,,,,,,,,,,,,,,12.0,0.00798085067071952,0.2488601669901982
exp8,qaoa,2,,,24.0,,,,,,,,,,,,,,,,,,,12.0,0.007972579915076494,0.10156054201070219
exp8,qaoa,3,,,24.0,,,,,,,,,,,,,,,,,,,12.0,0.008113826411621025,0.14553620805963874
