experiment,workload,seed,method,fidelity,quality_loss,delay_s,deadline_miss,infeasible,energy_j,money,cost_scalar,realized_fail,utility,utility_p10
exp10,qaoa,0,random,3,0.0683137051478892,0.005382531526265666,0.0,0.0,0.04306025221012533,0.0,0.005640893039526418,0.0,-0.06892788290936726,-0.1326002951439978
exp10,qaoa,0,random,4,0.0683137051478892,0.00521857276908122,0.0,0.0,0.04174858215264976,0.0,0.005469064261997119,0.0,-0.06891179908570697,-0.13248742843702635
exp10,qaoa,0,sequential,3,0.06663036837100919,0.09978678043901802,0.0,0.0,1.2622880000000003,5.049152e-08,0.10736303301501801,0.0,-0.08155480200561985,-0.20548063012038179
exp10,qaoa,0,sequential,4,0.06663036837100919,0.09978678043901802,0.0,0.0,1.2622880000000003,5.049152e-08,0.10736303301501801,0.0,-0.08155480200561985,-0.20548063012038179
exp10,qaoa,0,joint_bo,3,0.06663036837100919,0.30491199999999996,0.0,0.0,2.4392959999999997,0.0,0.31954777600000006,0.0,-0.10354320338629723,-0.2303366163259177
exp10,qaoa,0,joint_bo,4,0.06663036837100919,0.30491199999999996,0.0,0.0,2.4392959999999997,0.0,0.31954777600000006,0.0,-0.10354320338629723,-0.2303366163259177
exp10,qaoa,0,joint_mf,3,0.0,0.059665203949076,0.0,0.0,1.2684320000000002,5.073728e-08,0.067278332813076,0.0,-0.011316912534034693,-0.013704214483840634
exp10,qaoa,0,joint_mf,4,0.0,0.059665203949076,0.0,0.0,1.2684320000000002,5.073728e-08,0.067278332813076,0.0,-0.011316912534034693,-0.013704214483840634
exp10,qaoa,0,accuracy_only,3,0.09851425797892265,2.7512637246991383,0.55,0.0,5.384,0.001152,2.8411677246991376,0.0,-1.4771803461589657,-2.68774452049959
exp10,qaoa,0,accuracy_only,4,0.11041496429230566,3.0512450562603357,0.65,0.0,5.384,0.001152,3.1411490562603346,0.0,-1.6780111040939585,-2.681234492557535
exp10,qaoa,0,hand_designed,3,0.011529996549130037,9.229097450399443,1.0,0.9,220.48000000000002,0.061439999999999995,13.623977450399442,0.1,-11.508814203780538,-12.644593203265055
exp10,qaoa,0,hand_designed,4,0.023059993098260075,9.086403382685521,0.95,0.7,220.48000000000002,0.061439999999999995,13.481283382685518,0.05,-10.462246833763631,-12.258850159785261
exp10,qaoa,0,always_simulator,3,0.005764998274565019,3.982159999999999,0.8,0.0,31.857279999999992,0.0,4.173303680000001,0.0,-2.0810144907013166,-2.6101407436407262
exp10,qaoa,0,always_simulator,4,0.005764998274565019,3.982159999999999,0.8,0.0,31.857279999999992,0.0,4.173303680000001,0.0,-2.0810144907013166,-2.6101407436407262
exp10,qaoa,0,classical_only,3,0.0683137051478892,0.005807635025121272,0.0,0.0,0.04646108020097017,0.0,0.006086401506327092,0.0,-0.06898516673014984,-0.13272035648994268
exp10,qaoa,0,classical_only,4,0.0683137051478892,0.005695655738236383,0.0,0.0,0.04556524590589106,0.0,0.0059690472136717295,0.0,-0.06897189511921338,-0.13284030410984396
exp10,qaoa,0,oracle_placement,3,0.0683137051478892,0.00575271897832863,0.0,0.0,0.04602175182662904,0.0,0.006028849489288405,0.0,-0.06897859192371522,-0.13260201538335734
exp10,qaoa,0,oracle_placement,4,0.0683137051478892,0.006010895041981712,0.0,0.0,0.048087160335853696,0.0,0.006299418003996834,0.0,-0.0690018944200568,-0.13276722137606975
exp10,qaoa,1,random,3,0.053995897697301364,0.0057919057726394385,0.0,0.0,0.04633524618111551,0.0,0.0060699172497261315,0.0,-0.05476719871156112,-0.17637753263247957
exp10,qaoa,1,random,4,0.053995897697301364,0.0059475724992807955,0.0,0.0,0.047580579994246364,0.0,0.006233055979246274,0.0,-0.05478821096895074,-0.1765786168984034
exp10,qaoa,1,sequential,3,0.0737635579828432,23.79296,1.0,0.4,190.34368,0.0,24.935022080000003,0.0,-6.773273164720775,-9.831419608846685
exp10,qaoa,1,sequential,4,0.0737635579828432,23.79296,1.0,0.4,190.34368,0.0,24.935022080000003,0.0,-6.773273164720775,-9.831419608846685
exp10,qaoa,1,joint_bo,3,0.04801023743244635,0.12885541164862366,0.05,0.0,1.2684320000000002,5.073728e-08,0.13646854051262367,0.05,-0.16240237824590706,-0.23673432084012025
exp10,qaoa,1,joint_bo,4,0.04801023743244635,0.12885717213932799,0.05,0.0,1.2684320000000002,5.073728e-08,0.136470301003328,0.05,-0.16240243715832997,-0.23673432084012025
exp10,qaoa,1,joint_mf,3,0.053995897697301364,0.005296687711961567,0.0,0.0,0.04237350169569254,0.0,0.005550928722135723,0.0,-0.054700438205397175,-0.17629599646704988
exp10,qaoa,1,joint_mf,4,0.053995897697301364,0.005294791713822633,0.0,0.0,0.042358333710581064,0.0,0.00554894171608612,0.0,-0.05470047200800696,-0.17630204830191232
exp10,qaoa,1,accuracy_only,3,0.0,0.39660799999999996,0.05,0.0,3.1728639999999997,0.0,0.415645184,0.0,-0.142703654970968,-0.061457150087523824
exp10,qaoa,1,accuracy_only,4,0.0,0.39660799999999996,0.05,0.0,3.1728639999999997,0.0,0.415645184,0.0,-0.142703654970968,-0.061457150087523824
exp10,qaoa,1,hand_designed,3,0.007583184703934388,7.76821915239545,0.8,0.85,220.48000000000002,0.061439999999999995,12.16309915239545,0.1,-10.745993303782294,-12.112348009748654
exp10,qaoa,1,hand_designed,4,0.039671806860967114,7.986649598397236,1.0,0.6,220.48000000000002,0.061439999999999995,12.381529598397236,0.2,-9.946008761592827,-12.12378585089047
exp10,qaoa,1,always_simulator,3,0.003791592351967194,3.982159999999999,0.8,0.0,31.857279999999992,0.0,4.173303680000001,0.0,-2.089969301599833,-2.5799188803162
exp10,qaoa,1,always_simulator,4,0.003791592351967194,3.982159999999999,0.8,0.0,31.857279999999992,0.0,4.173303680000001,0.0,-2.089969301599833,-2.5799188803162
exp10,qaoa,1,classical_only,3,0.053995897697301364,0.005204624583711848,0.0,0.0,0.04163699666969478,0.0,0.0054544465637300175,0.0,-0.05468729595437281,-0.17627267264725166
exp10,qaoa,1,classical_only,4,0.053995897697301364,0.005278646276565269,0.0,0.0,0.04222917021252215,0.0,0.0055320212978404015,0.0,-0.054698826133958024,-0.17630612565474146
exp10,qaoa,1,oracle_placement,3,0.053995897697301364,0.005048042279668152,0.0,0.0,0.04038433823734522,0.0,0.005290348309092224,0.0,-0.05466765887501761,-0.17626261146894093
exp10,qaoa,1,oracle_placement,4,0.053995897697301364,0.005153206875547767,0.0,0.0,0.041225655004382133,0.0,0.005400560805574059,0.0,-0.05468163380459669,-0.17628393314595847
exp10,qaoa,2,random,3,0.0,0.037282549541353543,0.0,0.0,1.2684320000000002,5.073728e-08,0.044895678405353544,0.0,-0.010291062330998394,-0.011423242264780267
exp10,qaoa,2,random,4,0.0,0.037282549541353543,0.0,0.0,1.2684320000000002,5.073728e-08,0.044895678405353544,0.0,-0.010291062330998394,-0.011423242264780267
exp10,qaoa,2,sequential,3,0.012359719447955535,16.33957801281975,1.0,1.0,261.43999999999994,0.18432,27.12421801281975,0.05,-18.84623353590316,-19.229204491486307
exp10,qaoa,2,sequential,4,0.03083281891906762,16.13697789676632,1.0,1.0,261.43999999999994,0.18432,26.92161789676632,0.1,-19.014828228606863,-19.61886292258048
exp10,qaoa,2,joint_bo,3,0.02471943889591107,0.005380677554057911,0.0,0.0,0.04304542043246329,0.0,0.005638950076652691,0.0,-0.025281719023258126,-0.027696681257072923
exp10,qaoa,2,joint_bo,4,0.02471943889591107,0.005186531197978184,0.0,0.0,0.04149224958382547,0.0,0.005435484695481137,0.0,-0.025262123785350483,-0.027657940045477433
exp10,qaoa,2,joint_mf,3,0.0,0.037257973541353545,0.0,0.0,1.2622880000000003,5.049152e-08,0.04483422611735355,0.0,-0.010252423455064975,-0.011383531554478033
exp10,qaoa,2,joint_mf,4,0.0,0.037257973541353545,0.0,0.0,1.2622880000000003,5.049152e-08,0.04483422611735355,0.0,-0.010252423455064975,-0.011383531554478033
exp10,qaoa,2,accuracy_only,3,0.0,3.717552835291003,0.7,0.15,11.144000000000002,0.018432,4.706016835291004,0.0,-3.413815731321688,-6.287790671328969
exp10,qaoa,2,accuracy_only,4,0.0,4.032180266771851,0.75,0.0,11.144000000000002,0.018432,5.020644266771851,0.0,-2.783845435233235,-3.518186808671567
exp10,qaoa,2,hand_designed,3,0.013065143401146413,8.689319146742868,1.0,0.75,220.48000000000002,0.061439999999999995,13.08419914674287,0.05,-10.75132921190769,-12.299400606196935
exp10,qaoa,2,hand_designed,4,0.0002821695812763505,7.950533430118488,0.9,0.85,220.48000000000002,0.061439999999999995,12.345413430118487,0.0,-10.998430127947593,-12.359170653995161
exp10,qaoa,2,always_simulator,3,0.00014108479063817524,3.982159999999999,0.85,0.0,31.857279999999992,0.0,4.173303680000001,0.0,-2.1270975040012674,-2.5618702409548737
exp10,qaoa,2,always_simulator,4,0.00014108479063817524,3.982159999999999,0.85,0.0,31.857279999999992,0.0,4.173303680000001,0.0,-2.1270975040012674,-2.5618702409548737
exp10,qaoa,2,classical_only,3,0.02471943889591107,0.005111291335197166,0.0,0.0,0.040890330681577325,0.0,0.00535663331928663,0.0,-0.025254457882794613,-0.027642092539755348
exp10,qaoa,2,classical_only,4,0.02471943889591107,0.0053561144741252065,0.0,0.0,0.04284891579300165,0.0,0.005613207968883217,0.0,-0.025276018764593122,-0.027685394459059355
exp10,qaoa,2,oracle_placement,3,0.0,0.03560894837310394,0.0,0.0,1.2622880000000003,5.049152e-08,0.04318520094910395,0.0,-0.009516266495223458,-0.010924923317670615
exp10,qaoa,2,oracle_placement,4,0.0,0.03560894837310394,0.0,0.0,1.2622880000000003,5.049152e-08,0.04318520094910395,0.0,-0.009516266495223458,-0.010924923317670615
exp10,qaoa,3,random,3,0.004434574453239361,0.05158251120845694,0.0,0.0,1.2684320000000002,5.073728e-08,0.05919564007245694,0.0,-0.01558123863808169,-0.019266874317409338
exp10,qaoa,3,random,4,0.004434574453239361,0.05158251120845694,0.0,0.0,1.2684320000000002,5.073728e-08,0.05919564007245694,0.0,-0.01558123863808169,-0.019266874317409338
exp10,qaoa,3,sequential,3,0.0,0.051906684445127214,0.0,0.0,1.2622880000000003,5.049152e-08,0.059482937021127204,0.0,-0.010958764163796542,-0.01236145027882221
exp10,qaoa,3,sequential,4,0.0,0.051906684445127214,0.0,0.0,1.2622880000000003,5.049152e-08,0.059482937021127204,0.0,-0.010958764163796542,-0.01236145027882221
exp10,qaoa,3,joint_bo,3,0.06941228622115993,0.005484364344738424,0.0,0.1,0.04387491475790739,0.0,0.005747613833285868,0.0,-0.5700946689378362,-0.6983896287130607
exp10,qaoa,3,joint_bo,4,0.06941228622115993,0.005229239439358935,0.0,0.1,0.04183391551487148,0.0,0.005480242932448164,0.0,-0.5700625996508281,-0.6983470164279847
exp10,qaoa,3,joint_mf,3,0.06941228622115993,0.005097124201711267,0.0,0.1,0.04077699361369014,0.0,0.0053417861633934085,0.0,-0.5700487969797053,-0.6983425803413479
exp10,qaoa,3,joint_mf,4,0.06941228622115993,0.005194791447138414,0.0,0.1,0.04155833157710731,0.0,0.005444141436601057,0.0,-0.5700616838014722,-0.698319791240167
exp10,qaoa,3,accuracy_only,3,0.06941228622115993,0.005172739445697516,0.0,0.1,0.04138191556558013,0.0,0.005421030939090997,0.0,-0.5700581201547614,-0.698317522535564
exp10,qaoa,3,accuracy_only,4,0.06941228622115993,0.005351561936549842,0.0,0.1,0.04281249549239874,0.0,0.005608436909504235,0.0,-0.5700795597809135,-0.6983602049053312
exp10,qaoa,3,hand_designed,3,0.03192894324683194,7.266639847256054,0.95,0.75,220.48000000000002,0.061439999999999995,11.661519847256052,0.15,-10.644313366945578,-12.366102804064631
exp10,qaoa,3,hand_designed,4,0.011086436133098404,7.061838357998129,0.9,0.75,220.48000000000002,0.061439999999999995,11.456718357998128,0.05,-10.414234474641214,-12.085167218422566
exp10,qaoa,3,always_simulator,3,0.004434574453239361,3.982159999999999,0.75,0.0,31.857279999999992,0.0,4.173303680000001,0.0,-1.9071205425117514,-2.5280180570325985
exp10,qaoa,3,always_simulator,4,0.004434574453239361,3.982159999999999,0.75,0.0,31.857279999999992,0.0,4.173303680000001,0.0,-1.9071205425117514,-2.5280180570325985
exp10,qaoa,3,classical_only,3,0.06941228622115993,0.005126406264025718,0.0,0.1,0.041011250112205744,0.0,0.005372473764698953,0.0,-0.5700541428576409,-0.6983077143746268
exp10,qaoa,3,classical_only,4,0.06941228622115993,0.005351782077923417,0.0,0.1,0.04281425662338734,0.0,0.00560866761766374,0.0,-0.5700772738340041,-0.6983658189132259
exp10,qaoa,3,oracle_placement,3,0.06941228622115993,0.005450501310406253,0.0,0.1,0.04360401048325002,0.0,0.005712125373305753,0.0,-0.5700922941421497,-0.6983614030224947
exp10,qaoa,3,oracle_placement,4,0.06941228622115993,0.005405458447057754,0.0,0.1,0.04324366757646203,0.0,0.005664920452516526,0.0,-0.5700860338937199,-0.6983797026942714
exp10,qaoa,4,random,3,0.05042492122710622,0.24660800000000002,0.05,0.05,1.9728640000000002,0.0,0.25844518400000005,0.0,-0.4306459370005542,-0.2871987632648873
exp10,qaoa,4,random,4,0.05042492122710622,0.24660800000000002,0.05,0.05,1.9728640000000002,0.0,0.25844518400000005,0.0,-0.4306459370005542,-0.2871987632648873
exp10,qaoa,4,sequential,3,0.05568648905199882,0.005222770705586299,0.0,0.0,0.041782165644690394,0.0,0.005473463699454442,0.0,-0.05629309706289084,-0.28510502137212057
exp10,qaoa,4,sequential,4,0.05568648905199882,0.005240697006229311,0.0,0.0,0.04192557604983449,0.0,0.005492250462528318,0.0,-0.0562942153719969,-0.28510496116098244
exp10,qaoa,4,joint_bo,3,0.05568648905199882,0.005290312779834494,0.0,0.0,0.04232250223867595,0.0,0.00554424779326655,0.0,-0.05629825453656345,-0.28511660026355484
exp10,qaoa,4,joint_bo,4,0.05568648905199882,0.005114031519042328,0.0,0.0,0.040912252152338624,0.0,0.00535950503195636,0.0,-0.05627945943075737,-0.2851005698972365
exp10,qaoa,4,joint_mf,3,0.05568648905199882,0.005074343440355733,0.0,0.0,0.040594747522845864,0.0,0.005317911925492808,0.0,-0.05627471840092747,-0.28512549172044793
exp10,qaoa,4,joint_mf,4,0.05568648905199882,0.005068040976766497,0.0,0.0,0.040544327814131975,0.0,0.005311306943651289,0.0,-0.056276361020319,-0.2850861603423339
exp10,qaoa,4,accuracy_only,3,0.015559393952587219,37.17264523906452,1.0,1.0,563.84,0.49151999999999996,65.13168523906452,0.2,-38.01468329893076,-39.31691312528076
exp10,qaoa,4,accuracy_only,4,0.002189102908080245,37.171855281275676,1.0,1.0,563.84,0.49151999999999996,65.13089528127568,0.25,-37.558000190316584,-38.7317877172831
exp10,qaoa,4,hand_designed,3,0.0021245199191804688,6.753801817855695,1.0,0.7,220.48000000000002,0.061439999999999995,11.148681817855692,0.1,-10.375721705821086,-12.142799879741418
exp10,qaoa,4,hand_designed,4,0.0063735597575414055,6.6672152438562025,0.9,0.75,220.48000000000002,0.061439999999999995,11.062095243856202,0.05,-10.407003154107139,-12.045066576061641
exp10,qaoa,4,always_simulator,3,0.0016418271810601838,3.982159999999999,0.9,0.0,31.857279999999992,0.0,4.173303680000001,0.0,-2.2209886152829768,-2.5669950695507224
exp10,qaoa,4,always_simulator,4,0.0016418271810601838,3.982159999999999,0.9,0.0,31.857279999999992,0.0,4.173303680000001,0.0,-2.2209886152829768,-2.5669950695507224
exp10,qaoa,4,classical_only,3,0.05568648905199882,0.005276844167383388,0.0,0.0,0.0422147533390671,0.0,0.005530132687417791,0.0,-0.05629997230523863,-0.2851098603295142
exp10,qaoa,4,classical_only,4,0.05568648905199882,0.0052587082027457654,0.0,0.0,0.042069665621966124,0.0,0.005511126196477562,0.0,-0.05629628651905115,-0.2851027446674189
exp10,qaoa,4,oracle_placement,3,0.05568648905199882,0.005128290998982266,0.0,0.0,0.041026327991858125,0.0,0.005374448966933414,0.0,-0.05628191258674966,-0.28508669461482394
exp10,qaoa,4,oracle_placement,4,0.05568648905199882,0.005133562721312046,0.0,0.0,0.04106850177049637,0.0,0.0053799737319350244,0.0,-0.05628228282415848,-0.2850982088210943
exp10,qaoa,5,random,3,0.0,0.24660800000000002,0.05,0.0,1.9728640000000002,0.0,0.25844518400000005,0.0,-0.12491744148830182,-0.03854034371901456
exp10,qaoa,5,random,4,0.0,0.24660800000000002,0.05,0.0,1.9728640000000002,0.0,0.25844518400000005,0.0,-0.12491744148830182,-0.03854034371901456
exp10,qaoa,5,sequential,3,0.0728566423596886,0.043395465037610895,0.0,0.45,1.2684320000000002,5.073728e-08,0.051008593901610874,0.0,-2.332759916292907,-5.1228869531617525
exp10,qaoa,5,sequential,4,0.0728566423596886,0.043395465037610895,0.0,0.45,1.2684320000000002,5.073728e-08,0.051008593901610874,0.0,-2.332759916292907,-5.1228869531617525
exp10,qaoa,5,joint_bo,3,0.0,0.046048332022211626,0.0,0.0,1.2622880000000003,5.049152e-08,0.053624584598211636,0.0,-0.009924007988799565,-0.011400163980111776
exp10,qaoa,5,joint_bo,4,0.0,0.046048332022211626,0.0,0.0,1.2622880000000003,5.049152e-08,0.053624584598211636,0.0,-0.009924007988799565,-0.011400163980111776
exp10,qaoa,5,joint_mf,3,0.0,0.08607290802221164,0.0,0.0,1.2684320000000002,5.073728e-08,0.09368603688621162,0.0,-0.012083815243921903,-0.015710525215184196
exp10,qaoa,5,joint_mf,4,0.0,0.08607290802221164,0.0,0.0,1.2684320000000002,5.073728e-08,0.09368603688621162,0.0,-0.012083815243921903,-0.015710525215184196
exp10,qaoa,5,accuracy_only,3,0.003099370989175107,1.491134507972336,0.35,0.05,50.73728000000001,2.029491200000001e-06,1.795659662532336,0.1,-1.3496555296233903,-2.4829627582052467
exp10,qaoa,5,accuracy_only,4,0.003099370989175107,1.4911439771655095,0.35,0.05,50.73728000000001,2.029491200000001e-06,1.7956691317255096,0.1,-1.3496560440051968,-2.4829813926578366
exp10,qaoa,5,hand_designed,3,0.014255320790185298,11.950951410302933,0.95,0.8,220.48000000000002,0.061439999999999995,16.34583141030293,0.05,-11.225859149169482,-12.560450834467384
exp10,qaoa,5,hand_designed,4,0.009298112967525321,10.774018382509905,1.0,0.8,220.48000000000002,0.061439999999999995,15.168898382509905,0.05,-11.04057403667804,-12.304825281143042
exp10,qaoa,5,always_simulator,3,0.003099370989175107,3.982159999999999,0.85,0.0,31.857279999999992,0.0,4.173303680000001,0.0,-2.170089907651402,-2.569161759399848
exp10,qaoa,5,always_simulator,4,0.003099370989175107,3.982159999999999,0.85,0.0,31.857279999999992,0.0,4.173303680000001,0.0,-2.170089907651402,-2.569161759399848
exp10,qaoa,5,classical_only,3,0.04598828716567185,0.005481218366185203,0.0,0.3,0.043849746929481626,0.0,0.005744316847762093,0.0,-1.5466213378315221,-5.10077218299201
exp10,qaoa,5,classical_only,4,0.04598828716567185,0.005341686948668212,0.0,0.3,0.042733495589345694,0.0,0.005598087922204287,0.0,-1.546607791538018,-5.100776018271473
exp10,qaoa,5,oracle_placement,3,0.0,0.046048332022211626,0.0,0.0,1.2622880000000003,5.049152e-08,0.053624584598211636,0.0,-0.009924007988799565,-0.011400163980111776
exp10,qaoa,5,oracle_placement,4,0.0,0.046048332022211626,0.0,0.0,1.2622880000000003,5.049152e-08,0.053624584598211636,0.0,-0.009924007988799565,-0.011400163980111776
exp10,vqc,0,random,3,0.371875,0.09704416368158893,0.0,0.0,0.00019199999999999998,7.68e-12,0.09704531606558893,0.05,-0.3781674603725415,-0.39330388929524496
exp10,vqc,0,random,4,0.371875,0.09704416368158893,0.0,0.0,0.00019199999999999998,7.68e-12,0.09704531606558893,0.05,-0.3781674603725415,-0.39330388929524496
exp10,vqc,0,sequential,3,0.18124999999999997,0.0007679999999999999,0.0,0.0,0.006143999999999999,0.0,0.0008048640000000001,0.0,-0.18132958627599427,-0.20006590417066988
exp10,vqc,0,sequential,4,0.18124999999999997,0.0007679999999999999,0.0,0.0,0.006143999999999999,0.0,0.0008048640000000001,0.0,-0.18132958627599427,-0.20006590417066988
exp10,vqc,0,joint_bo,3,0.21125,0.046282067010505676,0.0,0.0,2.3999999999999997e-05,9.6e-13,0.046282211058505676,0.0,-0.21382494057872742,-0.24212894222553594
exp10,vqc,0,joint_bo,4,0.21125,0.046282067010505676,0.0,0.0,2.3999999999999997e-05,9.6e-13,0.046282211058505676,0.0,-0.21382494057872742,-0.24212894222553594
exp10,vqc,0,joint_mf,3,0.20812499999999998,0.04628203501050567,0.0,0.0,1.6000000000000003e-05,6.400000000000002e-13,0.04628213104250567,0.0,-0.21069989078263252,-0.22817719846928722
exp10,vqc,0,joint_mf,4,0.20812499999999998,0.04628203501050567,0.0,0.0,1.6000000000000003e-05,6.400000000000002e-13,0.04628213104250567,0.0,-0.21069989078263252,-0.22817719846928722
exp10,vqc,0,accuracy_only,3,0.3875,0.0010000000000000002,0.0,0.0,0.008000000000000002,0.0,0.001048,0.0,-0.38759764523778273,-0.3876467940384664
exp10,vqc,0,accuracy_only,4,0.3875,0.0010000000000000002,0.0,0.0,0.008000000000000002,0.0,0.001048,0.0,-0.38759764523778273,-0.3876467940384664
exp10,vqc,0,hand_designed,3,0.22062500000000002,0.22645625342098902,0.0,0.0,5.5120000000000005,0.0015359999999999998,0.33632825342098904,0.0,-0.3429220472030769,-0.3553273974172557
exp10,vqc,0,hand_designed,4,0.20687499999999998,0.22725238462877498,0.0,0.0,5.5120000000000005,0.0015359999999999998,0.337124384628775,0.0,-0.33418858586736255,-0.3529958587646736
exp10,vqc,0,always_simulator,3,0.21187499999999998,0.00025600000000000004,0.0,0.0,0.0020480000000000003,0.0,0.00026828800000000004,0.0,-0.21190152875866475,-0.22502962707088695
exp10,vqc,0,always_simulator,4,0.21187499999999998,0.00025600000000000004,0.0,0.0,0.0020480000000000003,0.0,0.00026828800000000004,0.0,-0.21190152875866475,-0.22502962707088695
exp10,vqc,0,classical_only,3,0.3875,0.0010000000000000002,0.0,0.0,0.008000000000000002,0.0,0.001048,0.0,-0.38759764523778273,-0.3876467940384664
exp10,vqc,0,classical_only,4,0.3875,0.0010000000000000002,0.0,0.0,0.008000000000000002,0.0,0.001048,0.0,-0.38759764523778273,-0.3876467940384664
exp10,vqc,0,oracle_placement,3,0.21125,0.00038399999999999996,0.0,0.0,0.0030719999999999996,0.0,0.00040243200000000004,0.0,-0.21128979313799717,-0.23878835449790764
exp10,vqc,0,oracle_placement,4,0.21125,0.00038399999999999996,0.0,0.0,0.0030719999999999996,0.0,0.00040243200000000004,0.0,-0.21128979313799717,-0.23878835449790764
exp10,vqc,1,random,3,0.11562500000000005,0.0015359999999999998,0.0,0.0,0.012287999999999999,0.0,0.0016097280000000002,0.0,-0.11579410447110797,-0.12522801006029807
exp10,vqc,1,random,4,0.11562500000000005,0.0015359999999999998,0.0,0.0,0.012287999999999999,0.0,0.0016097280000000002,0.0,-0.11579410447110797,-0.12522801006029807
exp10,vqc,1,sequential,3,0.12062499999999998,0.0007679999999999999,0.0,0.0,0.006143999999999999,0.0,0.0008048640000000001,0.0,-0.12070955223555398,-0.13887361116984587
exp10,vqc,1,sequential,4,0.12062499999999998,0.0007679999999999999,0.0,0.0,0.006143999999999999,0.0,0.0008048640000000001,0.0,-0.12070955223555398,-0.13887361116984587
exp10,vqc,1,joint_bo,3,0.12125,0.02305823797498538,0.0,0.0,9.599999999999999e-05,3.84e-12,0.023058814166985377,0.0,-0.12267033499937711,-0.12947485173373266
exp10,vqc,1,joint_bo,4,0.12125,0.02305823797498538,0.0,0.0,9.599999999999999e-05,3.84e-12,0.023058814166985377,0.0,-0.12267033499937711,-0.12947485173373266
exp10,vqc,1,joint_mf,3,0.1375,0.0010000000000000002,0.0,0.0,0.008000000000000002,0.0,0.001048,0.0,-0.1376241591280894,-0.1376606045089182
exp10,vqc,1,joint_mf,4,0.1375,0.0010000000000000002,0.0,0.0,0.008000000000000002,0.0,0.001048,0.0,-0.1376241591280894,-0.1376606045089182
exp10,vqc,1,accuracy_only,3,0.1375,0.0010000000000000002,0.0,0.0,0.008000000000000002,0.0,0.001048,0.0,-0.1376241591280894,-0.1376606045089182
exp10,vqc,1,accuracy_only,4,0.1375,0.0010000000000000002,0.0,0.0,0.008000000000000002,0.0,0.001048,0.0,-0.1376241591280894,-0.1376606045089182
exp10,vqc,1,hand_designed,3,0.24749999999999997,0.2220614753184628,0.05,0.0,5.5120000000000005,0.0015359999999999998,0.3319334753184628,0.0,-0.47293989621066135,-0.3892122435400278
exp10,vqc,1,hand_designed,4,0.23874999999999996,0.20400446224436797,0.0,0.0,5.5120000000000005,0.0015359999999999998,0.31387646224436805,0.0,-0.3612682581609609,-0.3862238261699403
exp10,vqc,1,always_simulator,3,0.25437499999999996,0.00025600000000000004,0.0,0.0,0.0020480000000000003,0.0,0.00026828800000000004,0.0,-0.25440460053212416,-0.26252927043144475
exp10,vqc,1,always_simulator,4,0.25437499999999996,0.00025600000000000004,0.0,0.0,0.0020480000000000003,0.0,0.00026828800000000004,0.0,-0.25440460053212416,-0.26252927043144475
exp10,vqc,1,classical_only,3,0.1375,0.0010000000000000002,0.0,0.0,0.008000000000000002,0.0,0.001048,0.0,-0.1376241591280894,-0.1376606045089182
exp10,vqc,1,classical_only,4,0.1375,0.0010000000000000002,0.0,0.0,0.008000000000000002,0.0,0.001048,0.0,-0.1376241591280894,-0.1376606045089182
exp10,vqc,1,oracle_placement,3,0.12125,0.0015359999999999998,0.0,0.0,0.012287999999999999,0.0,0.0016097280000000002,0.0,-0.12141910447110793,-0.1264913180727636
exp10,vqc,1,oracle_placement,4,0.12125,0.0015359999999999998,0.0,0.0,0.012287999999999999,0.0,0.0016097280000000002,0.0,-0.12141910447110793,-0.1264913180727636
exp10,vqc,2,random,3,0.15,0.0010000000000000002,0.0,0.0,0.008000000000000002,0.0,0.001048,0.0,-0.1501120781442339,-0.15013862396430436
exp10,vqc,2,random,4,0.15,0.0010000000000000002,0.0,0.0,0.008000000000000002,0.0,0.001048,0.0,-0.1501120781442339,-0.15013862396430436
exp10,vqc,2,sequential,3,0.18687499999999999,0.002304,0.0,0.0,0.018432,0.0,0.002414592,0.0,-0.18714808313394046,-0.212711607977988
exp10,vqc,2,sequential,4,0.18687499999999999,0.002304,0.0,0.0,0.018432,0.0,0.002414592,0.0,-0.18714808313394046,-0.212711607977988
exp10,vqc,2,joint_bo,3,0.24187499999999998,0.06915898503730428,0.0,0.0,5.128,0.00012800000000000002,0.10632698503730427,0.0,-0.2829353839521931,-0.3042833945332249
exp10,vqc,2,joint_bo,4,0.248125,0.07138915811461057,0.0,0.0,5.128,0.00012800000000000002,0.10855715811461057,0.0,-0.29018250305286497,-0.3083912576342432
exp10,vqc,2,joint_mf,3,0.15,0.0010000000000000002,0.0,0.0,0.008000000000000002,0.0,0.001048,0.0,-0.1501120781442339,-0.15013862396430436
exp10,vqc,2,joint_mf,4,0.15,0.0010000000000000002,0.0,0.0,0.008000000000000002,0.0,0.001048,0.0,-0.1501120781442339,-0.15013862396430436
exp10,vqc,2,accuracy_only,3,0.15,0.0010000000000000002,0.0,0.0,0.008000000000000002,0.0,0.001048,0.0,-0.1501120781442339,-0.15013862396430436
exp10,vqc,2,accuracy_only,4,0.15,0.0010000000000000002,0.0,0.0,0.008000000000000002,0.0,0.001048,0.0,-0.1501120781442339,-0.15013862396430436
exp10,vqc,2,hand_designed,3,0.23437499999999994,0.26635759441971324,0.0,0.0,5.5120000000000005,0.0015359999999999998,0.3762295944197132,0.05,-0.36443209195321213,-0.37212636775173324
exp10,vqc,2,hand_designed,4,0.215625,0.21484361400881977,0.05,0.0,5.5120000000000005,0.0015359999999999998,0.32471561400881976,0.0,-0.4377171128596723,-0.37424696210020336
exp10,vqc,2,always_simulator,3,0.22000000000000003,0.00025600000000000004,0.0,0.0,0.0020480000000000003,0.0,0.00026828800000000004,0.0,-0.22003038720928267,-0.23754080152783003
exp10,vqc,2,always_simulator,4,0.22000000000000003,0.00025600000000000004,0.0,0.0,0.0020480000000000003,0.0,0.00026828800000000004,0.0,-0.22003038720928267,-0.23754080152783003
exp10,vqc,2,classical_only,3,0.15,0.0010000000000000002,0.0,0.0,0.008000000000000002,0.0,0.001048,0.0,-0.1501120781442339,-0.15013862396430436
exp10,vqc,2,classical_only,4,0.15,0.0010000000000000002,0.0,0.0,0.008000000000000002,0.0,0.001048,0.0,-0.1501120781442339,-0.15013862396430436
exp10,vqc,2,oracle_placement,3,0.15,0.0010000000000000002,0.0,0.0,0.008000000000000002,0.0,0.001048,0.0,-0.1501120781442339,-0.15013862396430436
exp10,vqc,2,oracle_placement,4,0.15,0.0010000000000000002,0.0,0.0,0.008000000000000002,0.0,0.001048,0.0,-0.1501120781442339,-0.15013862396430436
exp10,vqc,3,random,3,0.19125,0.002304,0.0,0.0,0.018432,0.0,0.002414592,0.0,-0.1914913777872876,-0.20033907438422138
exp10,vqc,3,random,4,0.19125,0.002304,0.0,0.0,0.018432,0.0,0.002414592,0.0,-0.1914913777872876,-0.20033907438422138
exp10,vqc,3,sequential,3,0.15625,0.002304,0.0,0.0,0.018432,0.0,0.002414592,0.0,-0.15649137778728756,-0.16276350049059296
exp10,vqc,3,sequential,4,0.15625,0.002304,0.0,0.0,0.018432,0.0,0.002414592,0.0,-0.15649137778728756,-0.16276350049059296
exp10,vqc,3,joint_bo,3,0.1925,0.00025600000000000004,0.0,0.0,0.0020480000000000003,0.0,0.00026828800000000004,0.0,-0.19252868347809896,-0.21253400684745413
exp10,vqc,3,joint_bo,4,0.1925,0.00025600000000000004,0.0,0.0,0.0020480000000000003,0.0,0.00026828800000000004,0.0,-0.19252868347809896,-0.21253400684745413
exp10,vqc,3,joint_mf,3,0.1775,0.03738024587594752,0.0,0.0,9.599999999999999e-05,3.84e-12,0.037380822067947524,0.0,-0.17951716411291432,-0.20197744483250854
exp10,vqc,3,joint_mf,4,0.1775,0.03738024587594752,0.0,0.0,9.599999999999999e-05,3.84e-12,0.037380822067947524,0.0,-0.17951716411291432,-0.20197744483250854
exp10,vqc,3,accuracy_only,3,0.1875,0.0010000000000000002,0.0,0.0,0.008000000000000002,0.0,0.001048,0.0,-0.187613917233282,-0.18765932777218092
exp10,vqc,3,accuracy_only,4,0.1875,0.0010000000000000002,0.0,0.0,0.008000000000000002,0.0,0.001048,0.0,-0.187613917233282,-0.18765932777218092
exp10,vqc,3,hand_designed,3,0.206875,0.17895677539447502,0.0,0.0,5.5120000000000005,0.0015359999999999998,0.28882877539447505,0.0,-0.32788735795978663,-0.33861052768331434
exp10,vqc,3,hand_designed,4,0.209375,0.1828466616808782,0.0,0.0,5.5120000000000005,0.0015359999999999998,0.29271866168087823,0.0,-0.33092510330201197,-0.34277005690437556
exp10,vqc,3,always_simulator,3,0.21000000000000002,0.00025600000000000004,0.0,0.0,0.0020480000000000003,0.0,0.00026828800000000004,0.0,-0.21002868347809894,-0.22503073702069296
exp10,vqc,3,always_simulator,4,0.21000000000000002,0.00025600000000000004,0.0,0.0,0.0020480000000000003,0.0,0.00026828800000000004,0.0,-0.21002868347809894,-0.22503073702069296
exp10,vqc,3,classical_only,3,0.1875,0.0010000000000000002,0.0,0.0,0.008000000000000002,0.0,0.001048,0.0,-0.187613917233282,-0.18765932777218092
exp10,vqc,3,classical_only,4,0.1875,0.0010000000000000002,0.0,0.0,0.008000000000000002,0.0,0.001048,0.0,-0.187613917233282,-0.18765932777218092
exp10,vqc,3,oracle_placement,3,0.1875,0.0010000000000000002,0.0,0.0,0.008000000000000002,0.0,0.001048,0.0,-0.187613917233282,-0.18765932777218092
exp10,vqc,3,oracle_placement,4,0.1875,0.0010000000000000002,0.0,0.0,0.008000000000000002,0.0,0.001048,0.0,-0.187613917233282,-0.18765932777218092
exp10,vqc,4,random,3,0.1875,0.0010000000000000002,0.0,0.0,0.008000000000000002,0.0,0.001048,0.0,-0.1876151802631581,-0.18765168703806384
exp10,vqc,4,random,4,0.1875,0.0010000000000000002,0.0,0.0,0.008000000000000002,0.0,0.001048,0.0,-0.1876151802631581,-0.18765168703806384
exp10,vqc,4,sequential,3,0.185625,0.0015359999999999998,0.0,0.0,0.012287999999999999,0.0,0.0016097280000000002,0.0,-0.18579866395929776,-0.18773724131577868
exp10,vqc,4,sequential,4,0.185625,0.0015359999999999998,0.0,0.0,0.012287999999999999,0.0,0.0016097280000000002,0.0,-0.18579866395929776,-0.18773724131577868
exp10,vqc,4,joint_bo,3,0.200625,0.03249476001538894,0.0,0.0,0.00019199999999999998,7.68e-12,0.03249591239938894,0.0,-0.20269801252093292,-0.20392578737045303
exp10,vqc,4,joint_bo,4,0.200625,0.03249476001538894,0.0,0.0,0.00019199999999999998,7.68e-12,0.03249591239938894,0.0,-0.20269801252093292,-0.20392578737045303
exp10,vqc,4,joint_mf,3,0.1875,0.0010000000000000002,0.0,0.0,0.008000000000000002,0.0,0.001048,0.0,-0.1876151802631581,-0.18765168703806384
exp10,vqc,4,joint_mf,4,0.1875,0.0010000000000000002,0.0,0.0,0.008000000000000002,0.0,0.001048,0.0,-0.1876151802631581,-0.18765168703806384
exp10,vqc,4,accuracy_only,3,0.1875,0.0010000000000000002,0.0,0.0,0.008000000000000002,0.0,0.001048,0.0,-0.1876151802631581,-0.18765168703806384
exp10,vqc,4,accuracy_only,4,0.1875,0.0010000000000000002,0.0,0.0,0.008000000000000002,0.0,0.001048,0.0,-0.1876151802631581,-0.18765168703806384
exp10,vqc,4,hand_designed,3,0.244375,0.16916994243423983,0.0,0.0,5.5120000000000005,0.0015359999999999998,0.2790419424342398,0.0,-0.36677811887005213,-0.3805012028930117
exp10,vqc,4,hand_designed,4,0.2375,0.1684755472663327,0.0,0.0,5.5120000000000005,0.0015359999999999998,0.2783475472663327,0.0,-0.357559303093803,-0.3701892337645773
exp10,vqc,4,always_simulator,3,0.2425,0.00025600000000000004,0.0,0.0,0.0020480000000000003,0.0,0.00026828800000000004,0.0,-0.242528469574754,-0.25003830480607686
exp10,vqc,4,always_simulator,4,0.2425,0.00025600000000000004,0.0,0.0,0.0020480000000000003,0.0,0.00026828800000000004,0.0,-0.242528469574754,-0.25003830480607686
exp10,vqc,4,classical_only,3,0.1875,0.0010000000000000002,0.0,0.0,0.008000000000000002,0.0,0.001048,0.0,-0.1876151802631581,-0.18765168703806384
exp10,vqc,4,classical_only,4,0.1875,0.0010000000000000002,0.0,0.0,0.008000000000000002,0.0,0.001048,0.0,-0.1876151802631581,-0.18765168703806384
exp10,vqc,4,oracle_placement,3,0.1875,0.0010000000000000002,0.0,0.0,0.008000000000000002,0.0,0.001048,0.0,-0.1876151802631581,-0.18765168703806384
exp10,vqc,4,oracle_placement,4,0.1875,0.0010000000000000002,0.0,0.0,0.008000000000000002,0.0,0.001048,0.0,-0.1876151802631581,-0.18765168703806384
exp10,vqc,5,random,3,0.09812499999999999,0.0015359999999999998,0.0,0.0,0.012287999999999999,0.0,0.0016097280000000002,0.0,-0.09831370011286361,-0.1002434299802121
exp10,vqc,5,random,4,0.09812499999999999,0.0015359999999999998,0.0,0.0,0.012287999999999999,0.0,0.0016097280000000002,0.0,-0.09831370011286361,-0.1002434299802121
exp10,vqc,5,sequential,3,0.12562500000000001,0.08162171180910455,0.0,0.0,9.599999999999999e-05,3.84e-12,0.08162228800110456,0.05,-0.12989572095019133,-0.11776179652997672
exp10,vqc,5,sequential,4,0.12562500000000001,0.08162171180910455,0.0,0.0,9.599999999999999e-05,3.84e-12,0.08162228800110456,0.05,-0.12989572095019133,-0.11776179652997672
exp10,vqc,5,joint_bo,3,0.11000000000000003,0.0015359999999999998,0.0,0.0,0.012287999999999999,0.0,0.0016097280000000002,0.0,-0.11018870011286366,-0.12518992954726355
exp10,vqc,5,joint_bo,4,0.11000000000000003,0.0015359999999999998,0.0,0.0,0.012287999999999999,0.0,0.0016097280000000002,0.0,-0.11018870011286366,-0.12518992954726355
exp10,vqc,5,joint_mf,3,0.175,0.0010000000000000002,0.0,0.0,0.008000000000000002,0.0,0.001048,0.0,-0.1751239161515069,-0.1751596083371604
exp10,vqc,5,joint_mf,4,0.175,0.0010000000000000002,0.0,0.0,0.008000000000000002,0.0,0.001048,0.0,-0.1751239161515069,-0.1751596083371604
exp10,vqc,5,accuracy_only,3,0.10625000000000002,1.4375610202717926,0.3,0.15,11.144000000000002,0.018432,2.426025020271793,0.0,-2.543150149107032,-6.208599230975325
exp10,vqc,5,accuracy_only,4,0.10500000000000002,1.4540324118931702,0.45,0.2,11.144000000000002,0.018432,2.44249641189317,0.0,-3.0974420964519678,-8.193813009579738
exp10,vqc,5,hand_designed,3,0.2675,0.31126747172162605,0.05,0.0,5.5120000000000005,0.0015359999999999998,0.4211394717216261,0.0,-0.4970913647314261,-0.42701293677549806
exp10,vqc,5,hand_designed,4,0.27249999999999996,0.3281991864463762,0.0,0.0,5.5120000000000005,0.0015359999999999998,0.4380711864463761,0.0,-0.40172911324418753,-0.4320024028554568
exp10,vqc,5,always_simulator,3,0.265625,0.00025600000000000004,0.0,0.0,0.0020480000000000003,0.0,0.00026828800000000004,0.0,-0.2656551638639203,-0.2875232834887445
exp10,vqc,5,always_simulator,4,0.265625,0.00025600000000000004,0.0,0.0,0.0020480000000000003,0.0,0.00026828800000000004,0.0,-0.2656551638639203,-0.2875232834887445
exp10,vqc,5,classical_only,3,0.175,0.0010000000000000002,0.0,0.0,0.008000000000000002,0.0,0.001048,0.0,-0.1751239161515069,-0.1751596083371604
exp10,vqc,5,classical_only,4,0.175,0.0010000000000000002,0.0,0.0,0.008000000000000002,0.0,0.001048,0.0,-0.1751239161515069,-0.1751596083371604
exp10,vqc,5,oracle_placement,3,0.11000000000000003,0.0015359999999999998,0.0,0.0,0.012287999999999999,0.0,0.0016097280000000002,0.0,-0.11018870011286366,-0.12518992954726355
exp10,vqc,5,oracle_placement,4,0.11000000000000003,0.0015359999999999998,0.0,0.0,0.012287999999999999,0.0,0.0016097280000000002,0.0,-0.11018870011286366,-0.12518992954726355
exp10,qaoa,6,random,3,0.0,0.22438569199769504,0.05,0.0,1.2622880000000003,5.049152e-08,0.23196194457369498,0.0,-0.11864007344758169,-0.03228213773582497
exp10,qaoa,6,random,4,0.0,0.22438569199769504,0.05,0.0,1.2622880000000003,5.049152e-08,0.23196194457369498,0.0,-0.11864007344758169,-0.03228213773582497
exp10,qaoa,6,sequential,3,0.0,0.22441026799769498,0.05,0.0,1.2684320000000002,5.073728e-08,0.232023396861695,0.0,-0.118678172392673,-0.032321784552825895
exp10,qaoa,6,sequential,4,0.0,0.22441026799769498,0.05,0.0,1.2684320000000002,5.073728e-08,0.232023396861695,0.0,-0.118678172392673,-0.032321784552825895
exp10,qaoa,6,joint_bo,3,0.14991317047558095,0.005299937241943553,0.0,0.1,0.042399497935548425,0.0,0.005554334229556844,0.0,-0.6505253960766875,-0.799965758985585
exp10,qaoa,6,joint_bo,4,0.14991317047558095,0.005343479191651568,0.0,0.1,0.04274783353321254,0.0,0.0055999661928508426,0.0,-0.6505313016594081,-0.7999494683663169
exp10,qaoa,6,joint_mf,3,0.006770450996350872,0.033326937007085805,0.0,0.0,1.2622880000000003,5.049152e-08,0.04090318958308581,0.0,-0.016253544705467585,-0.018546986362568657
exp10,qaoa,6,joint_mf,4,0.006770450996350872,0.033326937007085805,0.0,0.0,1.2622880000000003,5.049152e-08,0.04090318958308581,0.0,-0.016253544705467585,-0.018546986362568657
exp10,qaoa,6,accuracy_only,3,0.0,2.395907155923521,0.5,0.05,7.048,0.006143999999999999,2.7453951559235206,0.0,-1.7673496610839396,-2.5449934516744332
exp10,qaoa,6,accuracy_only,4,0.0,2.5605513781067892,0.75,0.0,7.048,0.006143999999999999,2.9100393781067893,0.0,-1.9998261068355567,-2.6136514347097086
exp10,qaoa,6,hand_designed,3,0.013540901992701745,7.585599963462959,0.95,0.75,220.48000000000002,0.061439999999999995,11.980479963462958,0.05,-10.601918096592517,-12.185787863217984
exp10,qaoa,6,hand_designed,4,0.0,7.252736955667504,1.0,0.65,220.48000000000002,0.061439999999999995,11.647616955667505,0.15,-9.996530760312659,-11.843958357224977
exp10,qaoa,6,always_simulator,3,0.027150624165403165,3.982159999999999,0.85,0.05,31.857279999999992,0.0,4.173303680000001,0.0,-2.4369643552152365,-2.620921041564811
exp10,qaoa,6,always_simulator,4,0.027150624165403165,3.982159999999999,0.85,0.05,31.857279999999992,0.0,4.173303680000001,0.0,-2.4369643552152365,-2.620921041564811
exp10,qaoa,6,classical_only,3,0.14991317047558095,0.005277749500237405,0.0,0.1,0.04222199600189924,0.0,0.005531081476248801,0.0,-0.6505245547456271,-0.7999492755101764
exp10,qaoa,6,classical_only,4,0.14991317047558095,0.005390489706769586,0.0,0.1,0.043123917654156685,0.0,0.005649233212694525,0.0,-0.6505365187332399,-0.7999474292940152
exp10,qaoa,6,oracle_placement,3,0.0,0.03441026799769499,0.0,0.0,1.2684320000000002,5.073728e-08,0.042023396861695,0.0,-0.009225663955624647,-0.010654933465045162
exp10,qaoa,6,oracle_placement,4,0.0,0.03441026799769499,0.0,0.0,1.2684320000000002,5.073728e-08,0.042023396861695,0.0,-0.009225663955624647,-0.010654933465045162
exp10,qaoa,7,random,3,0.016555898761720034,0.0051258429302833974,0.0,0.0,0.04100674344226718,0.0,0.005371883390937001,0.0,-0.017101469693785766,-0.024592682814654165
exp10,qaoa,7,random,4,0.016555898761720034,0.006780739175155759,0.0,0.0,0.05424591340124607,0.0,0.007106214655563235,0.0,-0.017276151239460937,-0.02492914591538344
exp10,qaoa,7,sequential,3,0.025225377569341838,0.23726784172473053,0.0,0.0,1.256144,5.024576000000001e-08,0.2448072180127306,0.0,-0.0455802395911655,-0.057953853090132686
exp10,qaoa,7,sequential,4,0.025225377569341838,0.23726784172473053,0.0,0.0,1.256144,5.024576000000001e-08,0.2448072180127306,0.0,-0.0455802395911655,-0.057953853090132686
exp10,qaoa,7,joint_bo,3,0.016555898761720034,0.005273478775052354,0.0,0.0,0.04218783020041883,0.0,0.005526605756254866,0.0,-0.017116289208468662,-0.024596569538120047
exp10,qaoa,7,joint_bo,4,0.016555898761720034,0.005338374408893287,0.0,0.0,0.0427069952711463,0.0,0.005594616380520165,0.0,-0.01712451218991026,-0.02462417680201988
exp10,qaoa,7,joint_mf,3,0.016555898761720034,0.0053682607831433415,0.0,0.0,0.04294608626514673,0.0,0.0056259373007342215,0.0,-0.017127773159380917,-0.024610051037152685
exp10,qaoa,7,joint_mf,4,0.016555898761720034,0.0054392191814258695,0.0,0.0,0.043513753451406956,0.0,0.005700301702134311,0.0,-0.017134457423634168,-0.02460936708102718
exp10,qaoa,7,accuracy_only,3,0.027323738922136593,0.7846649070694474,0.3,0.0,25.122880000000002,1.0049152e-06,0.9354524328294473,0.0,-0.8302689653831944,-2.2515883955694407
exp10,qaoa,7,accuracy_only,4,0.027323738922136593,0.7846649070694474,0.3,0.0,25.122880000000002,1.0049152e-06,0.9354524328294473,0.0,-0.8302689653831944,-2.2515883955694407
exp10,qaoa,7,hand_designed,3,0.0007229482393091603,7.463864880894538,0.95,0.8,220.48000000000002,0.061439999999999995,11.858744880894537,0.0,-10.774406114640708,-12.219827476289952
exp10,qaoa,7,hand_designed,4,0.002662238595389796,7.431564946439866,0.95,0.85,220.48000000000002,0.061439999999999995,11.826444946439867,0.05,-10.992417437157036,-12.036607508596248
exp10,qaoa,7,always_simulator,3,0.0002891792957236641,3.982159999999999,0.85,0.05,31.857279999999992,0.0,4.173303680000001,0.0,-2.39895690548185,-2.656866049356118
exp10,qaoa,7,always_simulator,4,0.0002891792957236641,3.982159999999999,0.85,0.05,31.857279999999992,0.0,4.173303680000001,0.0,-2.39895690548185,-2.656866049356118
exp10,qaoa,7,classical_only,3,0.016555898761720034,0.005328572995495051,0.0,0.0,0.04262858396396041,0.0,0.0055843444992788125,0.0,-0.01712313325225492,-0.024607788221069037
exp10,qaoa,7,classical_only,4,0.016555898761720034,0.005263062223093584,0.0,0.0,0.04210449778474867,0.0,0.005515689209802075,0.0,-0.017116805194034856,-0.024596407748569526
exp10,qaoa,7,oracle_placement,3,0.016555898761720034,0.005409176956163719,0.0,0.0,0.043273415649309754,0.0,0.005668817450059578,0.0,-0.017132999153339785,-0.024655491312112667
exp10,qaoa,7,oracle_placement,4,0.016555898761720034,0.005318416195223108,0.0,0.0,0.042547329561784863,0.0,0.005573700172593817,0.0,-0.017122917919659433,-0.02461408202256056
exp10,qaoa,8,random,3,0.06450418858972079,0.005420469038654119,0.0,0.0,0.04336375230923295,0.0,0.005680651552509517,0.0,-0.06518094828024948,-0.20888209699520538
exp10,qaoa,8,random,4,0.06450418858972079,0.0053197079396341,0.0,0.0,0.0425576635170728,0.0,0.0055750539207365364,0.0,-0.06516771080527438,-0.20888129221655682
exp10,qaoa,8,sequential,3,0.06450418858972079,0.005626781232422218,0.0,0.0,0.04501424985937774,0.0,0.005896866731578483,0.0,-0.06520913467446318,-0.20888952048791098
exp10,qaoa,8,sequential,4,0.06450418858972079,0.005376603483455256,0.0,0.0,0.043012827867642045,0.0,0.005634680450661109,0.0,-0.06517608462024868,-0.20887699951533198
exp10,qaoa,8,joint_bo,3,0.06450418858972079,0.005359115020837635,0.0,0.0,0.04287292016670108,0.0,0.005616352541837842,0.0,-0.06517206037944648,-0.208881834936698
exp10,qaoa,8,joint_bo,4,0.06450418858972079,0.005800395942060277,0.0,0.0,0.046403167536482215,0.0,0.006078814947279171,0.0,-0.06522659583233532,-0.20893095275328621
exp10,qaoa,8,joint_mf,3,0.06450418858972079,0.005475739249959588,0.0,0.0,0.043805913999676704,0.0,0.005738574733957648,0.0,-0.06518800958212503,-0.20889253021604948
exp10,qaoa,8,joint_mf,4,0.06450418858972079,0.0056037082395050675,0.0,0.0,0.04482966591604054,0.0,0.00587268623500131,0.0,-0.06520300278174306,-0.20890899748921818
exp10,qaoa,8,accuracy_only,3,0.0,0.10508400831768536,0.0,0.0,1.256144,5.024576000000001e-08,0.11262338460568537,0.0,-0.014879636475759971,-0.019267600457713804
exp10,qaoa,8,accuracy_only,4,0.0,0.10508400831768536,0.0,0.0,1.256144,5.024576000000001e-08,0.11262338460568537,0.0,-0.014879636475759971,-0.019267600457713804
exp10,qaoa,8,hand_designed,3,0.021037499387432473,12.131550366252572,1.0,0.85,220.48000000000002,0.061439999999999995,16.52643036625257,0.05,-11.435553445307809,-12.829346011447326
exp10,qaoa,8,hand_designed,4,0.0429403308712751,11.091617835061388,1.0,1.0,220.48000000000002,0.061439999999999995,15.48649783506139,0.05,-12.146380254174588,-12.688198350943125
exp10,qaoa,8,always_simulator,3,0.014286521632926893,3.982159999999999,1.0,0.0,31.857279999999992,0.0,4.173303680000001,0.0,-2.4820169696783436,-2.6400008823873167
exp10,qaoa,8,always_simulator,4,0.014286521632926893,3.982159999999999,1.0,0.0,31.857279999999992,0.0,4.173303680000001,0.0,-2.4820169696783436,-2.6400008823873167
exp10,qaoa,8,classical_only,3,0.06450418858972079,0.005322843586327508,0.0,0.0,0.042582748690620065,0.0,0.005578340078471229,0.0,-0.06516842334243778,-0.2088814281148496
exp10,qaoa,8,classical_only,4,0.06450418858972079,0.005296187213389203,0.0,0.0,0.042369497707113624,0.0,0.005550404199631885,0.0,-0.0651653543871051,-0.2088705703841929
exp10,qaoa,8,oracle_placement,3,0.01071489122469517,0.1089005403081125,0.0,0.0,1.256144,5.024576000000001e-08,0.11643991659611248,0.0,-0.02543107203708785,-0.08534848975759461
exp10,qaoa,8,oracle_placement,4,0.01071489122469517,0.1089005403081125,0.0,0.0,1.256144,5.024576000000001e-08,0.11643991659611248,0.0,-0.02543107203708785,-0.08534848975759461
exp10,qaoa,9,random,3,0.07235210489237658,0.005275969015201554,0.0,0.1,0.04220775212161243,0.0,0.005529215527931229,0.0,-0.5729479283011709,-0.7291323092784148
exp10,qaoa,9,random,4,0.07235210489237658,0.005368219543015584,0.0,0.1,0.042945756344124675,0.0,0.005625894081080333,0.0,-0.5729570010883757,-0.7291327445601861
exp10,qaoa,9,sequential,3,0.0124366716258974,1.7647267887742615,0.35,0.1,50.49152000000001,2.0196608000000004e-06,2.0677768918142614,0.2,-1.6178853342318278,-2.8727200214117907
exp10,qaoa,9,sequential,4,0.0124366716258974,1.7645502572205274,0.35,0.1,50.49152000000001,2.0196608000000004e-06,2.0676003602605273,0.2,-1.6178682430454931,-2.8726359047585497
exp10,qaoa,9,joint_bo,3,0.0,0.23701348972207778,0.0,0.0,1.256144,5.024576000000001e-08,0.24455286601007784,0.0,-0.022357068818544223,-0.034384842488820906
exp10,qaoa,9,joint_bo,4,0.0,0.23701348972207778,0.0,0.0,1.256144,5.024576000000001e-08,0.24455286601007784,0.0,-0.022357068818544223,-0.034384842488820906
exp10,qaoa,9,joint_mf,3,0.0,0.108304,0.0,0.0,0.866432,0.0,0.11350259200000001,0.0,-0.011889786325493382,-0.01759198009673509
exp10,qaoa,9,joint_mf,4,0.0,0.108304,0.0,0.0,0.866432,0.0,0.11350259200000001,0.0,-0.011889786325493382,-0.01759198009673509
exp10,qaoa,9,accuracy_only,3,0.002590185169417183,0.3308557304897672,0.0,0.0,7.048,0.0020480000000000003,0.4755437304897672,0.0,-0.16600076220518012,-0.18190138573955206
exp10,qaoa,9,accuracy_only,4,0.002590185169417183,0.33168198484440947,0.15,0.0,7.048,0.0020480000000000003,0.4763699848444095,0.0,-0.46974898211432325,-2.159106210704825
exp10,qaoa,9,hand_designed,3,0.009846486456480218,8.834716719092915,0.95,0.9,220.48000000000002,0.061439999999999995,13.229596719092914,0.1,-11.377482333909501,-12.307853492096077
exp10,qaoa,9,hand_designed,4,0.019692972912960436,8.336948695638396,1.0,0.75,220.48000000000002,0.061439999999999995,12.731828695638397,0.1,-10.681489892226839,-12.37572094537017
exp10,qaoa,9,always_simulator,3,0.009332232235291702,3.982159999999999,0.85,0.0,31.857279999999992,0.0,4.173303680000001,0.0,-2.1754605068647375,-2.610858544127384
exp10,qaoa,9,always_simulator,4,0.009332232235291702,3.982159999999999,0.85,0.0,31.857279999999992,0.0,4.173303680000001,0.0,-2.1754605068647375,-2.610858544127384
exp10,qaoa,9,classical_only,3,0.07235210489237658,0.005497437290614471,0.0,0.1,0.04397949832491577,0.0,0.005761314280563965,0.0,-0.5729741573308,-0.7291412786487428
exp10,qaoa,9,classical_only,4,0.07235210489237658,0.005412073514889926,0.0,0.1,0.043296588119119406,0.0,0.005671853043604642,0.0,-0.5729640460916199,-0.729140108558653
exp10,qaoa,9,oracle_placement,3,0.07235210489237658,0.0055094890121836215,0.0,0.1,0.04407591209746897,0.0,0.005773944484768435,0.0,-0.5729747415421883,-0.7291481057171816
exp10,qaoa,9,oracle_placement,4,0.07235210489237658,0.005531979229999706,0.0,0.1,0.04425583383999765,0.0,0.005797514233039691,0.0,-0.5729762924990263,-0.7291477798440114
exp10,qaoa,10,random,3,0.004810390558196685,0.10345402749785979,0.0,0.0,1.2684320000000002,5.073728e-08,0.11106715636185979,0.05,-0.019179192684030493,-0.013918871183492136
exp10,qaoa,10,random,4,0.004810390558196685,0.10345421501383942,0.0,0.0,1.2684320000000002,5.073728e-08,0.11106734387783943,0.05,-0.019179204970413578,-0.013918871183492136
exp10,qaoa,10,sequential,3,0.08746058097103983,8.064320000000002,1.0,0.0,64.51456000000002,0.0,8.45140736,0.0,-2.9809474056261207,-3.295346487296604
exp10,qaoa,10,sequential,4,0.08746058097103983,8.064320000000002,1.0,0.0,64.51456000000002,0.0,8.45140736,0.0,-2.9809474056261207,-3.295346487296604
exp10,qaoa,10,joint_bo,3,0.06990408798997225,0.005375322682084516,0.0,0.0,0.043002581456676126,0.0,0.005633338170824572,0.0,-0.07053976501599926,-0.10812520386148998
exp10,qaoa,10,joint_bo,4,0.06990408798997225,0.005466718866955489,0.0,0.0,0.04373375093564391,0.0,0.005729121372569352,0.0,-0.07055235270045808,-0.10815779540402103
exp10,qaoa,10,joint_mf,3,0.06990408798997225,0.005520552542293444,0.0,0.0,0.044164420338347554,0.0,0.00578553906432353,0.0,-0.07056054037984469,-0.10813822112260252
exp10,qaoa,10,joint_mf,4,0.06990408798997225,0.005468353978358209,0.0,0.0,0.04374683182686567,0.0,0.005730834969319403,0.0,-0.07055314600951604,-0.10814201925186634
exp10,qaoa,10,accuracy_only,3,0.003736840147316011,0.41961318501068845,0.2,0.0,7.048,0.0020480000000000003,0.5643011850106887,0.0,-0.5734832886995863,-2.1927382921424883
exp10,qaoa,10,accuracy_only,4,0.0,0.4356645613796058,0.1,0.0,7.048,0.0020480000000000003,0.5803525613796058,0.0,-0.3681713766833643,-0.4042364115302465
exp10,qaoa,10,hand_designed,3,0.027655943468086103,8.167711730169518,1.0,0.8,220.48000000000002,0.061439999999999995,12.562591730169519,0.05,-10.919361423013711,-12.262627165311724
exp10,qaoa,10,hand_designed,4,0.05551205199356268,7.913333128053624,0.95,0.85,220.48000000000002,0.061439999999999995,12.308213128053625,0.1,-11.144971326515295,-12.253058055663406
exp10,qaoa,10,always_simulator,3,0.03311537241117011,3.982159999999999,0.95,0.0,31.857279999999992,0.0,4.173303680000001,0.0,-2.370021274687334,-2.608882554372534
exp10,qaoa,10,always_simulator,4,0.03311537241117011,3.982159999999999,0.95,0.0,31.857279999999992,0.0,4.173303680000001,0.0,-2.370021274687334,-2.608882554372534
exp10,qaoa,10,classical_only,3,0.06990408798997225,0.0057143226731568575,0.0,0.0,0.04571458138525486,0.0,0.0059886101614683865,0.0,-0.07057902944727515,-0.10814660084344008
exp10,qaoa,10,classical_only,4,0.06990408798997225,0.0056811564427334815,0.0,0.0,0.04544925154186785,0.0,0.005953851951984689,0.0,-0.07058041048442147,-0.10830349368752612
exp10,qaoa,10,oracle_placement,3,0.004810390558196685,0.2934431597512509,0.0,0.0,1.2622880000000003,5.049152e-08,0.3010194123272509,0.05,-0.03150833611903149,-0.0355096112098919
exp10,qaoa,10,oracle_placement,4,0.004810390558196685,0.2934501702528275,0.0,0.0,1.2622880000000003,5.049152e-08,0.30102642282882747,0.05,-0.03150879545966021,-0.0355096112098919
exp10,qaoa,11,random,3,0.01268773082537652,0.005678343237377703,0.0,0.0,0.045426745899021626,0.0,0.005950903712771833,0.0,-0.013307632694521237,-0.04341901776872469
exp10,qaoa,11,random,4,0.01268773082537652,0.005702083319192752,0.0,0.0,0.04561666655354202,0.0,0.005975783318514004,0.0,-0.013315038411974714,-0.04340325364825375
exp10,qaoa,11,sequential,3,0.01268773082537652,0.005769406212493777,0.0,0.0,0.04615524969995022,0.0,0.006046337710693479,0.0,-0.013319341181327262,-0.043431020671853074
exp10,qaoa,11,sequential,4,0.01268773082537652,0.0056962608941830695,0.0,0.0,0.045570087153464556,0.0,0.005969681417103858,0.0,-0.013310779678301535,-0.04340846721743737
exp10,qaoa,11,joint_bo,3,0.0,0.05844875132236148,0.0,0.0,1.256144,5.024576000000001e-08,0.06598812761036148,0.0,-0.010551827641265311,-0.01387240528151028
exp10,qaoa,11,joint_bo,4,0.0,0.05844875132236148,0.0,0.0,1.256144,5.024576000000001e-08,0.06598812761036148,0.0,-0.010551827641265311,-0.01387240528151028
exp10,qaoa,11,joint_mf,3,0.0,0.05847332732236149,0.0,0.0,1.2622880000000003,5.049152e-08,0.0660495798983615,0.0,-0.010589915740160322,-0.01391107130618375
exp10,qaoa,11,joint_mf,4,0.0,0.05847332732236149,0.0,0.0,1.2622880000000003,5.049152e-08,0.0660495798983615,0.0,-0.010589915740160322,-0.01391107130618375
exp10,qaoa,11,accuracy_only,3,0.01268773082537652,0.00571625996963121,0.0,0.0,0.04573007975704968,0.0,0.005990640448173509,0.0,-0.013311346322299267,-0.043422378684354945
exp10,qaoa,11,accuracy_only,4,0.01268773082537652,0.005718280706787482,0.0,0.0,0.045746245654299855,0.0,0.005992758180713281,0.0,-0.013312824834658671,-0.0434113611493719
exp10,qaoa,11,hand_designed,3,0.012829998889744293,11.092876998824838,1.0,0.75,220.48000000000002,0.061439999999999995,15.487756998824835,0.0,-10.871867959804494,-12.204919256315913
exp10,qaoa,11,hand_designed,4,0.009512452786883651,10.37317773099254,1.0,0.8,220.48000000000002,0.061439999999999995,14.768057730992538,0.1,-11.032352683016764,-12.482510208816493
exp10,qaoa,11,always_simulator,3,0.011650785935174367,3.982159999999999,0.9,0.0,31.857279999999992,0.0,4.173303680000001,0.0,-2.245796336460053,-2.6270242392825733
exp10,qaoa,11,always_simulator,4,0.011650785935174367,3.982159999999999,0.9,0.0,31.857279999999992,0.0,4.173303680000001,0.0,-2.245796336460053,-2.6270242392825733
exp10,qaoa,11,classical_only,3,0.01268773082537652,0.005594822694547474,0.0,0.0,0.044758581556379795,0.0,0.005863374183885752,0.0,-0.013301503101933301,-0.04340767770809477
exp10,qaoa,11,classical_only,4,0.01268773082537652,0.005664979282300919,0.0,0.0,0.045319834258407354,0.0,0.005936898287851363,0.0,-0.013307363285973619,-0.04341259776581
exp10,qaoa,11,oracle_placement,3,0.0,0.05844875132236148,0.0,0.0,1.256144,5.024576000000001e-08,0.06598812761036148,0.0,-0.010551827641265311,-0.01387240528151028
exp10,qaoa,11,oracle_placement,4,0.0,0.05844875132236148,0.0,0.0,1.256144,5.024576000000001e-08,0.06598812761036148,0.0,-0.010551827641265311,-0.01387240528151028
exp10,vqc,6,random,3,0.20437499999999997,0.0007679999999999999,0.0,0.0,0.006143999999999999,0.0,0.0008048640000000001,0.0,-0.20445201127146895,-0.22509869024614912
exp10,vqc,6,random,4,0.20437499999999997,0.0007679999999999999,0.0,0.0,0.006143999999999999,0.0,0.0008048640000000001,0.0,-0.20445201127146895,-0.22509869024614912
exp10,vqc,6,sequential,3,0.113125,0.004608,0.0,0.0,0.036864,0.0,0.004829184,0.0,-0.11358706762881361,-0.12547052146460339
exp10,vqc,6,sequential,4,0.113125,0.004608,0.0,0.0,0.036864,0.0,0.004829184,0.0,-0.11358706762881361,-0.12547052146460339
exp10,vqc,6,joint_bo,3,0.12062500000000002,0.004608,0.0,0.0,0.036864,0.0,0.004829184,0.0,-0.1210870676288136,-0.13794330918000614
exp10,vqc,6,joint_bo,4,0.12062500000000002,0.004608,0.0,0.0,0.036864,0.0,0.004829184,0.0,-0.1210870676288136,-0.13794330918000614
exp10,vqc,6,joint_mf,3,0.2,0.0010000000000000002,0.0,0.0,0.008000000000000002,0.0,0.001048,0.0,-0.2001133666617553,-0.20015072788879565
exp10,vqc,6,joint_mf,4,0.2,0.0010000000000000002,0.0,0.0,0.008000000000000002,0.0,0.001048,0.0,-0.2001133666617553,-0.20015072788879565
exp10,vqc,6,accuracy_only,3,0.1,1.3306077985202045,0.3,0.05,11.144000000000002,0.018432,2.3190717985202047,0.0,-2.0128555964053265,-3.201678123752785
exp10,vqc,6,accuracy_only,4,0.1,1.3191923407305295,0.4,0.35,11.144000000000002,0.018432,2.307656340730529,0.0,-3.7339832818957985,-8.113820613221387
exp10,vqc,6,hand_designed,3,0.27125,0.20738255558572072,0.05,0.0,5.5120000000000005,0.0015359999999999998,0.3172545555857207,0.0,-0.49474150353573226,-0.4100117184891171
exp10,vqc,6,hand_designed,4,0.26875000000000004,0.1869855273493632,0.0,0.0,5.5120000000000005,0.0015359999999999998,0.2968575273493632,0.0,-0.3894268016818973,-0.4028199821471299
exp10,vqc,6,always_simulator,3,0.2675,0.00025600000000000004,0.0,0.0,0.0020480000000000003,0.0,0.00026828800000000004,0.0,-0.2675286208895093,-0.28752744679154263
exp10,vqc,6,always_simulator,4,0.2675,0.00025600000000000004,0.0,0.0,0.0020480000000000003,0.0,0.00026828800000000004,0.0,-0.2675286208895093,-0.28752744679154263
exp10,vqc,6,classical_only,3,0.2,0.0010000000000000002,0.0,0.0,0.008000000000000002,0.0,0.001048,0.0,-0.2001133666617553,-0.20015072788879565
exp10,vqc,6,classical_only,4,0.2,0.0010000000000000002,0.0,0.0,0.008000000000000002,0.0,0.001048,0.0,-0.2001133666617553,-0.20015072788879565
exp10,vqc,6,oracle_placement,3,0.12062500000000002,0.004608,0.0,0.0,0.036864,0.0,0.004829184,0.0,-0.1210870676288136,-0.13794330918000614
exp10,vqc,6,oracle_placement,4,0.12062500000000002,0.004608,0.0,0.0,0.036864,0.0,0.004829184,0.0,-0.1210870676288136,-0.13794330918000614
exp10,vqc,7,random,3,0.17625000000000002,3.2000000000000005e-05,0.0,0.0,0.00025600000000000004,0.0,3.3536000000000006e-05,0.0,-0.1762536220308486,-0.18750197118618037
exp10,vqc,7,random,4,0.17625000000000002,3.2000000000000005e-05,0.0,0.0,0.00025600000000000004,0.0,3.3536000000000006e-05,0.0,-0.1762536220308486,-0.18750197118618037
exp10,vqc,7,sequential,3,0.2,0.0010000000000000002,0.0,0.0,0.008000000000000002,0.0,0.001048,0.0,-0.20011489957306433,-0.2001549748675904
exp10,vqc,7,sequential,4,0.2,0.0010000000000000002,0.0,0.0,0.008000000000000002,0.0,0.001048,0.0,-0.20011489957306433,-0.2001549748675904
exp10,vqc,7,joint_bo,3,0.174375,0.0317388835800828,0.0,0.0,2.3999999999999997e-05,9.6e-13,0.0317390276280828,0.0,-0.1767397320809023,-0.1787777689264798
exp10,vqc,7,joint_bo,4,0.174375,0.0317388835800828,0.0,0.0,2.3999999999999997e-05,9.6e-13,0.0317390276280828,0.0,-0.1767397320809023,-0.1787777689264798
exp10,vqc,7,joint_mf,3,0.175,6.400000000000001e-05,0.0,0.0,0.0005120000000000001,0.0,6.707200000000001e-05,0.0,-0.1750072440616972,-0.17500984127936633
exp10,vqc,7,joint_mf,4,0.175,6.400000000000001e-05,0.0,0.0,0.0005120000000000001,0.0,6.707200000000001e-05,0.0,-0.1750072440616972,-0.17500984127936633
exp10,vqc,7,accuracy_only,3,0.159375,0.16861370092896358,0.0,0.0,5.384,0.001152,0.2585177009289636,0.0,-0.2603731849759056,-0.28581067293866147
exp10,vqc,7,accuracy_only,4,0.165,0.17413543323800135,0.0,0.0,5.384,0.001152,0.2640394332380014,0.0,-0.26511763786426723,-0.2931136076052826
exp10,vqc,7,hand_designed,3,0.20437500000000003,0.20763822658781148,0.0,0.0,5.5120000000000005,0.0015359999999999998,0.31751022658781153,0.0,-0.3277309671738805,-0.3386736054702752
exp10,vqc,7,hand_designed,4,0.203125,0.20588201749836826,0.0,0.0,5.5120000000000005,0.0015359999999999998,0.31575401749836823,0.0,-0.32561076110602405,-0.33913831041127945
exp10,vqc,7,always_simulator,3,0.205625,0.00025600000000000004,0.0,0.0,0.0020480000000000003,0.0,0.00026828800000000004,0.0,-0.20565677909540833,-0.21253827441005105
exp10,vqc,7,always_simulator,4,0.205625,0.00025600000000000004,0.0,0.0,0.0020480000000000003,0.0,0.00026828800000000004,0.0,-0.20565677909540833,-0.21253827441005105
exp10,vqc,7,classical_only,3,0.2,0.0010000000000000002,0.0,0.0,0.008000000000000002,0.0,0.001048,0.0,-0.20011489957306433,-0.2001549748675904
exp10,vqc,7,classical_only,4,0.2,0.0010000000000000002,0.0,0.0,0.008000000000000002,0.0,0.001048,0.0,-0.20011489957306433,-0.2001549748675904
exp10,vqc,7,oracle_placement,3,0.174375,0.00038399999999999996,0.0,0.0,0.0030719999999999996,0.0,0.00040243200000000004,0.0,-0.1744226686431125,-0.17506245471124363
exp10,vqc,7,oracle_placement,4,0.174375,0.00038399999999999996,0.0,0.0,0.0030719999999999996,0.0,0.00040243200000000004,0.0,-0.1744226686431125,-0.17506245471124363
exp10,vqc,8,random,3,0.125,0.0010000000000000002,0.0,0.0,0.008000000000000002,0.0,0.001048,0.0,-0.12511974743190035,-0.1251538671345697
exp10,vqc,8,random,4,0.125,0.0010000000000000002,0.0,0.0,0.008000000000000002,0.0,0.001048,0.0,-0.12511974743190035,-0.1251538671345697
exp10,vqc,8,sequential,3,0.086875,0.05051956689008602,0.0,0.0,0.00019199999999999998,7.68e-12,0.05052071927408601,0.0,-0.08976664307211266,-0.09270350472496824
exp10,vqc,8,sequential,4,0.086875,0.05051956689008602,0.0,0.0,0.00019199999999999998,7.68e-12,0.05052071927408601,0.0,-0.08976664307211266,-0.09270350472496824
exp10,vqc,8,joint_bo,3,0.11937500000000001,0.051282890988119924,0.0,0.0,8.000000000000001e-06,3.200000000000001e-13,0.05128293900411992,0.0,-0.12277344564185026,-0.1295125018643069
exp10,vqc,8,joint_bo,4,0.11937500000000001,0.051282890988119924,0.0,0.0,8.000000000000001e-06,3.200000000000001e-13,0.05128293900411992,0.0,-0.12277344564185026,-0.1295125018643069
exp10,vqc,8,joint_mf,3,0.125,0.0010000000000000002,0.0,0.0,0.008000000000000002,0.0,0.001048,0.0,-0.12511974743190035,-0.1251538671345697
exp10,vqc,8,joint_mf,4,0.125,0.0010000000000000002,0.0,0.0,0.008000000000000002,0.0,0.001048,0.0,-0.12511974743190035,-0.1251538671345697
exp10,vqc,8,accuracy_only,3,0.10687500000000001,1.4440112303154276,0.35,0.15,11.144000000000002,0.018432,2.4324752303154282,0.0,-2.6350838681687114,-6.15783031706164
exp10,vqc,8,accuracy_only,4,0.10687500000000001,1.4169354959923957,0.4,0.25,11.144000000000002,0.018432,2.4053994959923957,0.0,-3.2359334817447176,-6.369823057309819
exp10,vqc,8,hand_designed,3,0.10375000000000001,0.33240840154665435,0.0,0.0,5.5120000000000005,0.0015359999999999998,0.44228040154665427,0.0,-0.2355252657475623,-0.2489956628232763
exp10,vqc,8,hand_designed,4,0.10750000000000001,0.3000504884034375,0.0,0.0,5.5120000000000005,0.0015359999999999998,0.4099224884034375,0.0,-0.23737123717473513,-0.25841676909795047
exp10,vqc,8,always_simulator,3,0.10625000000000002,0.00025600000000000004,0.0,0.0,0.0020480000000000003,0.0,0.00026828800000000004,0.0,-0.10627962340084751,-0.11253660183651755
exp10,vqc,8,always_simulator,4,0.10625000000000002,0.00025600000000000004,0.0,0.0,0.0020480000000000003,0.0,0.00026828800000000004,0.0,-0.10627962340084751,-0.11253660183651755
exp10,vqc,8,classical_only,3,0.125,0.0010000000000000002,0.0,0.0,0.008000000000000002,0.0,0.001048,0.0,-0.12511974743190035,-0.1251538671345697
exp10,vqc,8,classical_only,4,0.125,0.0010000000000000002,0.0,0.0,0.008000000000000002,0.0,0.001048,0.0,-0.12511974743190035,-0.1251538671345697
exp10,vqc,8,oracle_placement,3,0.11937500000000001,0.051282890988119924,0.0,0.0,8.000000000000001e-06,3.200000000000001e-13,0.05128293900411992,0.0,-0.12277344564185026,-0.1295125018643069
exp10,vqc,8,oracle_placement,4,0.11937500000000001,0.051282890988119924,0.0,0.0,8.000000000000001e-06,3.200000000000001e-13,0.05128293900411992,0.0,-0.12277344564185026,-0.1295125018643069
exp10,vqc,9,random,3,0.16375,0.02834685874871106,0.0,0.0,1.6000000000000003e-05,6.400000000000002e-13,0.028346954780711066,0.0,-0.16564473529588142,-0.1674591401050415
exp10,vqc,9,random,4,0.16375,0.02834685874871106,0.0,0.0,1.6000000000000003e-05,6.400000000000002e-13,0.028346954780711066,0.0,-0.16564473529588142,-0.1674591401050415
exp10,vqc,9,sequential,3,0.14312499999999995,0.00025600000000000004,0.0,0.0,0.0020480000000000003,0.0,0.00026828800000000004,0.0,-0.143154044968654,-0.15003682482573266
exp10,vqc,9,sequential,4,0.14312499999999995,0.00025600000000000004,0.0,0.0,0.0020480000000000003,0.0,0.00026828800000000004,0.0,-0.143154044968654,-0.15003682482573266
exp10,vqc,9,joint_bo,3,0.14125000000000001,0.00025600000000000004,0.0,0.0,0.0020480000000000003,0.0,0.00026828800000000004,0.0,-0.141279044968654,-0.15003664822638724
exp10,vqc,9,joint_bo,4,0.14125000000000001,0.00025600000000000004,0.0,0.0,0.0020480000000000003,0.0,0.00026828800000000004,0.0,-0.141279044968654,-0.15003664822638724
exp10,vqc,9,joint_mf,3,0.13874999999999998,0.02839881636127988,0.0,0.0,9.599999999999999e-05,3.84e-12,0.028399392553279883,0.0,-0.14055467242947653,-0.15217071036479407
exp10,vqc,9,joint_mf,4,0.13874999999999998,0.02839881636127988,0.0,0.0,9.599999999999999e-05,3.84e-12,0.028399392553279883,0.0,-0.14055467242947653,-0.15217071036479407
exp10,vqc,9,accuracy_only,3,0.13874999999999998,0.028398624361279885,0.0,0.0,4.7999999999999994e-05,1.92e-12,0.02839891245727988,0.0,-0.14055437220232103,-0.1521704013348417
exp10,vqc,9,accuracy_only,4,0.13874999999999998,0.028398624361279885,0.0,0.0,4.7999999999999994e-05,1.92e-12,0.02839891245727988,0.0,-0.14055437220232103,-0.1521704013348417
exp10,vqc,9,hand_designed,3,0.150625,0.23273814116075453,0.05,0.0,5.5120000000000005,0.0015359999999999998,0.3426101411607546,0.0,-0.37648371480852816,-0.2860872423817418
exp10,vqc,9,hand_designed,4,0.1575,0.2318890200807075,0.05,0.0,5.5120000000000005,0.0015359999999999998,0.3417610200807075,0.0,-0.38171850440345534,-0.29919343747779803
exp10,vqc,9,always_simulator,3,0.15375,0.00025600000000000004,0.0,0.0,0.0020480000000000003,0.0,0.00026828800000000004,0.0,-0.15377904496865408,-0.1625365834770546
exp10,vqc,9,always_simulator,4,0.15375,0.00025600000000000004,0.0,0.0,0.0020480000000000003,0.0,0.00026828800000000004,0.0,-0.15377904496865408,-0.1625365834770546
exp10,vqc,9,classical_only,3,0.1875,0.0010000000000000002,0.0,0.0,0.008000000000000002,0.0,0.001048,0.0,-0.187615026357377,-0.18765499475456937
exp10,vqc,9,classical_only,4,0.1875,0.0010000000000000002,0.0,0.0,0.008000000000000002,0.0,0.001048,0.0,-0.187615026357377,-0.18765499475456937
exp10,vqc,9,oracle_placement,3,0.14125000000000001,0.00025600000000000004,0.0,0.0,0.0020480000000000003,0.0,0.00026828800000000004,0.0,-0.141279044968654,-0.15003664822638724
exp10,vqc,9,oracle_placement,4,0.14125000000000001,0.00025600000000000004,0.0,0.0,0.0020480000000000003,0.0,0.00026828800000000004,0.0,-0.141279044968654,-0.15003664822638724
exp10,vqc,10,random,3,0.1875,0.0010000000000000002,0.0,0.0,0.008000000000000002,0.0,0.001048,0.0,-0.1876176414520624,-0.18764045076227864
exp10,vqc,10,random,4,0.1875,0.0010000000000000002,0.0,0.0,0.008000000000000002,0.0,0.001048,0.0,-0.1876176414520624,-0.18764045076227864
exp10,vqc,10,sequential,3,0.1375,0.002304,0.0,0.0,0.018432,0.0,0.002414592,0.0,-0.13777286099743818,-0.15031906560273608
exp10,vqc,10,sequential,4,0.1375,0.002304,0.0,0.0,0.018432,0.0,0.002414592,0.0,-0.13777286099743818,-0.15031906560273608
exp10,vqc,10,joint_bo,3,0.1875,0.0010000000000000002,0.0,0.0,0.008000000000000002,0.0,0.001048,0.0,-0.1876176414520624,-0.18764045076227864
exp10,vqc,10,joint_bo,4,0.1875,0.0010000000000000002,0.0,0.0,0.008000000000000002,0.0,0.001048,0.0,-0.1876176414520624,-0.18764045076227864
exp10,vqc,10,joint_mf,3,0.1875,0.0010000000000000002,0.0,0.0,0.008000000000000002,0.0,0.001048,0.0,-0.1876176414520624,-0.18764045076227864
exp10,vqc,10,joint_mf,4,0.1875,0.0010000000000000002,0.0,0.0,0.008000000000000002,0.0,0.001048,0.0,-0.1876176414520624,-0.18764045076227864
exp10,vqc,10,accuracy_only,3,0.1375,0.002304,0.0,0.0,0.018432,0.0,0.002414592,0.0,-0.13777286099743818,-0.15031906560273608
exp10,vqc,10,accuracy_only,4,0.1375,0.002304,0.0,0.0,0.018432,0.0,0.002414592,0.0,-0.13777286099743818,-0.15031906560273608
exp10,vqc,10,hand_designed,3,0.23124999999999996,0.19345126699619813,0.0,0.0,5.5120000000000005,0.0015359999999999998,0.3033232669961981,0.0,-0.3546030817578176,-0.3743743444022867
exp10,vqc,10,hand_designed,4,0.22999999999999998,0.19025341639166654,0.0,0.0,5.5120000000000005,0.0015359999999999998,0.30012541639166657,0.0,-0.3538681037012,-0.3663971593635201
exp10,vqc,10,always_simulator,3,0.22687500000000002,0.00025600000000000004,0.0,0.0,0.0020480000000000003,0.0,0.00026828800000000004,0.0,-0.22690264199299767,-0.25002223493858294
exp10,vqc,10,always_simulator,4,0.22687500000000002,0.00025600000000000004,0.0,0.0,0.0020480000000000003,0.0,0.00026828800000000004,0.0,-0.22690264199299767,-0.25002223493858294
exp10,vqc,10,classical_only,3,0.1875,0.0010000000000000002,0.0,0.0,0.008000000000000002,0.0,0.001048,0.0,-0.1876176414520624,-0.18764045076227864
exp10,vqc,10,classical_only,4,0.1875,0.0010000000000000002,0.0,0.0,0.008000000000000002,0.0,0.001048,0.0,-0.1876176414520624,-0.18764045076227864
exp10,vqc,10,oracle_placement,3,0.1875,0.0010000000000000002,0.0,0.0,0.008000000000000002,0.0,0.001048,0.0,-0.1876176414520624,-0.18764045076227864
exp10,vqc,10,oracle_placement,4,0.1875,0.0010000000000000002,0.0,0.0,0.008000000000000002,0.0,0.001048,0.0,-0.1876176414520624,-0.18764045076227864
exp10,vqc,11,random,3,0.26,0.03732640771065137,0.0,0.0,0.00019199999999999998,7.68e-12,0.03732756009465137,0.0,-0.2624724075830779,-0.26962247750961704
exp10,vqc,11,random,4,0.26,0.03732640771065137,0.0,0.0,0.00019199999999999998,7.68e-12,0.03732756009465137,0.0,-0.2624724075830779,-0.26962247750961704
exp10,vqc,11,sequential,3,0.22999999999999998,0.03732602371065137,0.0,0.0,9.599999999999999e-05,3.84e-12,0.03732659990265137,0.0,-0.23247180599783532,-0.24276971503861974
exp10,vqc,11,sequential,4,0.22999999999999998,0.03732602371065137,0.0,0.0,9.599999999999999e-05,3.84e-12,0.03732659990265137,0.0,-0.23247180599783532,-0.24276971503861974
exp10,vqc,11,joint_bo,3,0.253125,0.11373906724922837,0.0,0.0,5.384,0.00038399999999999996,0.16524306724922838,0.0,-0.312169790157139,-0.32609640559846104
exp10,vqc,11,joint_bo,4,0.25875000000000004,0.11234842590647935,0.0,0.0,5.384,0.00038399999999999996,0.16385242590647936,0.0,-0.3179299495711208,-0.3416426800474942
exp10,vqc,11,joint_mf,3,0.259375,0.002304,0.0,0.0,0.018432,0.0,0.002414592,0.0,-0.2596379514556818,-0.26286732915434236
exp10,vqc,11,joint_mf,4,0.259375,0.002304,0.0,0.0,0.018432,0.0,0.002414592,0.0,-0.2596379514556818,-0.26286732915434236
exp10,vqc,11,accuracy_only,3,0.23125000000000004,0.2606779982856379,0.1,0.0,5.5120000000000005,0.0015359999999999998,0.3705499982856379,0.0,-0.5587339751063325,-0.5909328955908185
exp10,vqc,11,accuracy_only,4,0.230625,0.2990715116490323,0.05,0.0,5.5120000000000005,0.0015359999999999998,0.4089435116490323,0.0,-0.4601313305606258,-0.3831831225280706
exp10,vqc,11,hand_designed,3,0.4225,0.2791814350157421,0.05,0.0,5.5120000000000005,0.0015359999999999998,0.3890534350157421,0.0,-0.6490785023844454,-0.5845796078162815
exp10,vqc,11,hand_designed,4,0.42625000000000013,0.3016565950067013,0.1,0.0,5.5120000000000005,0.0015359999999999998,0.4115285950067012,0.0,-0.756451557779895,-0.783318502102129
exp10,vqc,11,always_simulator,3,0.42250000000000004,0.00025600000000000004,0.0,0.0,0.0020480000000000003,0.0,0.00026828800000000004,0.0,-0.4225302257888949,-0.4375200754285072
exp10,vqc,11,always_simulator,4,0.42250000000000004,0.00025600000000000004,0.0,0.0,0.0020480000000000003,0.0,0.00026828800000000004,0.0,-0.4225302257888949,-0.4375200754285072
exp10,vqc,11,classical_only,3,0.2750000000000001,0.0010000000000000002,0.0,0.0,0.008000000000000002,0.0,0.001048,0.0,-0.2751118073281867,-0.2751508780271636
exp10,vqc,11,classical_only,4,0.2750000000000001,0.0010000000000000002,0.0,0.0,0.008000000000000002,0.0,0.001048,0.0,-0.2751118073281867,-0.2751508780271636
exp10,vqc,11,oracle_placement,3,0.25,0.037326791710651376,0.0,0.0,0.000288,1.1520000000000001e-11,0.03732852028665138,0.0,-0.25247300916832055,-0.2644854584341026
exp10,vqc,11,oracle_placement,4,0.25,0.037326791710651376,0.0,0.0,0.000288,1.1520000000000001e-11,0.03732852028665138,0.0,-0.25247300916832055,-0.2644854584341026
