seed,regime,phase,candidate,draw,placement,action_loss,service_violation,quality_loss,delay_s,deadline_s
120,qpu_opportunity,2,0,0,classical,1.0,1,0.014436959281245158,0.005676249857060611,0.35
120,qpu_opportunity,2,0,1,classical,0.08005980985626623,0,0.08005980985626623,0.005549165070988238,0.35
120,qpu_opportunity,2,0,2,classical,1.0,1,0.0062291686777490324,0.00666750012896955,0.35
120,qpu_opportunity,2,0,3,classical,1.0,1,0.5738292037900561,0.005556875257752836,0.35
120,qpu_opportunity,2,0,4,classical,0.1781676152188882,0,0.1781676152188882,0.0052612501895055175,0.35
120,qpu_opportunity,2,0,5,classical,1.0,1,0.2892050740589693,0.005700414767488837,0.35
120,qpu_opportunity,2,0,6,classical,0.2011065285750439,0,0.2011065285750439,0.005515000084415078,0.35
120,qpu_opportunity,2,0,7,classical,1.0,1,0.6130099544950551,0.005525834858417511,0.35
120,qpu_opportunity,2,0,8,classical,0.00770851541560303,0,0.00770851541560303,0.005217500147409737,0.35
120,qpu_opportunity,2,0,9,classical,1.0,1,0.2892050740589693,0.005500419647432864,0.35
120,qpu_opportunity,2,0,10,classical,0.08005980985626623,0,0.08005980985626623,0.005127079784870148,0.35
120,qpu_opportunity,2,0,11,classical,0.0,0,0.0,0.005224584601819515,0.35
120,qpu_opportunity,2,0,12,classical,1.0,1,1.0172257687763837,0.005490835173986852,0.35
120,qpu_opportunity,2,0,13,classical,1.0,1,0.30339978702985887,0.005412920145317912,0.35
120,qpu_opportunity,2,0,14,classical,0.06846506302782733,0,0.06846506302782733,0.005188749637454748,0.35
120,qpu_opportunity,2,0,15,classical,1.0,1,0.5508902904339003,0.005636250134557486,0.35
120,qpu_opportunity,2,0,16,classical,0.08776832527186926,0,0.08776832527186926,0.00654041999951005,0.35
120,qpu_opportunity,2,0,17,classical,0.0,0,0.0,0.006267704884521663,0.35
120,qpu_opportunity,2,0,18,classical,1.0,1,0.014436959281245158,0.005348750273697078,0.35
120,qpu_opportunity,2,0,19,classical,1.0,1,0.31214398741512517,0.005905829602852464,0.35
120,qpu_opportunity,2,0,20,classical,0.030647428771758925,0,0.030647428771758925,0.005334794986993074,0.35
120,qpu_opportunity,2,0,21,classical,0.0,0,0.0,0.006417499971576035,0.35
120,qpu_opportunity,2,0,22,classical,0.00770851541560303,0,0.00770851541560303,0.005828330176882446,0.35
120,qpu_opportunity,2,0,23,classical,1.0,1,0.28873317312278957,0.005346664693206549,0.35
120,qpu_opportunity,2,0,24,classical,0.08005980985626623,0,0.08005980985626623,0.005176664562895894,0.35
120,qpu_opportunity,2,0,25,classical,0.030647428771758925,0,0.030647428771758925,0.005194789846427739,0.35
120,qpu_opportunity,2,0,26,classical,1.0,1,0.635948867851211,0.018053125240840018,0.35
120,qpu_opportunity,2,0,27,classical,0.00770851541560303,0,0.00770851541560303,0.00600125000346452,0.35
120,qpu_opportunity,2,0,28,classical,0.022938913356155895,0,0.022938913356155895,0.005768125411123037,0.35
120,qpu_opportunity,2,0,29,classical,1.0,1,0.7217411986864757,0.005997709813527763,0.35
120,qpu_opportunity,2,0,30,classical,0.06846506302782733,0,0.06846506302782733,0.005718960310332477,0.35
120,qpu_opportunity,2,0,31,classical,0.08005980985626623,0,0.08005980985626623,0.005528954789042473,0.35
120,qpu_opportunity,2,0,32,classical,1.0,1,0.09964265908238187,0.005370210274122655,0.35
120,qpu_opportunity,2,0,33,classical,1.0,1,0.3873128794215912,0.005678540328517556,0.35
120,qpu_opportunity,2,0,34,classical,1.0,1,0.687489510423286,0.006007915362715721,0.35
120,qpu_opportunity,2,0,35,classical,0.1781676152188882,0,0.1781676152188882,0.005477084778249264,0.35
120,qpu_opportunity,2,0,36,classical,0.07667285363132327,0,0.07667285363132327,0.005435204948298633,0.35
120,qpu_opportunity,2,0,37,classical,1.0,1,0.014436959281245158,0.005830834852531552,0.35
120,qpu_opportunity,2,0,38,classical,0.06846506302782733,0,0.06846506302782733,0.005560209974646568,0.35
120,qpu_opportunity,2,0,39,classical,0.0,0,0.0,0.005391454906202853,0.35
120,qpu_opportunity,2,1,0,classical,1.0,1,0.014436959281245158,0.005651874816976488,0.35
120,qpu_opportunity,2,1,1,classical,1.0,1,0.014436959281245158,0.005427920259535313,0.35
120,qpu_opportunity,2,1,2,classical,0.00770851541560303,0,0.00770851541560303,0.005086250021122396,0.35
120,qpu_opportunity,2,1,3,classical,1.0,1,0.014436959281245158,0.005372290033847094,0.35
120,qpu_opportunity,2,1,4,classical,0.00770851541560303,0,0.00770851541560303,0.005933750071562827,0.35
120,qpu_opportunity,2,1,5,classical,1.0,1,0.3039025840033074,0.005592914531007409,0.35
120,qpu_opportunity,2,1,6,classical,0.08776832527186926,0,0.08776832527186926,0.005754375015385449,0.35
120,qpu_opportunity,2,1,7,classical,1.0,1,0.3039025840033074,0.005556669784709811,0.35
120,qpu_opportunity,2,1,8,classical,1.0,1,0.2805253825192938,0.005518540274351835,0.35
120,qpu_opportunity,2,1,9,classical,1.0,1,0.014436959281245158,0.005552084767259657,0.35
120,qpu_opportunity,2,1,10,classical,0.08005980985626623,0,0.08005980985626623,0.005426250281743705,0.35
120,qpu_opportunity,2,1,11,classical,1.0,1,0.12258157243853758,0.006968959933146834,0.35
120,qpu_opportunity,2,1,12,classical,1.0,1,0.0062291686777490324,0.006767085287719965,0.35
120,qpu_opportunity,2,1,13,classical,0.08005980985626623,0,0.08005980985626623,0.009017920237965882,0.35
120,qpu_opportunity,2,1,14,classical,1.0,1,0.2892050740589693,0.006950204842723906,0.35
120,qpu_opportunity,2,1,15,classical,1.0,1,0.749725404773364,0.00556083454284817,0.35
120,qpu_opportunity,2,1,16,classical,1.0,1,0.28873317312278957,0.005718125030398369,0.35
120,qpu_opportunity,2,1,17,classical,0.06846506302782733,0,0.06846506302782733,0.0054902100237086415,0.35
120,qpu_opportunity,2,1,18,classical,1.0,1,0.6574413289260497,0.005384375108405948,0.35
120,qpu_opportunity,2,1,19,classical,1.0,1,1.0643667928115554,0.005524375010281801,0.35
120,qpu_opportunity,2,1,20,classical,0.030647428771758925,0,0.030647428771758925,0.005399165092967451,0.35
120,qpu_opportunity,2,1,21,classical,1.0,1,0.5266179877669395,0.00543770962394774,0.35
120,qpu_opportunity,2,1,22,classical,1.0,1,0.2805253825192938,0.005737709579989314,0.35
120,qpu_opportunity,2,1,23,classical,0.07667285363132327,0,0.07667285363132327,0.0055587501265108585,0.35
120,qpu_opportunity,2,1,24,classical,0.06846506302782733,0,0.06846506302782733,0.005372085142880678,0.35
120,qpu_opportunity,2,1,25,classical,1.0,1,0.5189094723513364,0.005376039771363139,0.35
120,qpu_opportunity,2,1,26,classical,1.0,1,0.9183710509950788,0.005360835348255932,0.35
120,qpu_opportunity,2,1,27,classical,1.0,1,0.2805253825192938,0.005491250194609165,0.35
120,qpu_opportunity,2,1,28,classical,0.00770851541560303,0,0.00770851541560303,0.0053516647312790155,0.35
120,qpu_opportunity,2,1,29,classical,1.0,1,0.014436959281245158,0.005523954750970006,0.35
120,qpu_opportunity,2,1,30,classical,1.0,1,0.0062291686777490324,0.005669585079886019,0.35
120,qpu_opportunity,2,1,31,classical,0.08776832527186926,0,0.08776832527186926,0.004938335041515529,0.35
120,qpu_opportunity,2,1,32,classical,0.00770851541560303,0,0.00770851541560303,0.004966665292158723,0.35
120,qpu_opportunity,2,1,33,classical,0.06846506302782733,0,0.06846506302782733,0.004975830088369548,0.35
120,qpu_opportunity,2,1,34,classical,1.0,1,0.6130099544950551,0.005260000471025705,0.35
120,qpu_opportunity,2,1,35,classical,0.06846506302782733,0,0.06846506302782733,0.0050806248327717185,0.35
120,qpu_opportunity,2,1,36,classical,0.3661384783533855,0,0.3661384783533855,0.0052612501895055175,0.35
120,qpu_opportunity,2,1,37,classical,1.0,1,0.09964265908238187,0.005372919840738177,0.35
120,qpu_opportunity,2,1,38,classical,0.00770851541560303,0,0.00770851541560303,0.005464375135488808,0.35
120,qpu_opportunity,2,1,39,classical,0.3661384783533855,0,0.3661384783533855,0.005191459786146879,0.35
120,qpu_opportunity,2,2,0,qpu_A,1.0,1,0.0,1.464547905398364,0.35
120,qpu_opportunity,2,2,1,qpu_A,0.06846506302782733,0,0.06846506302782733,0.2038650065123772,0.35
120,qpu_opportunity,2,2,2,qpu_A,0.0,0,0.0,0.19966567915133684,0.35
120,qpu_opportunity,2,2,3,qpu_A,0.0,0,0.0,0.20068017773413097,0.35
120,qpu_opportunity,2,2,4,qpu_A,0.0,0,0.0,0.1986287695660225,0.35
120,qpu_opportunity,2,2,5,qpu_A,0.00770851541560303,0,0.00770851541560303,0.20230690403128895,0.35
120,qpu_opportunity,2,2,6,qpu_A,0.0,0,0.0,0.21399785316774456,0.35
120,qpu_opportunity,2,2,7,qpu_A,1.0,1,0.00770851541560303,1.2978600264173885,0.35
120,qpu_opportunity,2,2,8,qpu_A,0.00770851541560303,0,0.00770851541560303,0.21006131085186555,0.35
120,qpu_opportunity,2,2,9,qpu_A,0.0,0,0.0,0.20963325899849897,0.35
120,qpu_opportunity,2,2,10,qpu_A,0.00770851541560303,0,0.00770851541560303,0.20771234669721786,0.35
120,qpu_opportunity,2,2,11,qpu_A,0.0,0,0.0,0.2278117966777822,0.35
120,qpu_opportunity,2,2,12,qpu_A,0.00770851541560303,0,0.00770851541560303,0.1978272435215633,0.35
120,qpu_opportunity,2,2,13,qpu_A,0.0,0,0.0,0.20385636424084203,0.35
120,qpu_opportunity,2,2,14,qpu_A,0.0,0,0.0,0.20278642341833167,0.35
120,qpu_opportunity,2,2,15,qpu_A,0.00770851541560303,0,0.00770851541560303,0.21836016328713465,0.35
120,qpu_opportunity,2,2,16,qpu_A,0.00770851541560303,0,0.00770851541560303,0.2107634865150969,0.35
120,qpu_opportunity,2,2,17,qpu_A,0.00770851541560303,0,0.00770851541560303,0.20039148477813779,0.35
120,qpu_opportunity,2,2,18,qpu_A,0.0,0,0.0,0.22051495634176438,0.35
120,qpu_opportunity,2,2,19,qpu_A,0.0,0,0.0,0.21838931387929675,0.35
120,qpu_opportunity,2,2,20,qpu_A,0.030647428771758925,0,0.030647428771758925,0.2051701486448669,0.35
120,qpu_opportunity,2,2,21,qpu_A,1.0,1,0.0,2.0903723882078467,0.35
120,qpu_opportunity,2,2,22,qpu_A,0.0,0,0.0,0.19956282955766091,0.35
120,qpu_opportunity,2,2,23,qpu_A,1.0,1,0.00770851541560303,1.8774757596377736,0.35
120,qpu_opportunity,2,2,24,qpu_A,1.0,1,0.0,0.9091680287979087,0.35
120,qpu_opportunity,2,2,25,qpu_A,0.0,0,0.0,0.19414844458492989,0.35
120,qpu_opportunity,2,2,26,qpu_A,0.0,0,0.0,0.19573720922621018,0.35
120,qpu_opportunity,2,2,27,qpu_A,0.030647428771758925,0,0.030647428771758925,0.20466860766265751,0.35
120,qpu_opportunity,2,2,28,qpu_A,0.0,0,0.0,0.2057255635066614,0.35
120,qpu_opportunity,2,2,29,qpu_A,0.0,0,0.0,0.20228795496733173,0.35
120,qpu_opportunity,2,2,30,qpu_A,0.00770851541560303,0,0.00770851541560303,0.19782090449542603,0.35
120,qpu_opportunity,2,2,31,qpu_A,0.07667285363132327,0,0.07667285363132327,0.21237062749813326,0.35
120,qpu_opportunity,2,2,32,qpu_A,0.0,0,0.0,0.20181909809695386,0.35
120,qpu_opportunity,2,2,33,qpu_A,0.022938913356155895,0,0.022938913356155895,0.2180663052341282,0.35
120,qpu_opportunity,2,2,34,qpu_A,0.022938913356155895,0,0.022938913356155895,0.2018498449940774,0.35
120,qpu_opportunity,2,2,35,qpu_A,0.0,0,0.0,0.21458497332094117,0.35
120,qpu_opportunity,2,2,36,qpu_A,0.0,0,0.0,0.22143434203828752,0.35
120,qpu_opportunity,2,2,37,qpu_A,0.00770851541560303,0,0.00770851541560303,0.19530311320989005,0.35
120,qpu_opportunity,2,2,38,qpu_A,0.0,0,0.0,0.208242795805143,0.35
120,qpu_opportunity,2,2,39,qpu_A,0.022938913356155895,0,0.022938913356155895,0.20039815248875373,0.35
120,qpu_opportunity,2,3,0,qpu_A,1.0,1,0.1781676152188882,1.785189323811861,0.35
120,qpu_opportunity,2,3,1,qpu_A,0.06846506302782733,0,0.06846506302782733,0.14932999223634424,0.35
120,qpu_opportunity,2,3,2,qpu_A,0.022938913356155895,0,0.022938913356155895,0.13018934436876112,0.35
120,qpu_opportunity,2,3,3,qpu_A,0.030647428771758925,0,0.030647428771758925,0.1487631264800196,0.35
120,qpu_opportunity,2,3,4,qpu_A,0.06846506302782733,0,0.06846506302782733,0.15298863145963407,0.35
120,qpu_opportunity,2,3,5,qpu_A,0.00770851541560303,0,0.00770851541560303,0.1435448385378367,0.35
120,qpu_opportunity,2,3,6,qpu_A,0.07667285363132327,0,0.07667285363132327,0.1445485982027553,0.35
120,qpu_opportunity,2,3,7,qpu_A,1.0,1,0.06846506302782733,1.5466021537096604,0.35
120,qpu_opportunity,2,3,8,qpu_A,1.0,1,0.2969135894745723,0.13246218888867528,0.35
120,qpu_opportunity,2,3,9,qpu_A,0.08005980985626623,0,0.08005980985626623,0.14887474684396704,0.35
120,qpu_opportunity,2,3,10,qpu_A,0.00770851541560303,0,0.00770851541560303,0.13765408561668527,0.35
120,qpu_opportunity,2,3,11,qpu_A,0.00770851541560303,0,0.00770851541560303,0.14127543879844312,0.35
120,qpu_opportunity,2,3,12,qpu_A,0.00770851541560303,0,0.00770851541560303,0.13991720499599614,0.35
120,qpu_opportunity,2,3,13,qpu_A,0.00770851541560303,0,0.00770851541560303,0.13513227291454494,0.35
120,qpu_opportunity,2,3,14,qpu_A,0.1781676152188882,0,0.1781676152188882,0.14270132378274528,0.35
120,qpu_opportunity,2,3,15,qpu_A,0.1781676152188882,0,0.1781676152188882,0.13199548088078594,0.35
120,qpu_opportunity,2,3,16,qpu_A,0.022938913356155895,0,0.022938913356155895,0.16951968749357416,0.35
120,qpu_opportunity,2,3,17,qpu_A,0.1781676152188882,0,0.1781676152188882,0.14102153076589227,0.35
120,qpu_opportunity,2,3,18,qpu_A,0.06846506302782733,0,0.06846506302782733,0.14820941690932254,0.35
120,qpu_opportunity,2,3,19,qpu_A,0.0,0,0.0,0.14271419402477262,0.35
120,qpu_opportunity,2,3,20,qpu_A,0.1781676152188882,0,0.1781676152188882,0.14026451532402123,0.35
120,qpu_opportunity,2,3,21,qpu_A,1.0,1,0.06846506302782733,1.0945017278926141,0.35
120,qpu_opportunity,2,3,22,qpu_A,1.0,1,0.09964265908238187,0.14297517910096377,0.35
120,qpu_opportunity,2,3,23,qpu_A,1.0,1,0.30339978702985887,1.2533632136336648,0.35
120,qpu_opportunity,2,3,24,qpu_A,1.0,1,0.07667285363132327,2.248784561755117,0.35
120,qpu_opportunity,2,3,25,qpu_A,0.00770851541560303,0,0.00770851541560303,0.13745598408140608,0.35
120,qpu_opportunity,2,3,26,qpu_A,0.0,0,0.0,0.13222731169193216,0.35
120,qpu_opportunity,2,3,27,qpu_A,0.00770851541560303,0,0.00770851541560303,0.15203783841850174,0.35
120,qpu_opportunity,2,3,28,qpu_A,0.2011065285750439,0,0.2011065285750439,0.14176926538747683,0.35
120,qpu_opportunity,2,3,29,qpu_A,0.2011065285750439,0,0.2011065285750439,0.13739185476427906,0.35
120,qpu_opportunity,2,3,30,qpu_A,1.0,1,0.687489510423286,0.1459559940966838,0.35
120,qpu_opportunity,2,3,31,qpu_A,0.06846506302782733,0,0.06846506302782733,0.14935479323114778,0.35
120,qpu_opportunity,2,3,32,qpu_A,0.030647428771758925,0,0.030647428771758925,0.1331465025709434,0.35
120,qpu_opportunity,2,3,33,qpu_A,1.0,1,0.3873128794215912,0.1443998943272231,0.35
120,qpu_opportunity,2,3,34,qpu_A,1.0,1,0.12258157243853758,0.13775928123850212,0.35
120,qpu_opportunity,2,3,35,qpu_A,0.022938913356155895,0,0.022938913356155895,0.1346630492097308,0.35
120,qpu_opportunity,2,3,36,qpu_A,0.0,0,0.0,0.14507719457301566,0.35
120,qpu_opportunity,2,3,37,qpu_A,0.030647428771758925,0,0.030647428771758925,0.15288957704532738,0.35
120,qpu_opportunity,2,3,38,qpu_A,1.0,1,0.49490229894370485,0.15460389565187213,0.35
120,qpu_opportunity,2,3,39,qpu_A,1.0,1,0.12258157243853758,0.16230367431727874,0.35
120,qpu_opportunity,2,4,0,qpu_B,0.0,0,0.0,0.20243200458540747,0.35
120,qpu_opportunity,2,4,1,qpu_B,0.00770851541560303,0,0.00770851541560303,0.2060250238338269,0.35
120,qpu_opportunity,2,4,2,qpu_B,0.00770851541560303,0,0.00770851541560303,0.20855402693798586,0.35
120,qpu_opportunity,2,4,3,qpu_B,0.0,0,0.0,0.20500109726102747,0.35
120,qpu_opportunity,2,4,4,qpu_B,0.022938913356155895,0,0.022938913356155895,0.20147295937687365,0.35
120,qpu_opportunity,2,4,5,qpu_B,0.0,0,0.0,0.21178031849246667,0.35
120,qpu_opportunity,2,4,6,qpu_B,0.022938913356155895,0,0.022938913356155895,0.19993942611408524,0.35
120,qpu_opportunity,2,4,7,qpu_B,0.0,0,0.0,0.20590931592306286,0.35
120,qpu_opportunity,2,4,8,qpu_B,0.0,0,0.0,0.21518515637071314,0.35
120,qpu_opportunity,2,4,9,qpu_B,0.022938913356155895,0,0.022938913356155895,0.21121350900649502,0.35
120,qpu_opportunity,2,4,10,qpu_B,0.0,0,0.0,0.20266515797819232,0.35
120,qpu_opportunity,2,4,11,qpu_B,0.00770851541560303,0,0.00770851541560303,0.21120974206270998,0.35
120,qpu_opportunity,2,4,12,qpu_B,0.00770851541560303,0,0.00770851541560303,0.2078694660024836,0.35
120,qpu_opportunity,2,4,13,qpu_B,0.0,0,0.0,0.19998241748963871,0.35
120,qpu_opportunity,2,4,14,qpu_B,0.00770851541560303,0,0.00770851541560303,0.20650137845214422,0.35
120,qpu_opportunity,2,4,15,qpu_B,0.00770851541560303,0,0.00770851541560303,0.2270719789427622,0.35
120,qpu_opportunity,2,4,16,qpu_B,0.00770851541560303,0,0.00770851541560303,0.20972144305965737,0.35
120,qpu_opportunity,2,4,17,qpu_B,0.00770851541560303,0,0.00770851541560303,0.21190322116387086,0.35
120,qpu_opportunity,2,4,18,qpu_B,0.0,0,0.0,0.21052319569697783,0.35
120,qpu_opportunity,2,4,19,qpu_B,0.00770851541560303,0,0.00770851541560303,0.2084743237044935,0.35
120,qpu_opportunity,2,4,20,qpu_B,0.0,0,0.0,0.19758628205196097,0.35
120,qpu_opportunity,2,4,21,qpu_B,0.0,0,0.0,0.20894842339127,0.35
120,qpu_opportunity,2,4,22,qpu_B,0.0,0,0.0,0.2253243179924968,0.35
120,qpu_opportunity,2,4,23,qpu_B,1.0,1,0.022938913356155895,1.017840028892076,0.35
120,qpu_opportunity,2,4,24,qpu_B,0.0,0,0.0,0.19871514095891826,0.35
120,qpu_opportunity,2,4,25,qpu_B,0.0,0,0.0,0.20326517302623046,0.35
120,qpu_opportunity,2,4,26,qpu_B,0.00770851541560303,0,0.00770851541560303,0.20705946702057634,0.35
120,qpu_opportunity,2,4,27,qpu_B,0.00770851541560303,0,0.00770851541560303,0.20374164401408387,0.35
120,qpu_opportunity,2,4,28,qpu_B,0.00770851541560303,0,0.00770851541560303,0.2114940659040079,0.35
120,qpu_opportunity,2,4,29,qpu_B,0.0,0,0.0,0.20458159597401637,0.35
120,qpu_opportunity,2,4,30,qpu_B,0.00770851541560303,0,0.00770851541560303,0.2078830043603234,0.35
120,qpu_opportunity,2,4,31,qpu_B,0.0,0,0.0,0.20972864360310392,0.35
120,qpu_opportunity,2,4,32,qpu_B,0.0,0,0.0,0.2055375868829978,0.35
120,qpu_opportunity,2,4,33,qpu_B,0.0,0,0.0,0.21438994961770552,0.35
120,qpu_opportunity,2,4,34,qpu_B,0.0,0,0.0,0.20596164261730535,0.35
120,qpu_opportunity,2,4,35,qpu_B,0.00770851541560303,0,0.00770851541560303,0.20439199950752165,0.35
120,qpu_opportunity,2,4,36,qpu_B,0.0,0,0.0,0.2039871684644035,0.35
120,qpu_opportunity,2,4,37,qpu_B,0.022938913356155895,0,0.022938913356155895,0.21191992693071568,0.35
120,qpu_opportunity,2,4,38,qpu_B,0.0,0,0.0,0.20156743930145032,0.35
120,qpu_opportunity,2,4,39,qpu_B,1.0,1,0.0,1.2733842339373007,0.35
120,qpu_opportunity,2,5,0,qpu_B,1.0,1,0.09964265908238187,0.29520580639636096,0.35
120,qpu_opportunity,2,5,1,qpu_B,0.0,0,0.0,0.3081765999469499,0.35
120,qpu_opportunity,2,5,2,qpu_B,0.06846506302782733,0,0.06846506302782733,0.2925842204903213,0.35
120,qpu_opportunity,2,5,3,qpu_B,1.0,1,0.09964265908238187,0.30271993800334873,0.35
120,qpu_opportunity,2,5,4,qpu_B,1.0,1,0.12258157243853758,0.29384937325916544,0.35
120,qpu_opportunity,2,5,5,qpu_B,1.0,1,0.09964265908238187,0.2893324822925921,0.35
120,qpu_opportunity,2,5,6,qpu_B,0.1781676152188882,0,0.1781676152188882,0.2977997186277123,0.35
120,qpu_opportunity,2,5,7,qpu_B,0.08776832527186926,0,0.08776832527186926,0.29461980371279584,0.35
120,qpu_opportunity,2,5,8,qpu_B,1.0,1,0.2969135894745723,0.2874762642651336,0.35
120,qpu_opportunity,2,5,9,qpu_B,1.0,1,0.09964265908238187,0.2899398966599155,0.35
120,qpu_opportunity,2,5,10,qpu_B,1.0,1,0.014436959281245158,0.29865017115484455,0.35
120,qpu_opportunity,2,5,11,qpu_B,1.0,1,0.41025179277774715,0.2893345725531459,0.35
120,qpu_opportunity,2,5,12,qpu_B,0.022938913356155895,0,0.022938913356155895,0.28736956275159803,0.35
120,qpu_opportunity,2,5,13,qpu_B,0.00770851541560303,0,0.00770851541560303,0.30144749778680613,0.35
120,qpu_opportunity,2,5,14,qpu_B,0.030647428771758925,0,0.030647428771758925,0.30498204827175296,0.35
120,qpu_opportunity,2,5,15,qpu_B,0.00770851541560303,0,0.00770851541560303,0.300969837157364,0.35
120,qpu_opportunity,2,5,16,qpu_B,0.1781676152188882,0,0.1781676152188882,0.2916220614232607,0.35
120,qpu_opportunity,2,5,17,qpu_B,1.0,1,0.5989692822076026,0.2909016899530068,0.35
120,qpu_opportunity,2,5,18,qpu_B,1.0,1,0.09964265908238187,0.29022207031668223,0.35
120,qpu_opportunity,2,5,19,qpu_B,1.0,1,0.0062291686777490324,0.29293219701232015,0.35
120,qpu_opportunity,2,5,20,qpu_B,0.2011065285750439,0,0.2011065285750439,0.29763171744058414,0.35
120,qpu_opportunity,2,5,21,qpu_B,0.0,0,0.0,0.29694469614157415,0.35
120,qpu_opportunity,2,5,22,qpu_B,1.0,1,0.09964265908238187,0.2902938095197307,0.35
120,qpu_opportunity,2,5,23,qpu_B,1.0,1,0.28873317312278957,1.5379388366546731,0.35
120,qpu_opportunity,2,5,24,qpu_B,1.0,1,0.3873128794215912,0.2933076297535958,0.35
120,qpu_opportunity,2,5,25,qpu_B,0.00770851541560303,0,0.00770851541560303,0.29878811873155975,0.35
120,qpu_opportunity,2,5,26,qpu_B,0.1781676152188882,0,0.1781676152188882,0.3051043794906167,0.35
120,qpu_opportunity,2,5,27,qpu_B,0.2011065285750439,0,0.2011065285750439,0.2962895808431408,0.35
120,qpu_opportunity,2,5,28,qpu_B,0.0,0,0.0,0.2977729126469238,0.35
120,qpu_opportunity,2,5,29,qpu_B,1.0,1,0.09964265908238187,0.29424818020770194,0.35
120,qpu_opportunity,2,5,30,qpu_B,0.030647428771758925,0,0.030647428771758925,0.291917547829891,0.35
120,qpu_opportunity,2,5,31,qpu_B,0.08005980985626623,0,0.08005980985626623,0.2904002160710287,0.35
120,qpu_opportunity,2,5,32,qpu_B,1.0,1,0.09964265908238187,0.30041332450644886,0.35
120,qpu_opportunity,2,5,33,qpu_B,1.0,1,0.5738292037900561,0.2927382590333576,0.35
120,qpu_opportunity,2,5,34,qpu_B,0.0,0,0.0,0.2956979610961658,0.35
120,qpu_opportunity,2,5,35,qpu_B,0.0,0,0.0,0.2943045655408222,0.35
120,qpu_opportunity,2,5,36,qpu_B,1.0,1,0.6792817198197898,0.2913284618134566,0.35
120,qpu_opportunity,2,5,37,qpu_B,0.0,0,0.0,0.2927144672880235,0.35
120,qpu_opportunity,2,5,38,qpu_B,0.00770851541560303,0,0.00770851541560303,0.2929376385699587,0.35
120,qpu_opportunity,2,5,39,qpu_B,1.0,1,0.09964265908238187,0.8671724230427978,0.35
121,qpu_opportunity,2,0,0,classical,1.0,1,1.5830882086635565,0.005599790019914508,0.35
121,qpu_opportunity,2,0,1,classical,1.0,1,1.2873726041381917,0.0054104148875921965,0.35
121,qpu_opportunity,2,0,2,classical,1.0,1,1.375900456055238,0.005574165261350572,0.35
121,qpu_opportunity,2,0,3,classical,1.0,1,0.9248325913554807,0.00503062445204705,0.35
121,qpu_opportunity,2,0,4,classical,1.0,1,0.8231860264980952,0.005180204752832651,0.35
121,qpu_opportunity,2,0,5,classical,1.0,1,2.885657054432083,0.005379164940677583,0.35
121,qpu_opportunity,2,0,6,classical,1.0,1,1.2772812418836565,0.0054583302699029446,0.35
121,qpu_opportunity,2,0,7,classical,1.0,1,2.0750716976841717,0.005466250004246831,0.35
121,qpu_opportunity,2,0,8,classical,1.0,1,0.9942219763190349,0.005558960256166756,0.35
121,qpu_opportunity,2,0,9,classical,1.0,1,0.8231860264980952,0.005851039895787835,0.35
121,qpu_opportunity,2,0,10,classical,1.0,1,2.368222325503328,0.00511125021148473,0.35
121,qpu_opportunity,2,0,11,classical,1.0,1,1.2179832191746376,0.005115414969623089,0.35
121,qpu_opportunity,2,0,12,classical,1.0,1,1.9754908582263713,0.005220624734647572,0.35
121,qpu_opportunity,2,0,13,classical,1.0,1,0.9248325913554807,0.00518854008987546,0.35
121,qpu_opportunity,2,0,14,classical,1.0,1,1.512128187972066,0.0054785446263849735,0.35
121,qpu_opportunity,2,0,15,classical,1.0,1,1.2021117628834852,0.005419375374913216,0.35
121,qpu_opportunity,2,0,16,classical,0.0,0,0.0,0.005287080421112478,0.35
121,qpu_opportunity,2,0,17,classical,1.0,1,0.8231860264980952,0.005367080448195338,0.35
121,qpu_opportunity,2,0,18,classical,1.0,1,0.9248325913554807,0.005378125351853669,0.35
121,qpu_opportunity,2,0,19,classical,1.0,1,1.3065110710916836,0.005018124938942492,0.35
121,qpu_opportunity,2,0,20,classical,1.0,1,1.3065110710916836,0.00502792012412101,0.35
121,qpu_opportunity,2,0,21,classical,1.0,1,3.0070880505974076,0.00509083503857255,0.35
121,qpu_opportunity,2,0,22,classical,1.0,1,1.2772812418836565,0.005150205106474459,0.35
121,qpu_opportunity,2,0,23,classical,1.0,1,1.512128187972066,0.005161875160411,0.35
121,qpu_opportunity,2,0,24,classical,1.0,1,1.2021117628834852,0.005224795313552022,0.35
121,qpu_opportunity,2,0,25,classical,1.0,1,1.375900456055238,0.005164584727026522,0.35
121,qpu_opportunity,2,0,26,classical,0.0,0,0.0,0.005100624985061586,0.35
121,qpu_opportunity,2,0,27,classical,0.0,0,0.0,0.005355204921215773,0.35
121,qpu_opportunity,2,0,28,classical,1.0,1,2.4994053529859084,0.005254580173641443,0.35
121,qpu_opportunity,2,0,29,classical,1.0,1,1.021537296349706,0.005139999557286501,0.35
121,qpu_opportunity,2,0,30,classical,1.0,1,1.512128187972066,0.004995625349693,0.35
121,qpu_opportunity,2,0,31,classical,1.0,1,2.392122678003932,0.005336249596439302,0.35
121,qpu_opportunity,2,0,32,classical,1.0,1,0.9942219763190349,0.005357709596864879,0.35
121,qpu_opportunity,2,0,33,classical,1.0,1,1.2179832191746376,0.005286040250211954,0.35
121,qpu_opportunity,2,0,34,classical,1.0,1,2.876438878348385,0.005229164962656796,0.35
121,qpu_opportunity,2,0,35,classical,1.0,1,1.4020321723080933,0.005388334975577891,0.35
121,qpu_opportunity,2,0,36,classical,0.0,0,0.0,0.005341669893823564,0.35
121,qpu_opportunity,2,0,37,classical,1.0,1,1.2873726041381917,0.005042920238338411,0.35
121,qpu_opportunity,2,0,38,classical,1.0,1,2.368222325503328,0.005139585118740797,0.35
121,qpu_opportunity,2,0,39,classical,1.0,1,1.2021117628834852,0.005530205089598894,0.35
121,qpu_opportunity,2,1,0,classical,1.0,1,0.9248325913554807,0.005270414985716343,0.35
121,qpu_opportunity,2,1,1,classical,1.0,1,1.021537296349706,0.005236665019765496,0.35
121,qpu_opportunity,2,1,2,classical,1.0,1,0.8231860264980952,0.005272919661365449,0.35
121,qpu_opportunity,2,1,3,classical,1.0,1,1.2873726041381917,0.005377079942263663,0.35
121,qpu_opportunity,2,1,4,classical,1.0,1,1.2772812418836565,0.005372710293158889,0.35
121,qpu_opportunity,2,1,5,classical,1.0,1,1.42901469199959,0.005715209990739822,0.35
121,qpu_opportunity,2,1,6,classical,1.0,1,1.2021117628834852,0.005537290126085281,0.35
121,qpu_opportunity,2,1,7,classical,1.0,1,0.8231860264980952,0.005206250352784991,0.35
121,qpu_opportunity,2,1,8,classical,1.0,1,1.4987368773023186,0.005259165191091597,0.35
121,qpu_opportunity,2,1,9,classical,1.0,1,1.4020321723080933,0.005301875062286854,0.35
121,qpu_opportunity,2,1,10,classical,1.0,1,1.3065110710916836,0.005482914857566357,0.35
121,qpu_opportunity,2,1,11,classical,1.0,1,1.021537296349706,0.005347499973140657,0.35
121,qpu_opportunity,2,1,12,classical,1.0,1,0.9942219763190349,0.005413959734141827,0.35
121,qpu_opportunity,2,1,13,classical,1.0,1,0.9248325913554807,0.005616665002889931,0.35
121,qpu_opportunity,2,1,14,classical,1.0,1,1.4987368773023186,0.005271665286272764,0.35
121,qpu_opportunity,2,1,15,classical,1.0,1,1.3065110710916836,0.0049027049681171775,0.35
121,qpu_opportunity,2,1,16,classical,1.0,1,1.4987368773023186,0.005001249955967069,0.35
121,qpu_opportunity,2,1,17,classical,0.0,0,0.0,0.0051697902381420135,0.35
121,qpu_opportunity,2,1,18,classical,1.0,1,1.2873726041381917,0.005268125096336007,0.35
121,qpu_opportunity,2,1,19,classical,1.0,1,1.2021117628834852,0.005255835130810738,0.35
121,qpu_opportunity,2,1,20,classical,1.0,1,1.2021117628834852,0.005247499793767929,0.35
121,qpu_opportunity,2,1,21,classical,1.0,1,1.375900456055238,0.0053625000873580575,0.35
121,qpu_opportunity,2,1,22,classical,1.0,1,3.019377290038524,0.005227079964242876,0.35
121,qpu_opportunity,2,1,23,classical,1.0,1,1.5478824141406815,0.005590625223703682,0.35
121,qpu_opportunity,2,1,24,classical,1.0,1,1.2873726041381917,0.004961250233463943,0.35
121,qpu_opportunity,2,1,25,classical,1.0,1,0.9942219763190349,0.005100415437482297,0.35
121,qpu_opportunity,2,1,26,classical,1.0,1,0.9248325913554807,0.005193329998292029,0.35
121,qpu_opportunity,2,1,27,classical,1.0,1,0.9248325913554807,0.005380834918469191,0.35
121,qpu_opportunity,2,1,28,classical,1.0,1,1.3065110710916836,0.005443334812298417,0.35
121,qpu_opportunity,2,1,29,classical,1.0,1,0.8231860264980952,0.005304375081323087,0.35
121,qpu_opportunity,2,1,30,classical,1.0,1,2.500885862253158,0.005253124982118607,0.35
121,qpu_opportunity,2,1,31,classical,1.0,1,0.9248325913554807,0.005335414898581803,0.35
121,qpu_opportunity,2,1,32,classical,1.0,1,1.461437968998261,0.005065209697932005,0.35
121,qpu_opportunity,2,1,33,classical,1.0,1,2.500885862253158,0.005166875198483467,0.35
121,qpu_opportunity,2,1,34,classical,1.0,1,0.8231860264980952,0.005267079686746001,0.35
121,qpu_opportunity,2,1,35,classical,0.0,0,0.0,0.005286874948069453,0.35
121,qpu_opportunity,2,1,36,classical,0.0,0,0.0,0.005518125253729522,0.35
121,qpu_opportunity,2,1,37,classical,1.0,1,1.4987368773023186,0.005314795416779816,0.35
121,qpu_opportunity,2,1,38,classical,1.0,1,0.8231860264980952,0.0054722948698326945,0.35
121,qpu_opportunity,2,1,39,classical,1.0,1,1.5830882086635565,0.005307914689183235,0.35
121,qpu_opportunity,2,2,0,qpu_A,1.0,1,0.0,1.261499281108893,0.35
121,qpu_opportunity,2,2,1,qpu_A,1.0,1,1.2179832191746376,0.21244271558339747,0.35
121,qpu_opportunity,2,2,2,qpu_A,1.0,1,0.9248325913554807,1.2206145131622455,0.35
121,qpu_opportunity,2,2,3,qpu_A,1.0,1,0.9248325913554807,0.21469513491494566,0.35
121,qpu_opportunity,2,2,4,qpu_A,1.0,1,0.8231860264980952,0.20231558940265043,0.35
121,qpu_opportunity,2,2,5,qpu_A,1.0,1,0.8231860264980952,0.2110169376591681,0.35
121,qpu_opportunity,2,2,6,qpu_A,0.0,0,0.0,0.19604184104528133,0.35
121,qpu_opportunity,2,2,7,qpu_A,0.0,0,0.0,0.20598012611964098,0.35
121,qpu_opportunity,2,2,8,qpu_A,1.0,1,0.8231860264980952,0.20248059017502174,0.35
121,qpu_opportunity,2,2,9,qpu_A,1.0,1,1.021537296349706,0.21090206433897443,0.35
121,qpu_opportunity,2,2,10,qpu_A,1.0,1,0.9248325913554807,0.21704555623206262,0.35
121,qpu_opportunity,2,2,11,qpu_A,1.0,1,0.8231860264980952,0.2002882205313507,0.35
121,qpu_opportunity,2,2,12,qpu_A,1.0,1,0.8231860264980952,2.0141996221928347,0.35
121,qpu_opportunity,2,2,13,qpu_A,0.0,0,0.0,0.1977971955229875,0.35
121,qpu_opportunity,2,2,14,qpu_A,1.0,1,0.0,1.7266480839570542,0.35
121,qpu_opportunity,2,2,15,qpu_A,1.0,1,1.2179832191746376,0.8596054341516661,0.35
121,qpu_opportunity,2,2,16,qpu_A,1.0,1,0.8231860264980952,0.21191248233882437,0.35
121,qpu_opportunity,2,2,17,qpu_A,1.0,1,0.8231860264980952,0.23271008456421313,0.35
121,qpu_opportunity,2,2,18,qpu_A,1.0,1,0.9248325913554807,0.1999201593927762,0.35
121,qpu_opportunity,2,2,19,qpu_A,0.0,0,0.0,0.20605524014363585,0.35
121,qpu_opportunity,2,2,20,qpu_A,1.0,1,0.8231860264980952,0.2131473683377554,0.35
121,qpu_opportunity,2,2,21,qpu_A,0.0,0,0.0,0.2074460033832571,0.35
121,qpu_opportunity,2,2,22,qpu_A,0.0,0,0.0,0.21701913318933677,0.35
121,qpu_opportunity,2,2,23,qpu_A,0.0,0,0.0,0.2146237250595453,0.35
121,qpu_opportunity,2,2,24,qpu_A,1.0,1,0.9248325913554807,0.23949929711747855,0.35
121,qpu_opportunity,2,2,25,qpu_A,0.0,0,0.0,0.2009331382092733,0.35
121,qpu_opportunity,2,2,26,qpu_A,1.0,1,0.8231860264980952,0.1982499773275774,0.35
121,qpu_opportunity,2,2,27,qpu_A,0.0,0,0.0,0.2062090112184179,0.35
121,qpu_opportunity,2,2,28,qpu_A,0.0,0,0.0,0.21256929399792773,0.35
121,qpu_opportunity,2,2,29,qpu_A,0.0,0,0.0,0.20084017322574635,0.35
121,qpu_opportunity,2,2,30,qpu_A,1.0,1,0.8231860264980952,0.2137355769462326,0.35
121,qpu_opportunity,2,2,31,qpu_A,0.0,0,0.0,0.20621013110443728,0.35
121,qpu_opportunity,2,2,32,qpu_A,1.0,1,0.8231860264980952,0.19765384554226964,0.35
121,qpu_opportunity,2,2,33,qpu_A,0.0,0,0.0,0.2111814221983019,0.35
121,qpu_opportunity,2,2,34,qpu_A,1.0,1,0.9248325913554807,1.1961961700785866,0.35
121,qpu_opportunity,2,2,35,qpu_A,0.0,0,0.0,0.20662151118483404,0.35
121,qpu_opportunity,2,2,36,qpu_A,1.0,1,0.8231860264980952,0.2105835095644357,0.35
121,qpu_opportunity,2,2,37,qpu_A,0.0,0,0.0,0.23188347957360897,0.35
121,qpu_opportunity,2,2,38,qpu_A,1.0,1,0.8231860264980952,0.2021401394741684,0.35
121,qpu_opportunity,2,2,39,qpu_A,0.0,0,0.0,0.206026648467598,0.35
121,qpu_opportunity,2,3,0,qpu_A,1.0,1,1.2179832191746376,1.1863714104095855,0.35
121,qpu_opportunity,2,3,1,qpu_A,1.0,1,0.9248325913554807,0.151184412056063,0.35
121,qpu_opportunity,2,3,2,qpu_A,1.0,1,1.3003856074507076,1.0986521236268314,0.35
121,qpu_opportunity,2,3,3,qpu_A,1.0,1,1.021537296349706,0.12401338332271523,0.35
121,qpu_opportunity,2,3,4,qpu_A,1.0,1,1.2772812418836565,0.1194281782945741,0.35
121,qpu_opportunity,2,3,5,qpu_A,1.0,1,1.2179832191746376,0.13053828864852263,0.35
121,qpu_opportunity,2,3,6,qpu_A,1.0,1,1.2179832191746376,0.13113291031364677,0.35
121,qpu_opportunity,2,3,7,qpu_A,1.0,1,1.2021117628834852,0.13250563308815705,0.35
121,qpu_opportunity,2,3,8,qpu_A,1.0,1,1.2772812418836565,0.130236450695346,0.35
121,qpu_opportunity,2,3,9,qpu_A,1.0,1,0.9942219763190349,0.16432912712167314,0.35
121,qpu_opportunity,2,3,10,qpu_A,1.0,1,1.2179832191746376,0.12557086088242336,0.35
121,qpu_opportunity,2,3,11,qpu_A,1.0,1,0.8231860264980952,0.12351692742571412,0.35
121,qpu_opportunity,2,3,12,qpu_A,1.0,1,1.021537296349706,1.6801077574960552,0.35
121,qpu_opportunity,2,3,13,qpu_A,1.0,1,1.3003856074507076,0.15306111139759287,0.35
121,qpu_opportunity,2,3,14,qpu_A,1.0,1,0.8231860264980952,1.609503672979475,0.35
121,qpu_opportunity,2,3,15,qpu_A,1.0,1,1.375900456055238,0.8753425962299246,0.35
121,qpu_opportunity,2,3,16,qpu_A,0.0,0,0.0,0.12020647647606776,0.35
121,qpu_opportunity,2,3,17,qpu_A,0.0,0,0.0,0.13067141261862247,0.35
121,qpu_opportunity,2,3,18,qpu_A,1.0,1,0.8231860264980952,0.13599126951283555,0.35
121,qpu_opportunity,2,3,19,qpu_A,0.0,0,0.0,0.12362447924070526,0.35
121,qpu_opportunity,2,3,20,qpu_A,1.0,1,0.9248325913554807,0.12395947559406321,0.35
121,qpu_opportunity,2,3,21,qpu_A,1.0,1,1.461437968998261,0.13600423445876517,0.35
121,qpu_opportunity,2,3,22,qpu_A,1.0,1,1.2021117628834852,0.1476286441606626,0.35
121,qpu_opportunity,2,3,23,qpu_A,1.0,1,0.9248325913554807,0.128517411339898,0.35
121,qpu_opportunity,2,3,24,qpu_A,1.0,1,1.2873726041381917,0.14280138174850696,0.35
121,qpu_opportunity,2,3,25,qpu_A,1.0,1,0.8231860264980952,0.13278744747728816,0.35
121,qpu_opportunity,2,3,26,qpu_A,1.0,1,1.2873726041381917,0.13333393499588725,0.35
121,qpu_opportunity,2,3,27,qpu_A,1.0,1,0.8231860264980952,0.1422721881857112,0.35
121,qpu_opportunity,2,3,28,qpu_A,1.0,1,1.2179832191746376,0.14304315538614001,0.35
121,qpu_opportunity,2,3,29,qpu_A,1.0,1,0.8231860264980952,0.14242003383418317,0.35
121,qpu_opportunity,2,3,30,qpu_A,0.0,0,0.0,0.11854703388206432,0.35
121,qpu_opportunity,2,3,31,qpu_A,1.0,1,1.2179832191746376,0.14789286422234804,0.35
121,qpu_opportunity,2,3,32,qpu_A,1.0,1,1.2179832191746376,0.12797508493429793,0.35
121,qpu_opportunity,2,3,33,qpu_A,1.0,1,0.9248325913554807,0.13293429036596843,0.35
121,qpu_opportunity,2,3,34,qpu_A,1.0,1,1.2179832191746376,0.9865284301178631,0.35
121,qpu_opportunity,2,3,35,qpu_A,1.0,1,1.2179832191746376,0.12780127064137028,0.35
121,qpu_opportunity,2,3,36,qpu_A,1.0,1,0.8231860264980952,0.11967046712472514,0.35
121,qpu_opportunity,2,3,37,qpu_A,1.0,1,0.8231860264980952,0.12077184482668414,0.35
121,qpu_opportunity,2,3,38,qpu_A,1.0,1,1.3065110710916836,0.14110263674132886,0.35
121,qpu_opportunity,2,3,39,qpu_A,1.0,1,1.2021117628834852,0.14619927837796054,0.35
121,qpu_opportunity,2,4,0,qpu_B,1.0,1,0.8231860264980952,0.2969741789978879,0.35
121,qpu_opportunity,2,4,1,qpu_B,1.0,1,0.8231860264980952,0.30531473240672635,0.35
121,qpu_opportunity,2,4,2,qpu_B,1.0,1,0.8231860264980952,0.30497654692807274,0.35
121,qpu_opportunity,2,4,3,qpu_B,1.0,1,0.8231860264980952,0.29407910116630753,0.35
121,qpu_opportunity,2,4,4,qpu_B,1.0,1,0.8231860264980952,0.29414021599603685,0.35
121,qpu_opportunity,2,4,5,qpu_B,0.0,0,0.0,0.296394751904674,0.35
121,qpu_opportunity,2,4,6,qpu_B,1.0,1,0.9248325913554807,0.30318130202387045,0.35
121,qpu_opportunity,2,4,7,qpu_B,1.0,1,0.8231860264980952,0.3048205510520512,0.35
121,qpu_opportunity,2,4,8,qpu_B,1.0,1,0.8231860264980952,1.5187835848499762,0.35
121,qpu_opportunity,2,4,9,qpu_B,1.0,1,0.8231860264980952,0.2952055603739839,0.35
121,qpu_opportunity,2,4,10,qpu_B,1.0,1,0.8231860264980952,0.29609136694184224,0.35
121,qpu_opportunity,2,4,11,qpu_B,1.0,1,0.8231860264980952,0.2955891568134833,0.35
121,qpu_opportunity,2,4,12,qpu_B,1.0,1,0.8231860264980952,0.29795775122530316,0.35
121,qpu_opportunity,2,4,13,qpu_B,1.0,1,0.8231860264980952,0.2928523118658144,0.35
121,qpu_opportunity,2,4,14,qpu_B,1.0,1,0.8231860264980952,0.2961314542833147,0.35
121,qpu_opportunity,2,4,15,qpu_B,1.0,1,0.8231860264980952,0.2944657341569437,0.35
121,qpu_opportunity,2,4,16,qpu_B,1.0,1,0.8231860264980952,0.29354665392822266,0.35
121,qpu_opportunity,2,4,17,qpu_B,1.0,1,0.8231860264980952,0.29547765431231954,0.35
121,qpu_opportunity,2,4,18,qpu_B,1.0,1,0.8231860264980952,0.2941163192434338,0.35
121,qpu_opportunity,2,4,19,qpu_B,1.0,1,0.8231860264980952,0.30081955705703667,0.35
121,qpu_opportunity,2,4,20,qpu_B,1.0,1,0.8231860264980952,0.30678081793154477,0.35
121,qpu_opportunity,2,4,21,qpu_B,1.0,1,0.8231860264980952,0.2944375786949255,0.35
121,qpu_opportunity,2,4,22,qpu_B,1.0,1,0.8231860264980952,0.2987306160752855,0.35
121,qpu_opportunity,2,4,23,qpu_B,1.0,1,1.2021117628834852,1.0684123198758622,0.35
121,qpu_opportunity,2,4,24,qpu_B,1.0,1,0.8231860264980952,0.3057726420610654,0.35
121,qpu_opportunity,2,4,25,qpu_B,1.0,1,0.8231860264980952,1.4636873778689978,0.35
121,qpu_opportunity,2,4,26,qpu_B,1.0,1,0.8231860264980952,0.29846018166337207,0.35
121,qpu_opportunity,2,4,27,qpu_B,1.0,1,0.8231860264980952,0.29768053231080926,0.35
121,qpu_opportunity,2,4,28,qpu_B,1.0,1,0.8231860264980952,0.3045861247675469,0.35
121,qpu_opportunity,2,4,29,qpu_B,1.0,1,0.8231860264980952,0.29781124117796465,0.35
121,qpu_opportunity,2,4,30,qpu_B,1.0,1,0.8231860264980952,0.3013041291507647,0.35
121,qpu_opportunity,2,4,31,qpu_B,0.0,0,0.0,0.2978637310410214,0.35
121,qpu_opportunity,2,4,32,qpu_B,1.0,1,0.8231860264980952,0.294532322901227,0.35
121,qpu_opportunity,2,4,33,qpu_B,1.0,1,0.8231860264980952,0.29399670689158103,0.35
121,qpu_opportunity,2,4,34,qpu_B,0.0,0,0.0,0.2992248365930706,0.35
121,qpu_opportunity,2,4,35,qpu_B,1.0,1,0.8231860264980952,0.29711554060895307,0.35
121,qpu_opportunity,2,4,36,qpu_B,1.0,1,0.8231860264980952,0.2993726996485745,0.35
121,qpu_opportunity,2,4,37,qpu_B,1.0,1,0.8231860264980952,0.3085683373873601,0.35
121,qpu_opportunity,2,4,38,qpu_B,1.0,1,0.8231860264980952,0.2945441939097794,0.35
121,qpu_opportunity,2,4,39,qpu_B,1.0,1,0.8231860264980952,0.2976313604340411,0.35
121,qpu_opportunity,2,5,0,qpu_B,1.0,1,0.8231860264980952,0.07402493862864273,0.35
121,qpu_opportunity,2,5,1,qpu_B,1.0,1,1.2179832191746376,0.05870325070021895,0.35
121,qpu_opportunity,2,5,2,qpu_B,1.0,1,1.3065110710916836,0.06186807562286237,0.35
121,qpu_opportunity,2,5,3,qpu_B,1.0,1,1.021537296349706,0.06199574258677276,0.35
121,qpu_opportunity,2,5,4,qpu_B,1.0,1,1.375900456055238,0.06501253986075824,0.35
121,qpu_opportunity,2,5,5,qpu_B,1.0,1,0.8231860264980952,0.07588604444295877,0.35
121,qpu_opportunity,2,5,6,qpu_B,1.0,1,0.8231860264980952,0.0626215622308809,0.35
121,qpu_opportunity,2,5,7,qpu_B,1.0,1,0.9248325913554807,0.06992472218401619,0.35
121,qpu_opportunity,2,5,8,qpu_B,1.0,1,1.2021117628834852,1.0070895421803217,0.35
121,qpu_opportunity,2,5,9,qpu_B,1.0,1,1.021537296349706,0.05924892035056156,0.35
121,qpu_opportunity,2,5,10,qpu_B,1.0,1,1.2179832191746376,0.06187083384243154,0.35
121,qpu_opportunity,2,5,11,qpu_B,1.0,1,0.8231860264980952,0.06741513702753443,0.35
121,qpu_opportunity,2,5,12,qpu_B,1.0,1,1.2179832191746376,0.0646683052957705,0.35
121,qpu_opportunity,2,5,13,qpu_B,1.0,1,0.9942219763190349,0.07080239810970984,0.35
121,qpu_opportunity,2,5,14,qpu_B,1.0,1,0.8231860264980952,0.07148308902556515,0.35
121,qpu_opportunity,2,5,15,qpu_B,1.0,1,0.8231860264980952,0.06273805708275909,0.35
121,qpu_opportunity,2,5,16,qpu_B,1.0,1,1.2179832191746376,0.06262741677729,0.35
121,qpu_opportunity,2,5,17,qpu_B,1.0,1,0.8231860264980952,0.0629418508442966,0.35
121,qpu_opportunity,2,5,18,qpu_B,1.0,1,1.4163344890262481,0.06602601109100525,0.35
121,qpu_opportunity,2,5,19,qpu_B,0.0,0,0.0,0.07142704314132821,0.35
121,qpu_opportunity,2,5,20,qpu_B,1.0,1,0.8231860264980952,0.06600475023052027,0.35
121,qpu_opportunity,2,5,21,qpu_B,1.0,1,1.021537296349706,0.0745884297431291,0.35
121,qpu_opportunity,2,5,22,qpu_B,1.0,1,1.021537296349706,0.07717934615939703,0.35
121,qpu_opportunity,2,5,23,qpu_B,1.0,1,1.2179832191746376,0.6663394207592713,0.35
121,qpu_opportunity,2,5,24,qpu_B,1.0,1,0.9248325913554807,0.06380219492083324,0.35
121,qpu_opportunity,2,5,25,qpu_B,1.0,1,0.8231860264980952,1.1802103213499104,0.35
121,qpu_opportunity,2,5,26,qpu_B,1.0,1,0.9248325913554807,0.06652427725378122,0.35
121,qpu_opportunity,2,5,27,qpu_B,1.0,1,0.9942219763190349,0.06320031212129223,0.35
121,qpu_opportunity,2,5,28,qpu_B,0.0,0,0.0,0.07121376480251522,0.35
121,qpu_opportunity,2,5,29,qpu_B,1.0,1,1.2179832191746376,0.06281795956898747,0.35
121,qpu_opportunity,2,5,30,qpu_B,1.0,1,1.2179832191746376,0.06109561946470857,0.35
121,qpu_opportunity,2,5,31,qpu_B,1.0,1,0.8231860264980952,0.05960859090810729,0.35
121,qpu_opportunity,2,5,32,qpu_B,1.0,1,0.8231860264980952,0.06550085892560113,0.35
121,qpu_opportunity,2,5,33,qpu_B,1.0,1,0.9942219763190349,0.06429979284085076,0.35
121,qpu_opportunity,2,5,34,qpu_B,1.0,1,1.021537296349706,0.055149130227160975,0.35
121,qpu_opportunity,2,5,35,qpu_B,1.0,1,0.8231860264980952,0.07267443690682998,0.35
121,qpu_opportunity,2,5,36,qpu_B,1.0,1,1.2179832191746376,0.06251521167499283,0.35
121,qpu_opportunity,2,5,37,qpu_B,1.0,1,1.2772812418836565,0.06651413517687836,0.35
121,qpu_opportunity,2,5,38,qpu_B,1.0,1,1.2179832191746376,0.0648933046652338,0.35
121,qpu_opportunity,2,5,39,qpu_B,1.0,1,0.8231860264980952,0.06452122443792298,0.35
