workload,seed,rival,du,incremental_search_s,n_be
qaoa,0,hand_designed,11.405269460169043,96.95911646254774,8.501256090543139
qaoa,1,hand_designed,10.583587261359174,65.99382831201503,6.235487711520972
qaoa,2,hand_designed,10.726071814105516,278.22413160712756,25.939051726396595
qaoa,3,hand_designed,10.07426330311071,88.30607782571433,8.765512193675479
qaoa,4,hand_designed,10.319446558766671,117.34506982069568,11.371256118479302
qaoa,5,hand_designed,11.215934217816509,63.0393512402248,5.620517204896477
qaoa,6,hand_designed,9.951153827153314,18.644708559061204,1.873622786152309
qaoa,7,hand_designed,10.756965840064913,30.399035923424783,2.82598609825476
qaoa,8,hand_designed,11.370020809379339,114.13221640558154,10.037995384443956
qaoa,9,hand_designed,11.355143313845646,96.59122945030111,8.50638576551691
qaoa,10,hand_designed,10.848585035691588,136.4954194855451,12.581863813251076
qaoa,11,hand_designed,10.861316132163228,143.16133716318174,13.180846171970188
qaoa_channel,0,hand_designed,10.973209847786508,95.50730823375233,8.703680104415195
qaoa_channel,1,hand_designed,10.673731946748383,269.3134058226672,25.231419260506176
qaoa_channel,2,hand_designed,10.75519838404947,18.31650109679519,1.7030370284902911
qaoa_channel,3,hand_designed,10.351107310990812,432.7090285302494,41.80316322977337
qaoa_channel,4,hand_designed,10.64618065869365,240.95706112116184,22.633192958678265
qaoa_channel,5,hand_designed,11.732506121612007,55.298362666958774,4.713260925992252
qaoa_channel,6,hand_designed,10.731236082593215,128.32546494527125,11.958125229713636
qaoa_channel,7,hand_designed,10.777270466669936,27.12080400514514,2.5164817092620653
qaoa_channel,8,hand_designed,11.076211212059908,119.76716177043758,10.813008119602639
qaoa_channel,9,hand_designed,11.360860934621217,96.77424743464918,8.518214243758433
qaoa_channel,10,hand_designed,10.60152934514678,32.2305447607464,3.040178799816373
qaoa_channel,11,hand_designed,10.85847071568913,72.94396626399218,6.717701615071567
qaoa_place,0,hand_designed,9.170449536552864,97.12911943595267,10.591533059399303
qaoa_place,1,hand_designed,11.153362533611103,30.952406884353167,2.775163704315793
qaoa_place,2,hand_designed,10.713634469525719,63.06029736477844,5.885985520987264
qaoa_place,3,hand_designed,10.42144474373264,145.849869331457,13.99516793668841
qaoa_place,4,hand_designed,10.864157375424027,61.68023954029145,5.677406669367589
qaoa_place,5,hand_designed,11.1106370523493,165.62936143941684,14.907278552888663
qaoa_place,6,hand_designed,10.590595908825,37.49594940858626,3.5404947683200145
qaoa_place,7,hand_designed,10.744910863475347,174.46456690169174,16.236948739588026
qaoa_place,8,hand_designed,10.770300530749465,195.8838597076505,18.187408898052325
qaoa_place,9,hand_designed,11.283766091390351,96.75731967319967,8.57491363163108
qaoa_place,10,hand_designed,10.384359312866808,51.42519328596857,4.952177764327728
qaoa_place,11,hand_designed,10.881780488614547,20.74070177028001,1.9060025877181324
vqc,0,hand_designed,0.1290971066243495,8.334687338664333,64.5613798527402
vqc,1,hand_designed,0.35026956121128416,6.579319268177239,18.78358840381384
vqc,2,hand_designed,0.08149670800101899,12.871007797807255,157.9328553694012
vqc,3,hand_designed,0.13535867448168767,4.154799738228642,30.694743090076095
vqc,4,hand_designed,0.16408010634911918,7.793205986536266,47.49634894771692
vqc,5,hand_designed,0.38690266461856254,7.587079099837975,19.609787664083118
vqc,6,hand_designed,0.3736544359069186,5.986588781150779,16.021725438961745
vqc,7,hand_designed,0.1509912350929782,5.164498034395061,34.20395913189821
vqc,8,hand_designed,0.1127518201057121,9.9044427708547,87.84286374773062
vqc,9,hand_designed,0.2352046698398741,4.701652667514841,19.989622955682375
vqc,10,hand_designed,0.16698544030575518,2.1835159450648876,13.076085801653166
vqc,11,hand_designed,0.3369087122273064,8.380500502590143,24.87469215974435
vqc_cancer,0,hand_designed,0.1271994019652942,7.86266380030165,61.81368527539889
vqc_cancer,1,hand_designed,0.2193949092086377,6.760118331090468,30.812557845915226
vqc_cancer,2,hand_designed,0.1697840088192716,10.570337806629846,62.257558177234195
vqc_cancer,3,hand_designed,0.1202734407265045,4.463411700124996,37.1105347378775
vqc_cancer,4,hand_designed,0.16658070752510898,8.070148291149176,48.445875942343136
vqc_cancer,5,hand_designed,0.2669674485799194,8.637296704158583,32.353370233348585
vqc_cancer,6,hand_designed,0.2331834584498565,5.976125549150779,25.62842831510657
vqc_cancer,7,hand_designed,0.12074106760081621,4.8034612491773885,39.78316031673814
vqc_cancer,8,hand_designed,0.146030518315662,7.155502358564168,49.000047668780546
vqc_cancer,9,hand_designed,0.2382436884511511,1.1137524837340325,4.674845705146113
vqc_cancer,10,hand_designed,0.1563871280920048,2.1808414490648884,13.9451467372805
vqc_cancer,11,hand_designed,0.2275411113532254,3.878103441110194,17.04352860916631
qaoa,0,sequential,-0.021988401380677397,6.208210707626137,inf
qaoa,1,sequential,6.610871371034334,0.0,0.0
qaoa,2,sequential,18.82097387891507,0.0,0.0
qaoa,3,sequential,-0.5590871872740147,4.967796220677997,inf
qaoa,4,sequential,1.1677378178302777e-05,0.0,0.0
qaoa,5,sequential,2.3228359083041075,0.0,0.0
qaoa,6,sequential,-0.5321031332346471,0.0,inf
qaoa,7,sequential,0.0281399650153704,0.0,0.0
qaoa,8,sequential,4.445615160381111e-05,0.0,0.0
qaoa,9,sequential,1.5955476833508753,0.0,0.0
qaoa,10,sequential,2.9101624135885644,0.0,0.0
qaoa,11,sequential,0.002974792380733001,67.23464568247519,22601.458211987316
qaoa_channel,0,sequential,-0.021988401380677397,4.756402478830722,inf
qaoa_channel,1,sequential,6.692842026475501,0.0,0.0
qaoa_channel,2,sequential,18.920231519552196,0.0,0.0
qaoa_channel,3,sequential,0.015463006467158102,346.06921579825195,22380.461169260245
qaoa_channel,4,sequential,-2.0088414619699388e-05,52.02525640061148,inf
qaoa_channel,5,sequential,0.0091981754943295,0.0,0.0
qaoa_channel,6,sequential,-3.93438457586999e-05,63.692623020010814,inf
qaoa_channel,7,sequential,0.031020765164269902,0.0,0.0
qaoa_channel,8,sequential,8.389305352200088e-05,0.0,0.0
qaoa_channel,9,sequential,1.6237357650803963,0.0,0.0
qaoa_channel,10,sequential,2.966521163414025,0.0,0.0
qaoa_channel,11,sequential,7.0008762140000725e-06,15.544146286392632,2220314.402261258
qaoa_place,0,sequential,-0.3175007753909773,6.2489242427253515,inf
qaoa_place,1,sequential,6.681542586961141,0.0,0.0
qaoa_place,2,sequential,18.884834286321464,0.0,0.0
qaoa_place,3,sequential,-0.0587072006735682,57.996178135514484,inf
qaoa_place,4,sequential,0.020498201503144697,0.0,0.0
qaoa_place,5,sequential,0.0906282613413004,91.1785665447608,1006.0721147610675
qaoa_place,6,sequential,0.10746250666082771,0.0,0.0
qaoa_place,7,sequential,0.09244180047666478,102.35768100769188,1107.2661986233184
qaoa_place,8,sequential,1.4713235540808611e-05,62.92549732337034,4276795.348571717
qaoa_place,9,sequential,1.1678334673218969,0.0,0.0
qaoa_place,10,sequential,2.9391150767226675,0.0,0.0
qaoa_place,11,sequential,-8.52174677219708e-06,0.0,inf
vqc,0,sequential,-0.032495354302733204,6.1767405933956026,inf
vqc,1,sequential,-0.0019607827638232073,4.608352366633751,inf
vqc,2,sequential,-0.09578730081825268,10.183651650145348,inf
vqc,3,sequential,-0.0360373056908114,1.1481038469524707,inf
vqc,4,sequential,-0.01689934856163519,4.137473171958441,inf
vqc,5,sequential,0.019707020837327713,0.0,0.0
vqc,6,sequential,-0.007500000000000007,0.06234411140533602,inf
vqc,7,sequential,0.023375167492162008,1.0060057477809217,43.03737066775022
vqc,8,sequential,-0.033006802569737606,6.044415151491281,inf
vqc,9,sequential,0.0018749999999999878,0.0,0.0
vqc,10,sequential,-0.04984478045462429,0.0,inf
vqc,11,sequential,-0.07969798415930374,4.218425814585007,inf
vqc_cancer,0,sequential,-0.005669587720453201,5.70659507103292,inf
vqc_cancer,1,sequential,-0.0131249498199335,0.0,inf
vqc_cancer,2,sequential,-9.102771131350162e-05,7.894253115639939,inf
vqc_cancer,3,sequential,0.04735050054244741,0.0,0.0
vqc_cancer,4,sequential,-0.004485579365294298,4.420052885243352,inf
vqc_cancer,5,sequential,0.013522107266198596,0.0,0.0
vqc_cancer,6,sequential,0.0091439661855931,0.0800679227653367,8.756366891588991
vqc_cancer,7,sequential,0.0,0.6449689625632491,inf
vqc_cancer,8,sequential,-0.0191037033926469,3.2947848874432486,inf
vqc_cancer,9,sequential,-0.011819249113347405,0.0,inf
vqc_cancer,10,sequential,0.005897860997438206,0.0,0.0
vqc_cancer,11,sequential,0.0035230605465692982,0.5291671160613012,150.2009713050762
qaoa,0,random,-0.0346519346481786,35.46605414246989,inf
qaoa,1,random,-0.10773773106349101,0.0,inf
qaoa,2,random,-0.014965313961757399,216.234485499844,inf
qaoa,3,random,-0.5544647127997296,0.0,inf
qaoa,4,random,0.3743737434472767,26.43461287459185,70.61022130232446
qaoa,5,random,0.1149934334995023,0.0,0.0
qaoa,6,random,-0.5321412321797385,0.0,inf
qaoa,7,random,3.6290983204199934e-05,0.0,0.0
qaoa,8,random,9.172615425906416e-06,0.0,0.0
qaoa,9,random,0.550953648032728,0.0,0.0
qaoa,10,random,-0.05159636899673059,0.0,inf
qaoa,11,random,0.0029909065848398014,0.0,0.0
qaoa_channel,0,random,-0.0338334925120649,0.0,inf
qaoa_channel,1,random,-1.8967842740499723e-05,55.50253446280095,inf
qaoa_channel,2,random,1.6523892097799987e-05,0.0,0.0
qaoa_channel,3,random,0.0065073230752838,356.57372431887075,54795.76166630081
qaoa_channel,4,random,-9.91381132240017e-06,47.260110130437056,inf
qaoa_channel,5,random,-1.9088562256200045e-05,0.0,inf
qaoa_channel,6,random,-1.8939202087800422e-05,35.58523963370189,inf
qaoa_channel,7,random,-1.3827998023299964e-05,0.0,inf
qaoa_channel,8,random,6.350532154995869e-06,70.34023073282043,11076273.454892252
qaoa_channel,9,random,-0.021692311920928298,0.0,inf
qaoa_channel,10,random,4.5847111475300246e-05,0.0,0.0
qaoa_channel,11,random,1.7552362632199982e-05,0.0,0.0
qaoa_place,0,random,-0.7832865361619841,31.492836271357888,inf
qaoa_place,1,random,0.0954907298569361,0.0,0.0
qaoa_place,2,random,-0.029225374252936302,0.0,inf
qaoa_place,3,random,1.461122623909461e-05,53.70135226680816,3675348.7618391556
qaoa_place,4,random,0.020500701781234896,0.0,0.0
qaoa_place,5,random,0.11328564160680331,0.0,0.0
qaoa_place,6,random,0.0134354880616654,0.0,0.0
qaoa_place,7,random,1.0861296363601225e-05,0.0,0.0
qaoa_place,8,random,-0.12575982926266388,72.84614352144072,inf
qaoa_place,9,random,0.0194524984134802,0.0,0.0
qaoa_place,10,random,0.006390161413279,0.0,0.0
qaoa_place,11,random,1.904514378589517e-05,0.0,0.0
vqc,0,random,0.16434251979381412,0.0,0.0
vqc,1,random,-0.006876230528269203,0.46620911931255815,inf
vqc,2,random,-0.13282330580795917,0.14462882719059778,inf
vqc,3,random,-0.0010373056908113132,0.0,inf
vqc,4,random,-0.015082832257774792,0.0,inf
vqc,5,random,-0.011874999999999997,2.351436564424832,inf
vqc,6,random,0.08336494364265529,2.527196322683051,30.314856728217855
vqc,7,random,-0.00048611005005369523,0.8457297950062213,inf
vqc,8,random,0.00234630179005009,0.0,0.0
vqc,9,random,0.02436569032722738,0.0,0.0
vqc,10,random,0.0,0.0,inf
vqc,11,random,-0.049697382574061144,5.153228420798234,inf
vqc_cancer,0,random,-0.002522704659055401,0.0,inf
vqc_cancer,1,random,0.019704172126065893,0.6532458782257864,33.152668076911105
vqc_cancer,2,random,-0.0001610049897066007,0.0,inf
vqc_cancer,3,random,0.0,0.0,inf
vqc_cancer,4,random,-0.0050822310817849985,0.0,inf
vqc_cancer,5,random,0.0,3.471364796946405,inf
vqc_cancer,6,random,-0.003319678424120412,2.5102941786830506,inf
vqc_cancer,7,random,-8.31204776561012e-05,0.4796961457885498,inf
vqc_cancer,8,random,-0.011829655995416903,0.0,inf
vqc_cancer,9,random,5.575088665269595e-05,0.0,0.0
vqc_cancer,10,random,2.6687786249701695e-05,0.0,0.0
vqc_cancer,11,random,-0.0006248994835527932,0.5370152408753337,inf
qaoa,0,feasible_random,-0.0897870537331446,94.6903640746179,inf
qaoa,1,feasible_random,-0.1076780717966992,65.63637551536863,inf
qaoa,2,feasible_random,-1.152124884009828e-05,277.87499797468837,inf
qaoa,3,feasible_random,-0.5500687266634116,87.64364345278109,inf
qaoa,4,feasible_random,1.652859032080095e-05,116.99624120615994,7078416.182832128
qaoa,5,feasible_random,0.1100777303363125,61.06847095632781,554.7758912701937
qaoa,6,feasible_random,-0.00026319687438225436,16.09028377126261,inf
qaoa,7,feasible_random,-0.00034910456964650297,29.722526977804986,inf
qaoa,8,feasible_random,-0.0004067600886035888,113.78266074984506,inf
qaoa,9,feasible_random,0.5507215894405671,96.22679807587883,174.72857414874136
qaoa,10,feasible_random,-0.000271244103552587,136.14678802278297,inf
qaoa,11,feasible_random,0.0026993451484783014,141.73737478473723,52508.05917303264
qaoa_channel,0,feasible_random,-0.033851555605694895,95.13626422544424,inf
qaoa_channel,1,feasible_random,-5.252729978539976e-05,267.7166997598745,inf
qaoa_channel,2,feasible_random,-2.4606363609300046e-05,17.946782117673074,inf
qaoa_channel,3,feasible_random,-3.861583688500279e-06,430.874642845258,inf
qaoa_channel,4,feasible_random,-5.029898843529959e-05,240.5847717115337,inf
qaoa_channel,5,feasible_random,-7.362854714530005e-05,53.3887575019263,inf
qaoa_channel,6,feasible_random,1.361664863069878e-05,127.9528897375228,9396797.494579729
qaoa_channel,7,feasible_random,-4.542000987819994e-05,26.0203996821025,inf
qaoa_channel,8,feasible_random,3.9604982240981634e-06,119.3898500277919,30145159.339132868
qaoa_channel,9,feasible_random,-0.021728808602395698,96.40719147369502,inf
qaoa_channel,10,feasible_random,2.862788448730006e-05,31.856210663758667,1112768.5902844397
qaoa_channel,11,feasible_random,0.00017985699141729997,72.28070544158928,401878.7641892957
qaoa_place,0,feasible_random,-0.9022072124064965,91.34723500292219,inf
qaoa_place,1,feasible_random,-0.0482097420950202,27.963756038107384,inf
qaoa_place,2,feasible_random,0.00020947586502589877,62.647454941705426,299067.65122540464
qaoa_place,3,feasible_random,4.9238747701199626e-05,143.19247756885412,2908125.9019381083
qaoa_place,4,feasible_random,0.020552722414418998,61.27316874361082,2981.2677614243416
qaoa_place,5,feasible_random,0.00037434120971550043,165.22235964106835,441368.34351376235
qaoa_place,6,feasible_random,0.013796514940402602,37.03547013842234,2684.4076419592957
qaoa_place,7,feasible_random,6.0725530169392083e-05,174.07074370486896,2866516.656491985
qaoa_place,8,feasible_random,-0.1257212263154394,195.04428466381006,inf
qaoa_place,9,feasible_random,0.0229884261154695,96.39419917741557,4193.16218923528
qaoa_place,10,feasible_random,0.006433743716239598,49.70029232751604,7724.941265855228
qaoa_place,11,feasible_random,-0.0840499358343806,17.976483007164052,inf
vqc,0,feasible_random,0.0712015881799373,7.597116405458647,106.69869310020968
vqc,1,feasible_random,0.014953824128712295,6.355201058216397,424.98835104085555
vqc,2,feasible_random,-0.13282330580795917,12.706991797807255,inf
vqc,3,feasible_random,-0.004914766244816904,3.9907837382286426,inf
vqc,4,feasible_random,-0.015082832257774792,7.629189986536266,inf
vqc,5,feasible_random,0.06493521603864331,7.423063099837975,114.31490572727853
vqc,6,feasible_random,0.0790262990329417,5.822572781150779,73.67892527427698
vqc,7,feasible_random,0.023375167492162008,5.000482034395061,213.92283225657255
vqc,8,feasible_random,0.00234630179005009,9.7404267708547,4151.395533243299
vqc,9,feasible_random,0.046335981388723,4.537636667514841,97.92900746932678
vqc,10,feasible_random,0.0,1.9155085447773885,inf
vqc,11,feasible_random,-0.06199448918668454,7.691042850733396,inf
vqc_cancer,0,feasible_random,0.0,7.69864780030165,inf
vqc_cancer,1,feasible_random,0.019704172126065893,6.536000121129626,331.706406100838
vqc_cancer,2,feasible_random,-0.0001610049897066007,10.406321806629846,inf
vqc_cancer,3,feasible_random,0.0,4.299395700124996,inf
vqc_cancer,4,feasible_random,-0.0050822310817849985,7.906132291149175,inf
vqc_cancer,5,feasible_random,0.0,8.473280704158583,inf
vqc_cancer,6,feasible_random,-0.003319678424120412,5.812109549150779,inf
vqc_cancer,7,feasible_random,0.0,4.639445249177388,inf
vqc_cancer,8,feasible_random,0.0,6.991486358564168,inf
vqc_cancer,9,feasible_random,0.0,0.9497364837340326,inf
vqc_cancer,10,feasible_random,2.6687786249701695e-05,1.9128340487773894,71674.51173657276
vqc_cancer,11,feasible_random,0.018725560424461704,3.698006929110194,197.48444614129616
qaoa,0,joint_rf,-0.08922462150932281,0.0,inf
qaoa,1,joint_rf,-0.1506620200929335,0.0,inf
qaoa,2,joint_rf,2.1577996150001083e-05,230.31403949204685,10673560.134639068
qaoa,3,joint_rf,2.0219654999875658e-05,1.1707084841482498,57899.52816482028
qaoa,4,joint_rf,9.619037484004389e-06,100.75909337694543,10474966.28893472
qaoa,5,joint_rf,3.817981589870033e-05,0.0,0.0
qaoa,6,joint_rf,-0.6362845830418041,0.0,inf
qaoa,7,joint_rf,-0.0003203015207372019,0.0,inf
qaoa,8,joint_rf,-0.0003665017967576928,0.0,inf
qaoa,9,joint_rf,-0.010467282493050898,0.0,inf
qaoa,10,joint_rf,-0.00026505365813549175,50.913066935709395,inf
qaoa,11,joint_rf,0.014549860023205201,0.0,0.0
qaoa_channel,0,joint_rf,-0.0338254148441079,0.0,inf
qaoa_channel,1,joint_rf,-5.40646161978995e-05,248.28046559844617,inf
qaoa_channel,2,joint_rf,-1.3353143338000017e-05,0.0,inf
qaoa_channel,3,joint_rf,-2.0395717074700274e-05,202.68991742424083,inf
qaoa_channel,4,joint_rf,-4.0913119576000204e-05,160.41247674056532,inf
qaoa_channel,5,joint_rf,-7.443903252520002e-05,0.0,inf
qaoa_channel,6,joint_rf,-6.854901395910058e-05,0.0,inf
qaoa_channel,7,joint_rf,-2.755063217399999e-05,0.0,inf
qaoa_channel,8,joint_rf,-2.0122304239200695e-05,0.0,inf
qaoa_channel,9,joint_rf,-0.0217385698699702,0.0,inf
qaoa_channel,10,joint_rf,3.0944780933899775e-05,21.84556425766315,705953.1073859211
qaoa_channel,11,joint_rf,6.6564686132999235e-06,0.0,0.0
qaoa_place,0,joint_rf,-0.8553528626773678,0.0,inf
qaoa_place,1,joint_rf,-0.0456888083343807,0.0,inf
qaoa_place,2,joint_rf,-0.032115990251523105,0.0,inf
qaoa_place,3,joint_rf,-0.0560519620007193,15.836505177679328,inf
qaoa_place,4,joint_rf,0.010729737294541901,52.596882610610265,4901.973008916604
qaoa_place,5,joint_rf,0.0002453814303367014,140.02983565047768,570661.9097391966
qaoa_place,6,joint_rf,0.0136213875768268,0.0,0.0
qaoa_place,7,joint_rf,-0.06670728103490431,86.97702970287605,inf
qaoa_place,8,joint_rf,1.4997312972053756e-06,0.0,0.0
qaoa_place,9,joint_rf,0.0230368858476043,0.0,0.0
qaoa_place,10,joint_rf,3.895433323299752e-05,0.0,0.0
qaoa_place,11,joint_rf,-0.0597206583686871,0.0,inf
vqc,0,joint_rf,0.016201588179937304,7.669212236208009,473.36175633108127
vqc,1,joint_rf,0.014953824128712295,2.9465817887953576,197.04536869186074
vqc,2,joint_rf,-0.13282330580795917,9.561729396464543,inf
vqc,3,joint_rf,-0.004914766244816904,0.0,inf
vqc,4,joint_rf,-0.015082832257774792,4.011881456851615,inf
vqc,5,joint_rf,0.023456718369813598,5.265342311035034,224.47054306671438
vqc,6,joint_rf,0.0790262990329417,4.459897678247563,56.435613622605274
vqc,7,joint_rf,0.006187037895776404,0.6335366702936742,102.39741229420294
vqc,8,joint_rf,-0.00706589992360851,5.32819912975058,inf
vqc,9,joint_rf,0.0362407404378485,2.5854418187605637,71.34075594273519
vqc,10,joint_rf,-0.01627668778624969,0.0,inf
vqc,11,joint_rf,-0.08219828495192513,5.097925462335267,inf
vqc_cancer,0,joint_rf,-5.785209978560052e-05,6.9431582784057,inf
vqc_cancer,1,joint_rf,0.019704172126065893,3.1273808517085864,158.7166835378734
vqc_cancer,2,joint_rf,-0.00018205542262700325,7.378031953807571,inf
vqc_cancer,3,joint_rf,0.0,0.0,inf
vqc_cancer,4,joint_rf,-0.0050822310817849985,4.1658220735829765,inf
vqc_cancer,5,joint_rf,0.0,7.5983083732059375,inf
vqc_cancer,6,joint_rf,-0.003319678424120412,4.449434446247563,inf
vqc_cancer,7,joint_rf,0.006791879522344002,0.3951762786888784,58.183640830026945
vqc_cancer,8,joint_rf,-0.0034790029090763994,2.5546732065780207,inf
vqc_cancer,9,joint_rf,0.0,0.0,inf
vqc_cancer,10,joint_rf,0.0,0.0,inf
vqc_cancer,11,joint_rf,0.0006250000000000006,0.6067508644135531,970.8013830616841
qaoa,0,classical_only,-0.0346406442681747,96.95911646254774,inf
qaoa,1,classical_only,-0.10772241600478702,65.99382831201503,inf
qaoa,2,classical_only,-3.4529619653972388e-06,278.22413160712756,inf
qaoa,3,classical_only,9.05308747667366e-06,88.30607782571433,9754249.923381971
qaoa,4,classical_only,4.865141311399812e-06,117.34506982069568,24119560.421757378
qaoa,5,classical_only,1.5366603158416248,63.0393512402248,41.02360852970835
qaoa,6,classical_only,0.00011341955858301667,18.644708559061204,164387.0668515637
qaoa,7,classical_only,6.635030650400248e-06,30.399035923424783,4581596.909667782
qaoa,8,classical_only,7.0046914700111484e-06,114.13221640558154,16293682.154911513
qaoa,9,classical_only,0.550938253217482,96.59122945030111,175.32133389941228
qaoa,10,classical_only,5.348712637150144e-05,136.4954194855451,2551930.319409933
qaoa,11,classical_only,0.0029989044466998006,143.16133716318174,47737.8788513006
qaoa_channel,0,classical_only,-0.0338471325310828,95.50730823375233,inf
qaoa_channel,1,classical_only,3.019998673300245e-06,269.3134058226672,89176663.6203063
qaoa_channel,2,classical_only,-4.116961810299996e-06,18.31650109679519,inf
qaoa_channel,3,classical_only,-2.569580652800156e-06,432.7090285302494,inf
qaoa_channel,4,classical_only,-2.8818746325600178e-05,240.95706112116184,inf
qaoa_channel,5,classical_only,-2.38615511352e-05,55.298362666958774,inf
qaoa_channel,6,classical_only,2.218957177379903e-05,128.32546494527125,5783142.921973609
qaoa_channel,7,classical_only,-9.836451564599995e-06,27.12080400514514,inf
qaoa_channel,8,classical_only,7.153038005679874e-05,119.76716177043758,1674353.7735342158
qaoa_channel,9,classical_only,-0.0217556830212872,96.77424743464918,inf
qaoa_channel,10,classical_only,3.8704118233700256e-05,32.2305447607464,832741.9983096987
qaoa_channel,11,classical_only,-5.843487486399939e-06,72.94396626399218,inf
qaoa_place,0,classical_only,-0.7832992241487067,97.12911943595267,inf
qaoa_place,1,classical_only,-2.096805035229493e-05,30.952406884353167,inf
qaoa_place,2,classical_only,3.943826854929666e-05,63.06029736477844,1598962.1168575124
qaoa_place,3,classical_only,1.8477442752296014e-05,145.849869331457,7893401.229092356
qaoa_place,4,classical_only,0.020529657238917098,61.68023954029145,3004.445657444643
qaoa_place,5,classical_only,5.251598078540032e-05,165.62936143941684,3153884.950111463
qaoa_place,6,classical_only,0.0134490511813153,37.49594940858626,2787.999607041365
qaoa_place,7,classical_only,5.112632548195939e-06,174.46456690169174,34124213.94595508
qaoa_place,8,classical_only,8.413708586396673e-06,195.8838597076505,23281512.272050463
qaoa_place,9,classical_only,0.0229665646103389,96.75731967319967,4212.964425234162
qaoa_place,10,classical_only,0.006423668428699597,51.42519328596857,8005.580278118285
qaoa_place,11,classical_only,2.2653004476999583e-05,20.74070177028001,915582.8221964461
vqc,0,classical_only,0.17377270465905528,8.334687338664333,47.96315598020482
vqc,1,classical_only,0.014953824128712295,6.579319268177239,439.97570197074384
vqc,2,classical_only,-0.13282330580795917,12.871007797807255,inf
vqc,3,classical_only,-0.004914766244816904,4.154799738228642,inf
vqc,4,classical_only,-0.015082832257774792,7.793205986536266,inf
vqc,5,classical_only,0.06493521603864331,7.587079099837975,116.84074624966
vqc,6,classical_only,0.0790262990329417,5.986588781150779,75.75438625381281
vqc,7,classical_only,0.023375167492162008,5.164498034395061,220.93950925172123
vqc,8,classical_only,0.00234630179005009,9.9044427708547,4221.299584246261
vqc,9,classical_only,0.046335981388723,4.701652667514841,101.46871883583552
vqc,10,classical_only,0.0,2.1835159450648876,inf
vqc,11,classical_only,-0.03705798282895234,8.380500502590143,inf
vqc_cancer,0,classical_only,0.0,7.86266380030165,inf
vqc_cancer,1,classical_only,0.019704172126065893,6.760118331090468,343.08055612992575
vqc_cancer,2,classical_only,-0.0001610049897066007,10.570337806629846,inf
vqc_cancer,3,classical_only,0.0,4.463411700124996,inf
vqc_cancer,4,classical_only,-0.0050822310817849985,8.070148291149176,inf
vqc_cancer,5,classical_only,0.0,8.637296704158583,inf
vqc_cancer,6,classical_only,-0.003319678424120412,5.976125549150779,inf
vqc_cancer,7,classical_only,0.0,4.8034612491773885,inf
vqc_cancer,8,classical_only,0.0,7.155502358564168,inf
vqc_cancer,9,classical_only,0.0,1.1137524837340325,inf
vqc_cancer,10,classical_only,2.6687786249701695e-05,2.1808414490648884,81716.83588365314
vqc_cancer,11,classical_only,0.0310744162969665,3.878103441110194,124.80052413691762
qaoa,0,always_simulator,1.9774712873150193,96.95911646254774,49.031870694920364
qaoa,1,always_simulator,1.9275675079133918,65.99382831201503,34.236844126644314
qaoa,2,always_simulator,2.1018411277085116,278.22413160712756,132.37162787391816
qaoa,3,always_simulator,1.3370745910739399,88.30607782571433,66.04424197066432
qaoa,4,always_simulator,2.1647164217296995,117.34506982069568,54.208056373006144
qaoa,5,always_simulator,2.1601658996626023,63.0393512402248,29.182643448853145
qaoa,6,always_simulator,1.7861830495879163,18.644708559061204,10.438296659103699
qaoa,7,always_simulator,2.381516630906055,30.399035923424783,12.764570076447201
qaoa,8,always_simulator,2.416478087895235,114.13221640558154,47.230809572534255
qaoa,9,always_simulator,2.1531034380461933,96.59122945030111,44.861397619592125
qaoa,10,always_simulator,2.299236282649778,136.4954194855451,59.36554694945906
qaoa,11,always_simulator,2.235244508818788,143.16133716318174,64.04728279092616
qaoa_channel,0,always_simulator,2.039555494646142,95.50730823375233,46.82751142808331
qaoa_channel,1,always_simulator,2.0914768430090906,269.3134058226672,128.7670990586706
qaoa_channel,2,always_simulator,2.12626414496525,18.31650109679519,8.614405289280057
qaoa_channel,3,always_simulator,1.8952987098600396,432.7090285302494,228.30650719020605
qaoa_channel,4,always_simulator,2.2049055782850866,240.95706112116184,109.28225838521914
qaoa_channel,5,always_simulator,2.1662854382233374,55.298362666958774,25.526812714169054
qaoa_channel,6,always_simulator,2.1507261467724716,128.32546494527125,59.66611097272673
qaoa_channel,7,always_simulator,2.3980561654377244,27.12080400514514,11.30949491343323
qaoa_channel,8,always_simulator,2.43550321538532,119.76716177043758,49.17553013843559
qaoa_channel,9,always_simulator,2.1437712058109017,96.77424743464918,45.14205955016707
qaoa_channel,10,always_simulator,2.336313253069276,32.2305447607464,13.79547229739175
qaoa_channel,11,always_simulator,2.2331318324597533,72.94396626399218,32.66442455555602
qaoa_place,0,always_simulator,1.164542075701527,97.12911943595267,83.40541871571409
qaoa_place,1,always_simulator,2.045730320556323,30.952406884353167,15.130247898919473
qaoa_place,2,always_simulator,2.1220403552499034,63.06029736477844,29.716822872273845
qaoa_place,3,always_simulator,1.8522142539759001,145.849869331457,78.74351955686586
qaoa_place,4,always_simulator,2.214520187530236,61.68023954029145,27.8526427022916
qaoa_place,5,always_simulator,2.1591428583215855,165.62936143941684,76.71070063801577
qaoa_place,6,always_simulator,2.155222658133866,37.49594940858626,17.397714926147227
qaoa_place,7,always_simulator,2.340802422501797,174.46456690169174,74.53194905498599
qaoa_place,8,always_simulator,2.380196431017434,195.8838597076505,82.29735040141975
qaoa_place,9,always_simulator,2.2037856263867983,96.75731967319967,43.90505070669577
qaoa_place,10,always_simulator,2.323173188734254,51.42519328596857,22.135755326096376
qaoa_place,11,always_simulator,2.1514582989515483,20.74070177028001,9.640299224199417
vqc,0,always_simulator,-0.0019234118200626982,8.334687338664333,inf
vqc,1,always_simulator,0.131734265532747,6.579319268177239,49.94387179045476
vqc,2,always_simulator,-0.06290499674291047,12.871007797807255,inf
vqc,3,always_simulator,0.017499999999999988,4.154799738228642,237.41712789877974
vqc,4,always_simulator,0.0398304570538211,7.793205986536266,195.65946672431247
vqc,5,always_simulator,0.15546646375105672,7.587079099837975,48.80203046225399
vqc,6,always_simulator,0.1464415532606957,5.986588781150779,40.88039663505505
vqc,7,always_simulator,0.02891704701450601,5.164498034395061,178.59700652713022
vqc,8,always_simulator,-0.01649382224100271,9.9044427708547,inf
vqc,9,always_simulator,0.012499999999999983,4.701652667514841,376.13221340118776
vqc,10,always_simulator,0.0392850005409352,2.1835159450648876,55.581415680258196
vqc,11,always_simulator,0.11036043563175585,8.380500502590143,75.93754459753765
vqc_cancer,0,always_simulator,0.004303883520881999,7.86266380030165,1826.8765318933044
vqc_cancer,1,always_simulator,-0.0035153864698994064,6.760118331090468,inf
vqc_cancer,2,always_simulator,0.0160073040753421,10.570337806629846,660.3446624664648
vqc_cancer,3,always_simulator,-0.0013352337551830948,4.463411700124996,inf
vqc_cancer,4,always_simulator,0.0448310582298108,8.070148291149176,180.01244248530497
vqc_cancer,5,always_simulator,0.03740624771241349,8.637296704158583,230.90518916956867
vqc_cancer,6,always_simulator,0.0078455758036335,5.976125549150779,761.7191776265895
vqc_cancer,7,always_simulator,-0.0013331204776561023,4.8034612491773885,inf
vqc_cancer,8,always_simulator,0.013034875968947195,7.155502358564168,548.9505520122035
vqc_cancer,9,always_simulator,0.012414018611276993,1.1137524837340325,89.7173202819505
vqc_cancer,10,always_simulator,0.034936688327184905,2.1808414490648884,62.422672367830984
vqc_cancer,11,always_simulator,0.0022428347576745056,3.878103441110194,1729.1079638569652
