seed,policy,windows,certificate_issued,dominant_selected_path,mean_interference,mean_backlog,dropped_demand,switch_rate,deadline_miss_rate,fallback_rate,action_loss
0,capo_cert,40,True,local_exact,0.2851295087373734,1.0435639720184775,12.090146634858844,0.0,0.0,0.0,0.2851295087373734
0,expected_loss,40,False,local_exact,0.2851295087373734,1.0435639720184775,12.090146634858844,0.0,0.0,0.0,0.2851295087373734
0,empirical_chance,40,False,local_exact,0.2851295087373734,1.0435639720184775,12.090146634858844,0.0,0.0,0.0,0.2851295087373734
0,rolling,40,False,local_exact,0.2851295087373734,1.0435639720184775,12.090146634858844,0.0,0.0,0.0,0.2851295087373734
0,local_greedy,40,False,local_greedy,0.2851295087373734,1.0435639720184775,12.090146634858844,0.0,0.0,0.0,0.2851295087373734
0,hindsight_oracle,40,False,local_greedy,0.2851295087373734,1.0435639720184775,12.090146634858844,0.0,0.0,0.0,0.2851295087373734
1,capo_cert,40,True,local_exact,0.28969405928463265,1.1255172528068038,24.87073011741495,0.01875,0.0,0.0,0.28969405928463265
1,expected_loss,40,False,local_exact,0.28969405928463265,1.1255172528068038,24.87073011741495,0.01875,0.0,0.0,0.28969405928463265
1,empirical_chance,40,False,local_exact,0.28969405928463265,1.1255172528068038,24.87073011741495,0.01875,0.0,0.0,0.28969405928463265
1,rolling,40,False,local_exact,0.28969405928463265,1.1255172528068038,24.87073011741495,0.01875,0.0,0.0,0.28969405928463265
1,local_greedy,40,False,local_greedy,0.29090446470079884,1.1099939311909253,25.515607584194818,0.00625,0.0,0.0,0.29090446470079884
1,hindsight_oracle,40,False,local_greedy,0.28969405928463265,1.1255172528068038,24.87073011741495,0.01875,0.0,0.0,0.28969405928463265
2,capo_cert,40,True,local_exact,0.3083631735674593,1.2417412657749343,23.340589912803175,0.075,0.0,0.0,0.3083631735674593
2,expected_loss,40,False,local_exact,0.3083631735674593,1.2417412657749343,23.340589912803175,0.075,0.0,0.0,0.3083631735674593
2,empirical_chance,40,False,local_exact,0.3083631735674593,1.2417412657749343,23.340589912803175,0.075,0.0,0.0,0.3083631735674593
2,rolling,40,False,local_exact,0.3083631735674593,1.2417412657749343,23.340589912803175,0.075,0.0,0.0,0.3083631735674593
2,local_greedy,40,False,local_greedy,0.3146444249133906,1.4323393094056445,23.04306444409494,0.01875,0.0,0.0,0.3146444249133906
2,hindsight_oracle,40,False,local_greedy,0.3083631735674593,1.2417412657749343,23.340589912803175,0.075,0.0,0.0,0.3083631735674593
3,capo_cert,40,True,local_exact,0.32804130925306796,1.3396721393913418,45.49276634235078,0.01875,0.0,0.0,0.32804130925306796
3,expected_loss,40,False,local_exact,0.32804130925306796,1.3396721393913418,45.49276634235078,0.01875,0.0,0.0,0.32804130925306796
3,empirical_chance,40,False,local_exact,0.32804130925306796,1.3396721393913418,45.49276634235078,0.01875,0.0,0.0,0.32804130925306796
3,rolling,40,False,local_exact,0.32804130925306796,1.3396721393913418,45.49276634235078,0.01875,0.0,0.0,0.32804130925306796
3,local_greedy,40,False,local_greedy,0.34845509784929174,1.5323855478813375,52.08165710095448,0.01875,0.0,0.0,0.34845509784929174
3,hindsight_oracle,40,False,local_greedy,0.32804130925306796,1.3396721393913418,45.49276634235078,0.01875,0.0,0.0,0.32804130925306796
4,capo_cert,40,True,local_exact,0.3067291702209758,1.236524588602809,41.24172768317909,0.00625,0.0,0.0,0.3067291702209758
4,expected_loss,40,False,local_exact,0.3067291702209758,1.236524588602809,41.24172768317909,0.00625,0.0,0.0,0.3067291702209758
4,empirical_chance,40,False,local_exact,0.3067291702209758,1.236524588602809,41.24172768317909,0.00625,0.0,0.0,0.3067291702209758
4,rolling,40,False,local_exact,0.3067291702209758,1.236524588602809,41.24172768317909,0.00625,0.0,0.0,0.3067291702209758
4,local_greedy,40,False,local_greedy,0.3113391816114457,1.4132704363560076,42.531181005536695,0.0125,0.0,0.0,0.3113391816114457
4,hindsight_oracle,40,False,local_greedy,0.3067291702209758,1.236524588602809,41.24172768317909,0.00625,0.0,0.0,0.3067291702209758
5,capo_cert,40,True,local_exact,0.3039630598509323,1.5680308494929547,36.09031678161203,0.01875,0.0,0.0,0.3039630598509323
5,expected_loss,40,False,local_exact,0.3039630598509323,1.5680308494929547,36.09031678161203,0.01875,0.0,0.0,0.3039630598509323
5,empirical_chance,40,False,local_exact,0.3039630598509323,1.5680308494929547,36.09031678161203,0.01875,0.0,0.0,0.3039630598509323
5,rolling,40,False,local_exact,0.3039630598509323,1.5680308494929547,36.09031678161203,0.01875,0.0,0.0,0.3039630598509323
5,local_greedy,40,False,local_greedy,0.32899296630096886,1.3835583498162216,47.066356606539394,0.025,0.0,0.0,0.32899296630096886
5,hindsight_oracle,40,False,local_greedy,0.3039630598509323,1.5680308494929547,36.09031678161203,0.01875,0.0,0.0,0.3039630598509323
6,capo_cert,40,True,local_exact,0.24733615427571332,0.5473642103322562,8.45572007264025,0.0,0.0,0.0,0.24733615427571332
6,expected_loss,40,False,local_exact,0.24733615427571332,0.5473642103322562,8.45572007264025,0.0,0.0,0.0,0.24733615427571332
6,empirical_chance,40,False,local_exact,0.24733615427571332,0.5473642103322562,8.45572007264025,0.0,0.0,0.0,0.24733615427571332
6,rolling,40,False,local_exact,0.24733615427571332,0.5473642103322562,8.45572007264025,0.0,0.0,0.0,0.24733615427571332
6,local_greedy,40,False,local_greedy,0.24733615427571332,0.5473642103322562,8.45572007264025,0.0,0.0,0.0,0.24733615427571332
6,hindsight_oracle,40,False,local_greedy,0.24733615427571332,0.5473642103322562,8.45572007264025,0.0,0.0,0.0,0.24733615427571332
7,capo_cert,40,True,local_exact,0.3290431026946671,1.4963138382963923,45.96001173173402,0.0125,0.0,0.0,0.3290431026946671
7,expected_loss,40,False,local_exact,0.3290431026946671,1.4963138382963923,45.96001173173402,0.0125,0.0,0.0,0.3290431026946671
7,empirical_chance,40,False,local_exact,0.3290431026946671,1.4963138382963923,45.96001173173402,0.0125,0.0,0.0,0.3290431026946671
7,rolling,40,False,local_exact,0.3290431026946671,1.4963138382963923,45.96001173173402,0.0125,0.0,0.0,0.3290431026946671
7,local_greedy,40,False,local_greedy,0.33275587030241244,1.567913463459701,46.826981727516866,0.0125,0.0,0.0,0.33275587030241244
7,hindsight_oracle,40,False,local_greedy,0.3290431026946671,1.4963138382963923,45.96001173173402,0.0125,0.0,0.0,0.3290431026946671
8,capo_cert,40,True,local_exact,0.31715435341607173,1.7272758562816466,52.21273433810008,0.00625,0.0,0.0,0.31715435341607173
8,expected_loss,40,False,local_exact,0.31715435341607173,1.7272758562816466,52.21273433810008,0.00625,0.0,0.0,0.31715435341607173
8,empirical_chance,40,False,local_exact,0.31715435341607173,1.7272758562816466,52.21273433810008,0.00625,0.0,0.0,0.31715435341607173
8,rolling,40,False,local_exact,0.31715435341607173,1.7272758562816466,52.21273433810008,0.00625,0.0,0.0,0.31715435341607173
8,local_greedy,40,False,local_greedy,0.33239220474471143,1.7201523676135,56.93660309011701,0.009375,0.0,0.0,0.33239220474471143
8,hindsight_oracle,40,False,local_greedy,0.31715435341607173,1.7272758562816466,52.21273433810008,0.00625,0.0,0.0,0.31715435341607173
9,capo_cert,40,True,local_exact,0.23771063066863468,0.6461818037842775,12.622870780061831,0.034375,0.0,0.0,0.23771063066863468
9,expected_loss,40,False,local_exact,0.23771063066863468,0.6461818037842775,12.622870780061831,0.034375,0.0,0.0,0.23771063066863468
9,empirical_chance,40,False,local_exact,0.23771063066863468,0.6461818037842775,12.622870780061831,0.034375,0.0,0.0,0.23771063066863468
9,rolling,40,False,local_exact,0.23771063066863468,0.6461818037842775,12.622870780061831,0.034375,0.0,0.0,0.23771063066863468
9,local_greedy,40,False,local_greedy,0.2518195149006466,0.6080717268503589,14.131807833871779,0.01875,0.0,0.0,0.2518195149006466
9,hindsight_oracle,40,False,local_greedy,0.23771063066863468,0.6461818037842775,12.622870780061831,0.034375,0.0,0.0,0.23771063066863468
10,capo_cert,40,True,local_exact,0.30422509461115654,0.9755764870629082,28.396521097766424,0.0,0.0,0.0,0.30422509461115654
10,expected_loss,40,False,local_exact,0.30422509461115654,0.9755764870629082,28.396521097766424,0.0,0.0,0.0,0.30422509461115654
10,empirical_chance,40,False,local_exact,0.30422509461115654,0.9755764870629082,28.396521097766424,0.0,0.0,0.0,0.30422509461115654
10,rolling,40,False,local_exact,0.30422509461115654,0.9755764870629082,28.396521097766424,0.0,0.0,0.0,0.30422509461115654
10,local_greedy,40,False,local_greedy,0.30422509461115654,0.9755764870629082,28.396521097766424,0.0,0.0,0.0,0.30422509461115654
10,hindsight_oracle,40,False,local_greedy,0.30422509461115654,0.9755764870629082,28.396521097766424,0.0,0.0,0.0,0.30422509461115654
11,capo_cert,40,True,local_exact,0.31383811665891576,1.456120169978109,37.33489345435217,0.05625,0.0,0.0,0.31383811665891576
11,expected_loss,40,False,local_exact,0.31383811665891576,1.456120169978109,37.33489345435217,0.05625,0.0,0.0,0.31383811665891576
11,empirical_chance,40,False,local_exact,0.31383811665891576,1.456120169978109,37.33489345435217,0.05625,0.0,0.0,0.31383811665891576
11,rolling,40,False,local_exact,0.31383811665891576,1.456120169978109,37.33489345435217,0.05625,0.0,0.0,0.31383811665891576
11,local_greedy,40,False,local_greedy,0.31968619518500724,1.4130565461669575,39.541144444960565,0.03125,0.0,0.0,0.31968619518500724
11,hindsight_oracle,40,False,local_greedy,0.31383811665891576,1.456120169978109,37.33489345435217,0.05625,0.0,0.0,0.31383811665891576
12,capo_cert,40,True,local_exact,0.3570768069645924,1.6989240462956048,75.2508048298798,0.0125,0.0,0.0,0.3570768069645924
12,expected_loss,40,False,local_exact,0.3570768069645924,1.6989240462956048,75.2508048298798,0.0125,0.0,0.0,0.3570768069645924
12,empirical_chance,40,False,local_exact,0.3570768069645924,1.6989240462956048,75.2508048298798,0.0125,0.0,0.0,0.3570768069645924
12,rolling,40,False,local_exact,0.3570768069645924,1.6989240462956048,75.2508048298798,0.0125,0.0,0.0,0.3570768069645924
12,local_greedy,40,False,local_greedy,0.37793109287533966,1.7624196444157778,80.32511163006008,0.00625,0.0,0.0,0.37793109287533966
12,hindsight_oracle,40,False,local_greedy,0.3570768069645924,1.6989240462956048,75.2508048298798,0.0125,0.0,0.0,0.3570768069645924
13,capo_cert,40,True,local_exact,0.31315960404185317,1.3946442170621487,24.170732232009527,0.015625,0.0,0.0,0.31315960404185317
13,expected_loss,40,False,local_exact,0.31315960404185317,1.3946442170621487,24.170732232009527,0.015625,0.0,0.0,0.31315960404185317
13,empirical_chance,40,False,local_exact,0.31315960404185317,1.3946442170621487,24.170732232009527,0.015625,0.0,0.0,0.31315960404185317
13,rolling,40,False,local_exact,0.31315960404185317,1.3946442170621487,24.170732232009527,0.015625,0.0,0.0,0.31315960404185317
13,local_greedy,40,False,local_greedy,0.3326462504446013,1.270939755517734,34.257027523874854,0.00625,0.0,0.0,0.3326462504446013
13,hindsight_oracle,40,False,local_greedy,0.31315960404185317,1.3946442170621487,24.170732232009527,0.015625,0.0,0.0,0.31315960404185317
14,capo_cert,40,True,local_exact,0.3079038848827095,1.3517628354663462,32.46812698891754,0.046875,0.0,0.0,0.3079038848827095
14,expected_loss,40,False,local_exact,0.3079038848827095,1.3517628354663462,32.46812698891754,0.046875,0.0,0.0,0.3079038848827095
14,empirical_chance,40,False,local_exact,0.3079038848827095,1.3517628354663462,32.46812698891754,0.046875,0.0,0.0,0.3079038848827095
14,rolling,40,False,local_exact,0.3079038848827095,1.3517628354663462,32.46812698891754,0.046875,0.0,0.0,0.3079038848827095
14,local_greedy,40,False,local_greedy,0.31032083740520866,1.3435659858867122,33.39634508633543,0.028125,0.0,0.0,0.31032083740520866
14,hindsight_oracle,40,False,local_greedy,0.3079038848827095,1.3517628354663462,32.46812698891754,0.046875,0.0,0.0,0.3079038848827095
15,capo_cert,40,True,local_exact,0.27966035312537213,1.0561698944567222,22.51323001178638,0.03125,0.0,0.0,0.27966035312537213
15,expected_loss,40,False,local_exact,0.27966035312537213,1.0561698944567222,22.51323001178638,0.03125,0.0,0.0,0.27966035312537213
15,empirical_chance,40,False,local_exact,0.27966035312537213,1.0561698944567222,22.51323001178638,0.03125,0.0,0.0,0.27966035312537213
15,rolling,40,False,local_exact,0.27966035312537213,1.0561698944567222,22.51323001178638,0.03125,0.0,0.0,0.27966035312537213
15,local_greedy,40,False,local_greedy,0.30558821940385084,1.2977119524194034,30.748804919209054,0.009375,0.0,0.0,0.30558821940385084
15,hindsight_oracle,40,False,local_greedy,0.27966035312537213,1.0561698944567222,22.51323001178638,0.03125,0.0,0.0,0.27966035312537213
16,capo_cert,40,True,local_exact,0.30343844426775274,1.003893835420909,32.55389008276799,0.025,0.0,0.0,0.30343844426775274
16,expected_loss,40,False,local_exact,0.30343844426775274,1.003893835420909,32.55389008276799,0.025,0.0,0.0,0.30343844426775274
16,empirical_chance,40,False,local_exact,0.30343844426775274,1.003893835420909,32.55389008276799,0.025,0.0,0.0,0.30343844426775274
16,rolling,40,False,local_exact,0.30343844426775274,1.003893835420909,32.55389008276799,0.025,0.0,0.0,0.30343844426775274
16,local_greedy,40,False,local_greedy,0.3152087067254802,1.1377826159313302,40.32201117044572,0.0,0.0,0.0,0.3152087067254802
16,hindsight_oracle,40,False,local_greedy,0.30343844426775274,1.003893835420909,32.55389008276799,0.025,0.0,0.0,0.30343844426775274
17,capo_cert,40,True,local_exact,0.27504313251570606,1.0999106923541044,32.87578768549045,0.00625,0.0,0.0,0.27504313251570606
17,expected_loss,40,False,local_exact,0.27504313251570606,1.0999106923541044,32.87578768549045,0.00625,0.0,0.0,0.27504313251570606
17,empirical_chance,40,False,local_exact,0.27504313251570606,1.0999106923541044,32.87578768549045,0.00625,0.0,0.0,0.27504313251570606
17,rolling,40,False,local_exact,0.27504313251570606,1.0999106923541044,32.87578768549045,0.00625,0.0,0.0,0.27504313251570606
17,local_greedy,40,False,local_greedy,0.27728650569320745,1.1001398273260032,32.96428350612862,0.00625,0.0,0.0,0.27728650569320745
17,hindsight_oracle,40,False,local_greedy,0.27504313251570606,1.0999106923541044,32.87578768549045,0.00625,0.0,0.0,0.27504313251570606
18,capo_cert,40,True,local_exact,0.30954625267728275,1.268257948893884,31.01334342644595,0.0125,0.0,0.0,0.30954625267728275
18,expected_loss,40,False,local_exact,0.30954625267728275,1.268257948893884,31.01334342644595,0.0125,0.0,0.0,0.30954625267728275
18,empirical_chance,40,False,local_exact,0.30954625267728275,1.268257948893884,31.01334342644595,0.0125,0.0,0.0,0.30954625267728275
18,rolling,40,False,local_exact,0.30954625267728275,1.268257948893884,31.01334342644595,0.0125,0.0,0.0,0.30954625267728275
18,local_greedy,40,False,local_greedy,0.3173647362649989,1.1823110840899407,33.61234003671136,0.00625,0.0,0.0,0.3173647362649989
18,hindsight_oracle,40,False,local_greedy,0.30954625267728275,1.268257948893884,31.01334342644595,0.0125,0.0,0.0,0.30954625267728275
19,capo_cert,40,True,local_exact,0.33474122798804096,1.3505101705396438,29.302310664672042,0.040625,0.0,0.0,0.33474122798804096
19,expected_loss,40,False,local_exact,0.33474122798804096,1.3505101705396438,29.302310664672042,0.040625,0.0,0.0,0.33474122798804096
19,empirical_chance,40,False,local_exact,0.33474122798804096,1.3505101705396438,29.302310664672042,0.040625,0.0,0.0,0.33474122798804096
19,rolling,40,False,local_exact,0.33474122798804096,1.3505101705396438,29.302310664672042,0.040625,0.0,0.0,0.33474122798804096
19,local_greedy,40,False,local_greedy,0.33935117697271455,1.2883666106552913,37.41531652663694,0.015625,0.0,0.0,0.33935117697271455
19,hindsight_oracle,40,False,local_greedy,0.33474122798804096,1.3505101705396438,29.302310664672042,0.040625,0.0,0.0,0.33474122798804096
20,capo_cert,40,True,local_exact,0.33734087904000265,1.1406429805076104,40.03809332906922,0.021875,0.0,0.0,0.33734087904000265
20,expected_loss,40,False,local_exact,0.33734087904000265,1.1406429805076104,40.03809332906922,0.021875,0.0,0.0,0.33734087904000265
20,empirical_chance,40,False,local_exact,0.33734087904000265,1.1406429805076104,40.03809332906922,0.021875,0.0,0.0,0.33734087904000265
20,rolling,40,False,local_exact,0.33734087904000265,1.1406429805076104,40.03809332906922,0.021875,0.0,0.0,0.33734087904000265
20,local_greedy,40,False,local_greedy,0.3640151480545054,0.9841375591058015,44.95296121874556,0.0,0.0,0.0,0.3640151480545054
20,hindsight_oracle,40,False,local_greedy,0.33734087904000265,1.1406429805076104,40.03809332906922,0.021875,0.0,0.0,0.33734087904000265
21,capo_cert,40,True,local_exact,0.2832972372810136,0.9104360839804698,19.432289055669937,0.0125,0.0,0.0,0.2832972372810136
21,expected_loss,40,False,local_exact,0.2832972372810136,0.9104360839804698,19.432289055669937,0.0125,0.0,0.0,0.2832972372810136
21,empirical_chance,40,False,local_exact,0.2832972372810136,0.9104360839804698,19.432289055669937,0.0125,0.0,0.0,0.2832972372810136
21,rolling,40,False,local_exact,0.2832972372810136,0.9104360839804698,19.432289055669937,0.0125,0.0,0.0,0.2832972372810136
21,local_greedy,40,False,local_greedy,0.3358631269837409,0.975005107638012,28.02332379598977,0.0125,0.0,0.0,0.3358631269837409
21,hindsight_oracle,40,False,local_greedy,0.2832972372810136,0.9104360839804698,19.432289055669937,0.0125,0.0,0.0,0.2832972372810136
22,capo_cert,40,True,local_exact,0.2905254592481721,1.0023989433042841,36.97605637245136,0.0125,0.0,0.0,0.2905254592481721
22,expected_loss,40,False,local_exact,0.2905254592481721,1.0023989433042841,36.97605637245136,0.0125,0.0,0.0,0.2905254592481721
22,empirical_chance,40,False,local_exact,0.2905254592481721,1.0023989433042841,36.97605637245136,0.0125,0.0,0.0,0.2905254592481721
22,rolling,40,False,local_exact,0.2905254592481721,1.0023989433042841,36.97605637245136,0.0125,0.0,0.0,0.2905254592481721
22,local_greedy,40,False,local_greedy,0.3041852018662037,1.1347013743497345,36.203019761381114,0.00625,0.0,0.0,0.3041852018662037
22,hindsight_oracle,40,False,local_greedy,0.2905254592481721,1.0023989433042841,36.97605637245136,0.0125,0.0,0.0,0.2905254592481721
23,capo_cert,40,True,local_exact,0.25093016977688076,0.569920576643498,7.9240442927245525,0.009375,0.0,0.0,0.25093016977688076
23,expected_loss,40,False,local_exact,0.25093016977688076,0.569920576643498,7.9240442927245525,0.009375,0.0,0.0,0.25093016977688076
23,empirical_chance,40,False,local_exact,0.25093016977688076,0.569920576643498,7.9240442927245525,0.009375,0.0,0.0,0.25093016977688076
23,rolling,40,False,local_exact,0.25093016977688076,0.569920576643498,7.9240442927245525,0.009375,0.0,0.0,0.25093016977688076
23,local_greedy,40,False,local_greedy,0.25535930853199146,0.5855298774480495,8.055722971795447,0.0,0.0,0.0,0.25535930853199146
23,hindsight_oracle,40,False,local_greedy,0.25093016977688076,0.569920576643498,7.9240442927245525,0.009375,0.0,0.0,0.25093016977688076
24,capo_cert,40,True,local_exact,0.3016034049178516,1.309945029609501,27.675699894090656,0.00625,0.0,0.0,0.3016034049178516
24,expected_loss,40,False,local_exact,0.3016034049178516,1.309945029609501,27.675699894090656,0.00625,0.0,0.0,0.3016034049178516
24,empirical_chance,40,False,local_exact,0.3016034049178516,1.309945029609501,27.675699894090656,0.00625,0.0,0.0,0.3016034049178516
24,rolling,40,False,local_exact,0.3016034049178516,1.309945029609501,27.675699894090656,0.00625,0.0,0.0,0.3016034049178516
24,local_greedy,40,False,local_greedy,0.31652721272807716,1.2983317840079742,33.30628677748493,0.0,0.0,0.0,0.31652721272807716
24,hindsight_oracle,40,False,local_greedy,0.3016034049178516,1.309945029609501,27.675699894090656,0.00625,0.0,0.0,0.3016034049178516
25,capo_cert,40,True,local_exact,0.3051900543985981,1.281016855990519,46.34604681202242,0.0125,0.0,0.0,0.3051900543985981
25,expected_loss,40,False,local_exact,0.3051900543985981,1.281016855990519,46.34604681202242,0.0125,0.0,0.0,0.3051900543985981
25,empirical_chance,40,False,local_exact,0.3051900543985981,1.281016855990519,46.34604681202242,0.0125,0.0,0.0,0.3051900543985981
25,rolling,40,False,local_exact,0.3051900543985981,1.281016855990519,46.34604681202242,0.0125,0.0,0.0,0.3051900543985981
25,local_greedy,40,False,local_greedy,0.3342020916679561,1.2252280297069074,51.078129655318385,0.0125,0.0,0.0,0.3342020916679561
25,hindsight_oracle,40,False,local_greedy,0.3051900543985981,1.281016855990519,46.34604681202242,0.0125,0.0,0.0,0.3051900543985981
26,capo_cert,40,True,local_exact,0.33461582442065085,1.6147706095839223,86.86835864478904,0.00625,0.0,0.0,0.33461582442065085
26,expected_loss,40,False,local_exact,0.33461582442065085,1.6147706095839223,86.86835864478904,0.00625,0.0,0.0,0.33461582442065085
26,empirical_chance,40,False,local_exact,0.33461582442065085,1.6147706095839223,86.86835864478904,0.00625,0.0,0.0,0.33461582442065085
26,rolling,40,False,local_exact,0.33461582442065085,1.6147706095839223,86.86835864478904,0.00625,0.0,0.0,0.33461582442065085
26,local_greedy,40,False,local_greedy,0.35972627305133353,1.5942272836455567,91.28814046805451,0.00625,0.0,0.0,0.35972627305133353
26,hindsight_oracle,40,False,local_greedy,0.33461582442065085,1.6147706095839223,86.86835864478904,0.00625,0.0,0.0,0.33461582442065085
27,capo_cert,40,True,local_exact,0.19865774710115683,0.23538473356017214,0.7441227088583964,0.00625,0.0,0.0,0.19865774710115683
27,expected_loss,40,False,local_exact,0.19865774710115683,0.23538473356017214,0.7441227088583964,0.00625,0.0,0.0,0.19865774710115683
27,empirical_chance,40,False,local_exact,0.19865774710115683,0.23538473356017214,0.7441227088583964,0.00625,0.0,0.0,0.19865774710115683
27,rolling,40,False,local_exact,0.19865774710115683,0.23538473356017214,0.7441227088583964,0.00625,0.0,0.0,0.19865774710115683
27,local_greedy,40,False,local_greedy,0.19970760337804344,0.24046412453927415,0.7441227088583964,0.00625,0.0,0.0,0.19970760337804344
27,hindsight_oracle,40,False,local_greedy,0.19865774710115683,0.23538473356017214,0.7441227088583964,0.00625,0.0,0.0,0.19865774710115683
28,capo_cert,40,True,local_exact,0.22336667897347562,0.5093748064663395,3.54600539368776,0.0125,0.0,0.0,0.22336667897347562
28,expected_loss,40,False,local_exact,0.22336667897347562,0.5093748064663395,3.54600539368776,0.0125,0.0,0.0,0.22336667897347562
28,empirical_chance,40,False,local_exact,0.22336667897347562,0.5093748064663395,3.54600539368776,0.0125,0.0,0.0,0.22336667897347562
28,rolling,40,False,local_exact,0.22336667897347562,0.5093748064663395,3.54600539368776,0.0125,0.0,0.0,0.22336667897347562
28,local_greedy,40,False,local_greedy,0.27077778948710474,0.5290102360981066,9.470311616531013,0.046875,0.0,0.0,0.27077778948710474
28,hindsight_oracle,40,False,local_greedy,0.22336667897347562,0.5093748064663395,3.54600539368776,0.0125,0.0,0.0,0.22336667897347562
29,capo_cert,40,True,local_exact,0.16231431376705954,0.2103076081003871,4.197472809812851,0.0125,0.0,0.0,0.16231431376705954
29,expected_loss,40,False,local_exact,0.16231431376705954,0.2103076081003871,4.197472809812851,0.0125,0.0,0.0,0.16231431376705954
29,empirical_chance,40,False,local_exact,0.16231431376705954,0.2103076081003871,4.197472809812851,0.0125,0.0,0.0,0.16231431376705954
29,rolling,40,False,local_exact,0.16231431376705954,0.2103076081003871,4.197472809812851,0.0125,0.0,0.0,0.16231431376705954
29,local_greedy,40,False,local_greedy,0.1834083424810396,0.21823496108080484,2.419679147363074,0.0125,0.0,0.0,0.1834083424810396
29,hindsight_oracle,40,False,local_greedy,0.16231431376705954,0.2103076081003871,4.197472809812851,0.0125,0.0,0.0,0.16231431376705954
30,capo_cert,40,True,local_exact,0.2722029456416199,1.017054869809296,28.77601600978334,0.00625,0.0,0.0,0.2722029456416199
30,expected_loss,40,False,local_exact,0.2722029456416199,1.017054869809296,28.77601600978334,0.00625,0.0,0.0,0.2722029456416199
30,empirical_chance,40,False,local_exact,0.2722029456416199,1.017054869809296,28.77601600978334,0.00625,0.0,0.0,0.2722029456416199
30,rolling,40,False,local_exact,0.2722029456416199,1.017054869809296,28.77601600978334,0.00625,0.0,0.0,0.2722029456416199
30,local_greedy,40,False,local_greedy,0.27266196363023587,1.0138740480690813,28.77601600978334,0.00625,0.0,0.0,0.27266196363023587
30,hindsight_oracle,40,False,local_greedy,0.2722029456416199,1.017054869809296,28.77601600978334,0.00625,0.0,0.0,0.2722029456416199
31,capo_cert,40,True,local_exact,0.3512682544566691,1.7664484926653081,76.48857775069985,0.00625,0.0,0.0,0.3512682544566691
31,expected_loss,40,False,local_exact,0.3512682544566691,1.7664484926653081,76.48857775069985,0.00625,0.0,0.0,0.3512682544566691
31,empirical_chance,40,False,local_exact,0.3512682544566691,1.7664484926653081,76.48857775069985,0.00625,0.0,0.0,0.3512682544566691
31,rolling,40,False,local_exact,0.3512682544566691,1.7664484926653081,76.48857775069985,0.00625,0.0,0.0,0.3512682544566691
31,local_greedy,40,False,local_greedy,0.3681370056405668,1.7869333072652018,84.27841498869009,0.00625,0.0,0.0,0.3681370056405668
31,hindsight_oracle,40,False,local_greedy,0.3512682544566691,1.7664484926653081,76.48857775069985,0.00625,0.0,0.0,0.3512682544566691
32,capo_cert,40,True,local_exact,0.3156470290588011,1.3966205973015735,42.46160868207414,0.05,0.0,0.0,0.3156470290588011
32,expected_loss,40,False,local_exact,0.3156470290588011,1.3966205973015735,42.46160868207414,0.05,0.0,0.0,0.3156470290588011
32,empirical_chance,40,False,local_exact,0.3156470290588011,1.3966205973015735,42.46160868207414,0.05,0.0,0.0,0.3156470290588011
32,rolling,40,False,local_exact,0.3156470290588011,1.3966205973015735,42.46160868207414,0.05,0.0,0.0,0.3156470290588011
32,local_greedy,40,False,local_greedy,0.3219622284613309,1.3703065483034427,47.28867734981421,0.01875,0.0,0.0,0.3219622284613309
32,hindsight_oracle,40,False,local_greedy,0.3156470290588011,1.3966205973015735,42.46160868207414,0.05,0.0,0.0,0.3156470290588011
33,capo_cert,40,True,local_exact,0.3472869698509859,1.4619543567630233,67.9707512950395,0.0125,0.0,0.0,0.3472869698509859
33,expected_loss,40,False,local_exact,0.3472869698509859,1.4619543567630233,67.9707512950395,0.0125,0.0,0.0,0.3472869698509859
33,empirical_chance,40,False,local_exact,0.3472869698509859,1.4619543567630233,67.9707512950395,0.0125,0.0,0.0,0.3472869698509859
33,rolling,40,False,local_exact,0.3472869698509859,1.4619543567630233,67.9707512950395,0.0125,0.0,0.0,0.3472869698509859
33,local_greedy,40,False,local_greedy,0.3559847520016028,1.472776676120363,70.32397535335127,0.00625,0.0,0.0,0.3559847520016028
33,hindsight_oracle,40,False,local_greedy,0.3472869698509859,1.4619543567630233,67.9707512950395,0.0125,0.0,0.0,0.3472869698509859
34,capo_cert,40,True,local_exact,0.3239700186668237,1.2612465125981847,57.08510762834424,0.009375,0.0,0.0,0.3239700186668237
34,expected_loss,40,False,local_exact,0.3239700186668237,1.2612465125981847,57.08510762834424,0.009375,0.0,0.0,0.3239700186668237
34,empirical_chance,40,False,local_exact,0.3239700186668237,1.2612465125981847,57.08510762834424,0.009375,0.0,0.0,0.3239700186668237
34,rolling,40,False,local_exact,0.3239700186668237,1.2612465125981847,57.08510762834424,0.009375,0.0,0.0,0.3239700186668237
34,local_greedy,40,False,local_greedy,0.32473497207651175,1.26045929832914,56.97111045710082,0.009375,0.0,0.0,0.32473497207651175
34,hindsight_oracle,40,False,local_greedy,0.3239700186668237,1.2612465125981847,57.08510762834424,0.009375,0.0,0.0,0.3239700186668237
35,capo_cert,40,True,local_exact,0.20940573734876783,0.5393942423358473,3.4230747075859247,0.01875,0.0,0.0,0.20940573734876783
35,expected_loss,40,False,local_exact,0.20940573734876783,0.5393942423358473,3.4230747075859247,0.01875,0.0,0.0,0.20940573734876783
35,empirical_chance,40,False,local_exact,0.20940573734876783,0.5393942423358473,3.4230747075859247,0.01875,0.0,0.0,0.20940573734876783
35,rolling,40,False,local_exact,0.20940573734876783,0.5393942423358473,3.4230747075859247,0.01875,0.0,0.0,0.20940573734876783
35,local_greedy,40,False,local_greedy,0.22111059855336648,0.5113183372663372,4.92763045777289,0.00625,0.0,0.0,0.22111059855336648
35,hindsight_oracle,40,False,local_greedy,0.20940573734876783,0.5393942423358473,3.4230747075859247,0.01875,0.0,0.0,0.20940573734876783
36,capo_cert,40,True,local_exact,0.29884084419115575,1.421640055667866,37.25365179747605,0.04375,0.0,0.0,0.29884084419115575
36,expected_loss,40,False,local_exact,0.29884084419115575,1.421640055667866,37.25365179747605,0.04375,0.0,0.0,0.29884084419115575
36,empirical_chance,40,False,local_exact,0.29884084419115575,1.421640055667866,37.25365179747605,0.04375,0.0,0.0,0.29884084419115575
36,rolling,40,False,local_exact,0.29884084419115575,1.421640055667866,37.25365179747605,0.04375,0.0,0.0,0.29884084419115575
36,local_greedy,40,False,local_greedy,0.3076518917991699,1.3945964691286292,39.521269298578815,0.025,0.0,0.0,0.3076518917991699
36,hindsight_oracle,40,False,local_greedy,0.29884084419115575,1.421640055667866,37.25365179747605,0.04375,0.0,0.0,0.29884084419115575
37,capo_cert,40,True,local_exact,0.35493142105324826,1.6178730529676222,79.0950836272566,0.0125,0.0,0.0,0.35493142105324826
37,expected_loss,40,False,local_exact,0.35493142105324826,1.6178730529676222,79.0950836272566,0.0125,0.0,0.0,0.35493142105324826
37,empirical_chance,40,False,local_exact,0.35493142105324826,1.6178730529676222,79.0950836272566,0.0125,0.0,0.0,0.35493142105324826
37,rolling,40,False,local_exact,0.35493142105324826,1.6178730529676222,79.0950836272566,0.0125,0.0,0.0,0.35493142105324826
37,local_greedy,40,False,local_greedy,0.3677633188548482,1.627432643115879,80.79426119001361,0.00625,0.0,0.0,0.3677633188548482
37,hindsight_oracle,40,False,local_greedy,0.35493142105324826,1.6178730529676222,79.0950836272566,0.0125,0.0,0.0,0.35493142105324826
38,capo_cert,40,True,local_exact,0.23598199221889113,0.6847645211480071,11.715704809760933,0.0,0.0,0.0,0.23598199221889113
38,expected_loss,40,False,local_exact,0.23598199221889113,0.6847645211480071,11.715704809760933,0.0,0.0,0.0,0.23598199221889113
38,empirical_chance,40,False,local_exact,0.23598199221889113,0.6847645211480071,11.715704809760933,0.0,0.0,0.0,0.23598199221889113
38,rolling,40,False,local_exact,0.23598199221889113,0.6847645211480071,11.715704809760933,0.0,0.0,0.0,0.23598199221889113
38,local_greedy,40,False,local_greedy,0.23598199221889113,0.6847645211480071,11.715704809760933,0.0,0.0,0.0,0.23598199221889113
38,hindsight_oracle,40,False,local_greedy,0.23598199221889113,0.6847645211480071,11.715704809760933,0.0,0.0,0.0,0.23598199221889113
39,capo_cert,40,True,local_exact,0.32323506460373663,1.1136990173493624,38.54500726601664,0.01875,0.0,0.0,0.32323506460373663
39,expected_loss,40,False,local_exact,0.32323506460373663,1.1136990173493624,38.54500726601664,0.01875,0.0,0.0,0.32323506460373663
39,empirical_chance,40,False,local_exact,0.32323506460373663,1.1136990173493624,38.54500726601664,0.01875,0.0,0.0,0.32323506460373663
39,rolling,40,False,local_exact,0.32323506460373663,1.1136990173493624,38.54500726601664,0.01875,0.0,0.0,0.32323506460373663
39,local_greedy,40,False,local_greedy,0.3271158667440656,1.2942873419438505,41.18410450368113,0.0125,0.0,0.0,0.3271158667440656
39,hindsight_oracle,40,False,local_greedy,0.32323506460373663,1.1136990173493624,38.54500726601664,0.01875,0.0,0.0,0.32323506460373663
40,capo_cert,40,True,local_exact,0.2790376578485443,1.0742502876502704,16.579817994623895,0.00625,0.0,0.0,0.2790376578485443
40,expected_loss,40,False,local_exact,0.2790376578485443,1.0742502876502704,16.579817994623895,0.00625,0.0,0.0,0.2790376578485443
40,empirical_chance,40,False,local_exact,0.2790376578485443,1.0742502876502704,16.579817994623895,0.00625,0.0,0.0,0.2790376578485443
40,rolling,40,False,local_exact,0.2790376578485443,1.0742502876502704,16.579817994623895,0.00625,0.0,0.0,0.2790376578485443
40,local_greedy,40,False,local_greedy,0.31061488111355134,1.073671668584508,25.07166225977092,0.00625,0.0,0.0,0.31061488111355134
40,hindsight_oracle,40,False,local_greedy,0.2790376578485443,1.0742502876502704,16.579817994623895,0.00625,0.0,0.0,0.2790376578485443
41,capo_cert,40,True,local_exact,0.29964202346926117,1.2690307737675732,32.37009736772019,0.00625,0.0,0.0,0.29964202346926117
41,expected_loss,40,False,local_exact,0.29964202346926117,1.2690307737675732,32.37009736772019,0.00625,0.0,0.0,0.29964202346926117
41,empirical_chance,40,False,local_exact,0.29964202346926117,1.2690307737675732,32.37009736772019,0.00625,0.0,0.0,0.29964202346926117
41,rolling,40,False,local_exact,0.29964202346926117,1.2690307737675732,32.37009736772019,0.00625,0.0,0.0,0.29964202346926117
41,local_greedy,40,False,local_greedy,0.3010470316487396,1.2835885131595322,32.37009736772019,0.00625,0.0,0.0,0.3010470316487396
41,hindsight_oracle,40,False,local_greedy,0.29964202346926117,1.2690307737675732,32.37009736772019,0.00625,0.0,0.0,0.29964202346926117
42,capo_cert,40,True,local_exact,0.29110202118926254,1.2220810230079593,38.532077562154136,0.0125,0.0,0.0,0.29110202118926254
42,expected_loss,40,False,local_exact,0.29110202118926254,1.2220810230079593,38.532077562154136,0.0125,0.0,0.0,0.29110202118926254
42,empirical_chance,40,False,local_exact,0.29110202118926254,1.2220810230079593,38.532077562154136,0.0125,0.0,0.0,0.29110202118926254
42,rolling,40,False,local_exact,0.29110202118926254,1.2220810230079593,38.532077562154136,0.0125,0.0,0.0,0.29110202118926254
42,local_greedy,40,False,local_greedy,0.3253995364562732,1.257270044925543,49.37431451588304,0.003125,0.0,0.0,0.3253995364562732
42,hindsight_oracle,40,False,local_greedy,0.29110202118926254,1.2220810230079593,38.532077562154136,0.0125,0.0,0.0,0.29110202118926254
43,capo_cert,40,True,local_exact,0.25992093049544,0.8464538172573495,16.79761529725829,0.025,0.0,0.0,0.25992093049544
43,expected_loss,40,False,local_exact,0.25992093049544,0.8464538172573495,16.79761529725829,0.025,0.0,0.0,0.25992093049544
43,empirical_chance,40,False,local_exact,0.25992093049544,0.8464538172573495,16.79761529725829,0.025,0.0,0.0,0.25992093049544
43,rolling,40,False,local_exact,0.25992093049544,0.8464538172573495,16.79761529725829,0.025,0.0,0.0,0.25992093049544
43,local_greedy,40,False,local_greedy,0.26965847347532446,0.9183808319252542,18.27315384935816,0.01875,0.0,0.0,0.26965847347532446
43,hindsight_oracle,40,False,local_greedy,0.25992093049544,0.8464538172573495,16.79761529725829,0.025,0.0,0.0,0.25992093049544
44,capo_cert,40,True,local_exact,0.30722482037443866,0.9329273167935952,21.8553646326674,0.0125,0.0,0.0,0.30722482037443866
44,expected_loss,40,False,local_exact,0.30722482037443866,0.9329273167935952,21.8553646326674,0.0125,0.0,0.0,0.30722482037443866
44,empirical_chance,40,False,local_exact,0.30722482037443866,0.9329273167935952,21.8553646326674,0.0125,0.0,0.0,0.30722482037443866
44,rolling,40,False,local_exact,0.30722482037443866,0.9329273167935952,21.8553646326674,0.0125,0.0,0.0,0.30722482037443866
44,local_greedy,40,False,local_greedy,0.3343677736043397,0.9252127774221034,19.166846219074625,0.0125,0.0,0.0,0.3343677736043397
44,hindsight_oracle,40,False,local_greedy,0.30722482037443866,0.9329273167935952,21.8553646326674,0.0125,0.0,0.0,0.30722482037443866
45,capo_cert,40,True,local_exact,0.3468217401567861,1.5268794861720985,67.61301697148293,0.015625,0.0,0.0,0.3468217401567861
45,expected_loss,40,False,local_exact,0.3468217401567861,1.5268794861720985,67.61301697148293,0.015625,0.0,0.0,0.3468217401567861
45,empirical_chance,40,False,local_exact,0.3468217401567861,1.5268794861720985,67.61301697148293,0.015625,0.0,0.0,0.3468217401567861
45,rolling,40,False,local_exact,0.3468217401567861,1.5268794861720985,67.61301697148293,0.015625,0.0,0.0,0.3468217401567861
45,local_greedy,40,False,local_greedy,0.35394498159804266,1.5642335146950463,72.60867928710235,0.0125,0.0,0.0,0.35394498159804266
45,hindsight_oracle,40,False,local_greedy,0.3468217401567861,1.5268794861720985,67.61301697148293,0.015625,0.0,0.0,0.3468217401567861
46,capo_cert,40,True,local_exact,0.3113257213499894,0.9932728050706675,26.792536329759354,0.003125,0.0,0.0,0.3113257213499894
46,expected_loss,40,False,local_exact,0.3113257213499894,0.9932728050706675,26.792536329759354,0.003125,0.0,0.0,0.3113257213499894
46,empirical_chance,40,False,local_exact,0.3113257213499894,0.9932728050706675,26.792536329759354,0.003125,0.0,0.0,0.3113257213499894
46,rolling,40,False,local_exact,0.3113257213499894,0.9932728050706675,26.792536329759354,0.003125,0.0,0.0,0.3113257213499894
46,local_greedy,40,False,local_greedy,0.3113257213499894,0.9932728050706675,26.792536329759354,0.003125,0.0,0.0,0.3113257213499894
46,hindsight_oracle,40,False,local_greedy,0.3113257213499894,0.9932728050706675,26.792536329759354,0.003125,0.0,0.0,0.3113257213499894
47,capo_cert,40,True,local_exact,0.2947867582093725,1.0960890668291392,18.120082007213732,0.0125,0.0,0.0,0.2947867582093725
47,expected_loss,40,False,local_exact,0.2947867582093725,1.0960890668291392,18.120082007213732,0.0125,0.0,0.0,0.2947867582093725
47,empirical_chance,40,False,local_exact,0.2947867582093725,1.0960890668291392,18.120082007213732,0.0125,0.0,0.0,0.2947867582093725
47,rolling,40,False,local_exact,0.2947867582093725,1.0960890668291392,18.120082007213732,0.0125,0.0,0.0,0.2947867582093725
47,local_greedy,40,False,local_greedy,0.32016964535991893,1.2555819988913721,24.363689226799252,0.00625,0.0,0.0,0.32016964535991893
47,hindsight_oracle,40,False,local_greedy,0.2947867582093725,1.0960890668291392,18.120082007213732,0.0125,0.0,0.0,0.2947867582093725
